WallSize_sqft,PricePerSqft_LKR,Location,PaintBrand,PaintGrade
142,76,wood,Nippon Water Base,Premium
237,50,wood,Nippolac Water Based,Economy
219,85,outdoor,Nippon Flex 100,Standard
122,119,floor,Robbialac,Premium
367,41,indoor,Dulux,Economy
421,76,outdoor,Multilac Nano Shield 900,Standard
371,71,outdoor,Dulux Weathershield,Economy
310,60,indoor,JAT,Standard
391,76,outdoor,Dulux Aquatech,Standard
122,65,indoor,Robbialac,Premium
138,104,floor,Nippon Epoxy,Premium
117,99,outdoor,Nippon Durafresh,Premium
307,77,wood,Nippon Water Base,Premium
359,114,floor,Nippon Water Based,Premium
291,98,floor,Nippon Floor Paint,Standard
103,68,wood,Nippon Water Base,Standard
232,98,outdoor,Causeway Weatherproof,Premium
169,104,floor,Robbialac,Premium
516,76,wood,Robbialac Water Base,Premium
422,108,floor,Causeway,Premium
203,79,wood,JAT Water Base,Premium
99,82,outdoor,Nippon Durafresh,Standard
249,83,floor,Robbialac,Economy
85,73,wood,Nippon Water Base,Premium
287,59,indoor,Asian Paints Causeway,Standard
442,67,indoor,Dulux,Premium
180,85,floor,Robbialac,Economy
196,56,wood,Robbialac Water Base,Economy
348,68,outdoor,Multilac Weather Guard,Economy
384,75,outdoor,Dulux Weathershield,Economy
358,74,wood,Nippon Water Base,Premium
302,87,floor,Nippon Water Based,Standard
385,101,floor,Causeway,Premium
200,78,outdoor,WAPP Waterproofing Paint,Standard
361,51,wood,Dulux Water Base,Economy
233,92,outdoor,Nippon Atom 2 in 1,Premium
463,79,outdoor,WAPP Waterproofing Paint,Standard
317,67,indoor,Robbialac,Premium
268,59,indoor,Robbialac,Standard
363,75,wood,Robbialac Water Base,Premium
564,82,outdoor,Dulux Superkote,Standard
309,56,indoor,Robbialac,Standard
213,75,floor,Lankem Robbialac,Economy
371,40,indoor,JAT,Economy
356,78,wood,Dulux Water Base,Premium
453,99,floor,Dulux QD Floor Paints,Standard
438,120,floor,Lankem Robbialac,Premium
420,70,wood,Robbialac Water Base,Standard
599,77,outdoor,Dulux Weathershield,Standard
115,120,floor,Causeway,Premium
102,75,floor,Nippon Water Based,Economy
355,71,floor,Nippon Water Based,Economy
193,82,outdoor,MULTILAC 3IN1,Standard
505,101,floor,Lankem Robbialac,Premium
155,50,indoor,Robbialac,Economy
507,43,indoor,Robbialac,Economy
600,92,floor,Lankem Robbialac,Standard
457,79,outdoor,Nippon Atom 2 in 1,Standard
82,106,floor,Lankem Robbialac,Premium
441,72,wood,Nippolac Water Based,Premium
410,99,floor,Nippon Epoxy,Standard
570,81,outdoor,Nippon Flex 400 H/D Elastomeric,Standard
586,90,floor,Nippon Epoxy,Standard
232,67,indoor,Dulux,Premium
526,57,wood,Dulux Water Base,Economy
87,69,indoor,Asian Paints Causeway,Premium
345,81,floor,Dulux QD Floor Paints,Economy
139,113,floor,Robbialac,Premium
173,67,indoor,Dulux,Premium
265,60,indoor,Multilac,Standard
408,68,outdoor,Nippon Atom 2 in 1,Economy
374,78,wood,Dulux Water Base,Premium
526,62,wood,Nippon Water Base,Standard
488,66,outdoor,Causeway SmartCare Aqua Safe,Economy
306,96,floor,Nippon Water Based,Standard
505,58,indoor,Asian Paints Causeway,Standard
542,43,indoor,Multilac,Economy
123,78,outdoor,Nippon Durafresh,Standard
412,58,indoor,Multilac,Standard
445,54,wood,JAT Water Base,Economy
348,72,wood,Robbialac Water Base,Premium
409,66,wood,Dulux Water Base,Standard
160,69,outdoor,Multilac Nano Sealer 700,Economy
472,57,wood,Nippon Water Base,Economy
551,67,outdoor,Multilac Ultra Flex 1000,Economy
361,59,wood,Nippolac Water Based,Economy
470,65,wood,JAT Water Base,Standard
352,43,indoor,Asian Paints Causeway,Economy
416,69,indoor,Robbialac,Premium
216,50,wood,Dulux Water Base,Economy
424,64,wood,Robbialac Water Base,Standard
217,57,indoor,JAT,Standard
346,70,outdoor,Nippolac Weatherproof,Economy
106,88,outdoor,Dulux Superkote,Premium
480,76,floor,Causeway,Economy
593,94,floor,Nippon Water Based,Standard
595,99,outdoor,MULTILAC MULTI PROTECTO,Premium
274,53,wood,JAT Water Base,Economy
410,53,wood,Nippon Water Base,Economy
433,76,outdoor,WAPP Waterproofing Paint,Standard
241,69,outdoor,WAPP Waterproofing Paint,Economy
139,50,wood,Dulux Water Base,Economy
277,103,floor,Dulux QD Floor Paints,Premium
580,52,indoor,JAT,Standard
397,93,outdoor,Causeway Weatherproof,Premium
303,70,indoor,Dulux,Premium
307,100,floor,Nippon Epoxy,Standard
251,87,floor,Lankem Robbialac,Standard
254,73,outdoor,Nippon Flex 100,Economy
564,60,wood,Dulux Water Base,Economy
535,52,wood,Nippon Water Base,Economy
552,55,wood,JAT Water Base,Economy
184,41,indoor,JAT,Economy
162,79,wood,Dulux Water Base,Premium
115,63,wood,Robbialac Water Base,Standard
457,50,indoor,Asian Paints Causeway,Economy
380,70,floor,Nippon Floor Wax Polish,Economy
346,91,floor,Robbialac,Standard
588,79,outdoor,Multilac Weather Guard,Standard
581,79,wood,Robbialac Water Base,Premium
423,62,indoor,Nippon,Premium
458,120,floor,Nippon Water Based,Premium
554,46,indoor,Dulux,Economy
425,68,wood,Robbialac Water Base,Standard
84,52,indoor,Asian Paints Causeway,Standard
405,86,floor,Nippon Water Based,Standard
577,97,floor,Lankem Robbialac,Standard
303,74,floor,Nippon Floor Paint,Economy
259,43,indoor,JAT,Economy
391,95,outdoor,Dulux Superkote,Premium
417,48,indoor,Asian Paints Causeway,Economy
368,72,outdoor,Multilac Nano Shield 900,Economy
91,57,indoor,Multilac,Standard
101,72,wood,Nippolac Water Based,Premium
199,61,wood,JAT Water Base,Standard
229,63,wood,Nippon Water Base,Standard
509,67,outdoor,MULTILAC MULTI PROTECTO,Economy
560,111,floor,Robbialac,Premium
157,72,floor,Dulux QD Floor Paints,Economy
343,91,outdoor,MULTILAC 3IN1,Premium
156,98,outdoor,Multilac Nano Sealer 700,Premium
281,97,outdoor,Nippon Flex 100,Premium
150,68,indoor,Dulux,Premium
329,57,indoor,Robbialac,Standard
467,55,indoor,Dulux,Standard
177,73,outdoor,Multilac Nano Shield 900,Economy
411,80,wood,Robbialac Water Base,Premium
299,48,indoor,Dulux,Economy
151,78,floor,Nippon Floor Wax Polish,Economy
173,93,outdoor,Dulux Weathershield,Premium
451,54,indoor,Multilac,Standard
405,40,indoor,Robbialac,Economy
448,73,wood,Nippon Water Base,Premium
381,74,outdoor,MULTILAC 3IN1,Economy
161,76,outdoor,MULTILAC 3IN1,Standard
578,97,outdoor,Dulux Superkote,Premium
599,83,outdoor,Dulux Aquatech,Standard
584,100,outdoor,Causeway SmartCare Aqua Safe,Premium
551,70,indoor,Asian Paints Causeway,Premium
390,80,outdoor,Multilac Nano Shield 900,Standard
191,46,indoor,JAT,Economy
421,89,outdoor,MULTILAC MULTI PROTECTO,Premium
388,50,wood,Nippolac Water Based,Economy
557,111,floor,Nippon Floor Paint,Premium
215,99,outdoor,Dulux Aquatech,Premium
456,118,floor,Nippon Floor Wax Polish,Premium
107,73,wood,JAT Water Base,Premium
139,41,indoor,Multilac,Economy
127,44,indoor,Robbialac,Economy
291,55,wood,Nippolac Water Based,Economy
177,44,indoor,JAT,Economy
201,46,indoor,Robbialac,Economy
184,94,floor,Nippon Floor Wax Polish,Standard
242,96,outdoor,Multilac Weather Guard,Premium
538,108,floor,Nippon Epoxy,Premium
416,120,floor,Nippon Floor Wax Polish,Premium
164,89,floor,Causeway,Standard
138,97,floor,Nippon Epoxy,Standard
438,69,indoor,Nippon,Premium
587,67,outdoor,Nippon Flex 100,Economy
176,100,outdoor,Multilac Ultra Flex 1000,Premium
311,67,wood,Dulux Water Base,Standard
528,89,floor,Robbialac,Standard
142,96,outdoor,Nippon Flex 400 H/D Elastomeric,Premium
530,72,wood,Nippon Water Base,Premium
399,77,floor,Nippon Water Based,Economy
182,88,outdoor,WAPP Waterproofing Paint,Premium
475,120,floor,Dulux QD Floor Paints,Premium
321,77,wood,Nippon Water Base,Premium
344,91,floor,Robbialac,Standard
391,72,floor,Nippon Water Based,Economy
131,107,floor,Lankem Robbialac,Premium
232,118,floor,Nippon Epoxy,Premium
283,46,indoor,JAT,Economy
452,108,floor,Nippon Epoxy,Premium
505,94,floor,Causeway,Standard
139,60,wood,Robbialac Water Base,Economy
116,81,floor,Causeway,Economy
286,70,indoor,Robbialac,Premium
132,67,outdoor,Causeway SmartCare Aqua Safe,Economy
121,106,floor,Nippon Epoxy,Premium
387,77,wood,Robbialac Water Base,Premium
476,92,floor,Nippon Floor Paint,Standard
228,80,floor,Dulux QD Floor Paints,Economy
95,55,wood,Nippolac Water Based,Economy
153,75,floor,Causeway,Economy
455,47,indoor,JAT,Economy
319,78,floor,Causeway,Economy
210,78,outdoor,Nippon Flex 100,Standard
297,64,wood,Nippon Water Base,Standard
108,61,wood,JAT Water Base,Standard
494,45,indoor,Asian Paints Causeway,Economy
81,43,indoor,Dulux,Economy
434,66,indoor,Robbialac,Premium
365,50,indoor,Dulux,Economy
524,66,outdoor,Multilac Nano Sealer 700,Economy
167,52,indoor,Robbialac,Standard
523,104,floor,Lankem Robbialac,Premium
583,73,floor,Nippon Water Based,Economy
217,116,floor,Dulux QD Floor Paints,Premium
269,62,indoor,JAT,Premium
334,66,indoor,Asian Paints Causeway,Premium
248,69,outdoor,MULTILAC MULTI PROTECTO,Economy
130,51,wood,Dulux Water Base,Economy
254,45,indoor,Robbialac,Economy
497,58,wood,Nippon Water Base,Economy
329,56,indoor,Robbialac,Standard
139,74,outdoor,Nippon Atom 2 in 1,Economy
123,72,outdoor,Causeway Weatherproof,Economy
365,68,wood,JAT Water Base,Standard
150,74,outdoor,Multilac Ultra Flex 1000,Economy
357,119,floor,Nippon Epoxy,Premium
289,103,floor,Nippon Floor Paint,Premium
379,63,wood,Robbialac Water Base,Standard
565,63,wood,Nippon Water Base,Standard
115,77,wood,Dulux Water Base,Premium
194,52,wood,Nippolac Water Based,Economy
549,73,outdoor,Nippon Flex 400 H/D Elastomeric,Economy
228,72,outdoor,Dulux Weathershield,Economy
357,90,floor,Nippon Floor Paint,Standard
84,80,floor,Nippon Water Based,Economy
205,66,wood,Dulux Water Base,Standard
551,75,outdoor,Nippon Atom 2 in 1,Economy
420,85,outdoor,Nippon Flex 100,Standard
596,85,outdoor,MULTILAC MULTI PROTECTO,Standard
472,87,floor,Dulux QD Floor Paints,Standard
192,75,floor,Lankem Robbialac,Economy
513,48,indoor,Asian Paints Causeway,Economy
107,71,outdoor,Multilac Ultra Flex 1000,Economy
111,104,floor,Causeway,Premium
287,105,floor,Dulux QD Floor Paints,Premium
296,42,indoor,Nippon,Economy
433,64,wood,JAT Water Base,Standard
362,64,wood,Robbialac Water Base,Standard
224,65,wood,JAT Water Base,Standard
220,58,indoor,Multilac,Standard
521,88,floor,Nippon Floor Wax Polish,Standard
532,68,indoor,Robbialac,Premium
261,66,indoor,JAT,Premium
311,65,indoor,Nippon,Premium
309,63,indoor,Multilac,Premium
145,46,indoor,Asian Paints Causeway,Economy
102,115,floor,Causeway,Premium
295,45,indoor,Nippon,Economy
259,71,floor,Dulux QD Floor Paints,Economy
159,117,floor,Nippon Floor Wax Polish,Premium
585,65,wood,Robbialac Water Base,Standard
478,69,indoor,Asian Paints Causeway,Premium
523,52,indoor,Nippon,Standard
225,47,indoor,Robbialac,Economy
400,75,wood,Nippon Water Base,Premium
96,56,wood,Nippolac Water Based,Economy
385,72,floor,Nippon Floor Paint,Economy
238,67,outdoor,Dulux Aquatech,Economy
263,41,indoor,Nippon,Economy
363,109,floor,Dulux QD Floor Paints,Premium
167,92,floor,Nippon Epoxy,Standard
185,69,wood,JAT Water Base,Standard
348,72,wood,Robbialac Water Base,Premium
478,63,wood,Dulux Water Base,Standard
510,53,wood,Robbialac Water Base,Economy
532,62,indoor,Robbialac,Premium
119,71,outdoor,Nippolac Weatherproof,Economy
425,65,indoor,Asian Paints Causeway,Premium
109,56,indoor,Asian Paints Causeway,Standard
436,72,floor,Causeway,Economy
364,99,floor,Dulux QD Floor Paints,Standard
80,83,floor,Lankem Robbialac,Economy
491,71,wood,Dulux Water Base,Premium
420,55,indoor,Dulux,Standard
600,61,indoor,JAT,Premium
122,52,indoor,Nippon,Standard
319,58,indoor,JAT,Standard
342,64,indoor,Nippon,Premium
131,60,wood,Robbialac Water Base,Economy
95,63,wood,Dulux Water Base,Standard
373,72,wood,Nippolac Water Based,Premium
504,69,outdoor,Nippon Flex 100,Economy
390,59,indoor,Dulux,Standard
481,64,indoor,Robbialac,Premium
113,41,indoor,Dulux,Economy
343,52,indoor,Multilac,Standard
546,59,indoor,Robbialac,Standard
177,55,indoor,Multilac,Standard
196,61,wood,Nippolac Water Based,Standard
149,65,indoor,Multilac,Premium
367,78,wood,Dulux Water Base,Premium
307,76,floor,Nippon Epoxy,Economy
473,48,indoor,Dulux,Economy
524,77,wood,Dulux Water Base,Premium
243,60,wood,Nippolac Water Based,Economy
554,83,floor,Nippon Floor Paint,Economy
356,71,wood,Nippon Water Base,Premium
116,95,outdoor,Multilac Nano Shield 900,Premium
213,69,outdoor,Causeway SmartCare Aqua Safe,Economy
440,102,floor,Dulux QD Floor Paints,Premium
336,56,wood,Dulux Water Base,Economy
458,45,indoor,Dulux,Economy
225,74,wood,Nippon Water Base,Premium
281,59,indoor,Dulux,Standard
163,41,indoor,Dulux,Economy
220,90,outdoor,Nippolac Weatherproof,Premium
110,81,outdoor,Nippon Atom 2 in 1,Standard
292,81,outdoor,MULTILAC MULTI PROTECTO,Standard
143,109,floor,Lankem Robbialac,Premium
161,99,floor,Nippon Epoxy,Standard
182,83,floor,Lankem Robbialac,Economy
315,54,indoor,Multilac,Standard
304,97,outdoor,Dulux Superkote,Premium
508,48,indoor,Dulux,Economy
457,82,outdoor,Dulux Superkote,Standard
510,99,floor,Nippon Floor Wax Polish,Standard
359,72,wood,JAT Water Base,Premium
349,62,indoor,Asian Paints Causeway,Premium
534,110,floor,Causeway,Premium
382,95,floor,Nippon Water Based,Standard
566,69,outdoor,Causeway SmartCare Aqua Safe,Economy
101,102,floor,Nippon Floor Wax Polish,Premium
262,80,outdoor,Causeway Weatherproof,Standard
391,66,wood,JAT Water Base,Standard
290,79,wood,Nippon Water Base,Premium
282,88,outdoor,Nippon Durafresh,Premium
492,50,wood,Nippon Water Base,Economy
392,99,outdoor,Multilac Weather Guard,Premium
264,48,indoor,Robbialac,Economy
562,54,indoor,Robbialac,Standard
148,78,floor,Lankem Robbialac,Economy
591,88,floor,Nippon Floor Wax Polish,Standard
548,49,indoor,Dulux,Economy
322,88,outdoor,Nippolac Weatherproof,Premium
278,95,outdoor,MULTILAC 3IN1,Premium
587,72,floor,Dulux QD Floor Paints,Economy
595,55,indoor,Robbialac,Standard
107,70,outdoor,Nippon Flex 400 H/D Elastomeric,Economy
389,45,indoor,Robbialac,Economy
292,59,indoor,Nippon,Standard
237,116,floor,Robbialac,Premium
119,77,outdoor,Causeway SmartCare Aqua Safe,Standard
348,81,outdoor,Dulux Weathershield,Standard
432,78,outdoor,MULTILAC MULTI PROTECTO,Standard
168,59,indoor,JAT,Standard
290,84,outdoor,JAT Exterior,Standard
337,73,wood,Nippolac Water Based,Premium
287,81,floor,Dulux QD Floor Paints,Economy
451,56,indoor,Nippon,Standard
159,75,floor,Dulux QD Floor Paints,Economy
336,56,indoor,Nippon,Standard
138,62,indoor,Robbialac,Premium
195,79,wood,Dulux Water Base,Premium
186,117,floor,Lankem Robbialac,Premium
556,62,wood,Nippon Water Base,Standard
88,55,indoor,Multilac,Standard
218,52,indoor,Multilac,Standard
386,120,floor,Lankem Robbialac,Premium
402,41,indoor,Nippon,Economy
580,41,indoor,Asian Paints Causeway,Economy
414,62,wood,Robbialac Water Base,Standard
433,72,outdoor,Dulux Superkote,Economy
285,75,wood,Robbialac Water Base,Premium
438,83,outdoor,Multilac Nano Sealer 700,Standard
247,105,floor,Nippon Floor Paint,Premium
254,95,outdoor,Nippon Durafresh,Premium
445,73,wood,JAT Water Base,Premium
365,83,outdoor,WAPP Waterproofing Paint,Standard
276,93,outdoor,WAPP Waterproofing Paint,Premium
340,79,outdoor,MULTILAC MULTI PROTECTO,Standard
314,55,wood,Nippon Water Base,Economy
164,52,indoor,Asian Paints Causeway,Standard
548,57,indoor,Multilac,Standard
463,54,wood,Dulux Water Base,Economy
275,66,indoor,Robbialac,Premium
266,66,outdoor,Nippon Flex 100,Economy
452,74,outdoor,Dulux Superkote,Economy
561,120,floor,Nippon Floor Paint,Premium
344,70,floor,Robbialac,Economy
387,86,floor,Nippon Epoxy,Standard
563,111,floor,Causeway,Premium
426,53,wood,Nippolac Water Based,Economy
463,78,wood,Nippon Water Base,Premium
417,58,indoor,Robbialac,Standard
500,81,floor,Nippon Floor Paint,Economy
174,77,wood,JAT Water Base,Premium
198,54,wood,Nippon Water Base,Economy
315,90,outdoor,Nippon Flex 400 H/D Elastomeric,Premium
439,99,floor,Causeway,Standard
249,88,floor,Lankem Robbialac,Standard
287,100,outdoor,Dulux Weathershield,Premium
124,67,outdoor,MULTILAC MULTI PROTECTO,Economy
224,89,outdoor,JAT Exterior,Premium
588,54,indoor,Nippon,Standard
300,54,wood,Robbialac Water Base,Economy
209,70,wood,Nippon Water Base,Standard
439,120,floor,Dulux QD Floor Paints,Premium
235,53,indoor,Robbialac,Standard
532,52,wood,Nippon Water Base,Economy
424,60,indoor,Nippon,Standard
283,61,wood,Robbialac Water Base,Standard
404,70,indoor,Asian Paints Causeway,Premium
428,71,wood,JAT Water Base,Premium
143,85,floor,Nippon Floor Paint,Economy
294,66,wood,Robbialac Water Base,Standard
81,85,outdoor,WAPP Waterproofing Paint,Standard
212,55,indoor,Robbialac,Standard
190,56,wood,Dulux Water Base,Economy
201,90,floor,Nippon Water Based,Standard
414,109,floor,Lankem Robbialac,Premium
524,56,wood,Dulux Water Base,Economy
255,66,outdoor,Causeway SmartCare Aqua Safe,Economy
220,76,wood,Nippon Water Base,Premium
150,68,indoor,Asian Paints Causeway,Premium
262,67,wood,Dulux Water Base,Standard
376,92,floor,Dulux QD Floor Paints,Standard
581,56,wood,Dulux Water Base,Economy
94,76,outdoor,Causeway Weatherproof,Standard
581,52,wood,Dulux Water Base,Economy
477,88,floor,Nippon Water Based,Standard
564,59,wood,Nippon Water Base,Economy
386,68,indoor,Robbialac,Premium
251,80,wood,Robbialac Water Base,Premium
453,52,wood,Robbialac Water Base,Economy
140,52,wood,Nippolac Water Based,Economy
504,89,floor,Lankem Robbialac,Standard
169,70,floor,Nippon Floor Wax Polish,Economy
542,84,outdoor,Dulux Aquatech,Standard
402,73,wood,Nippolac Water Based,Premium
336,88,floor,Causeway,Standard
414,98,outdoor,Nippon Atom 2 in 1,Premium
256,62,indoor,Nippon,Premium
197,51,indoor,Asian Paints Causeway,Standard
361,50,indoor,Dulux,Economy
196,87,floor,Lankem Robbialac,Standard
117,60,indoor,JAT,Standard
461,69,indoor,Robbialac,Premium
459,66,indoor,Robbialac,Premium
181,67,indoor,Robbialac,Premium
209,63,indoor,Multilac,Premium
571,74,wood,Nippolac Water Based,Premium
231,43,indoor,Dulux,Economy
191,50,indoor,Nippon,Economy
443,72,floor,Lankem Robbialac,Economy
295,93,floor,Dulux QD Floor Paints,Standard
322,92,outdoor,Nippon Flex 100,Premium
221,53,indoor,Robbialac,Standard
352,110,floor,Dulux QD Floor Paints,Premium
484,67,outdoor,Nippon Atom 2 in 1,Economy
309,66,outdoor,Nippon Flex 400 H/D Elastomeric,Economy
90,57,indoor,Asian Paints Causeway,Standard
395,70,indoor,JAT,Premium
322,43,indoor,Multilac,Economy
387,46,indoor,Asian Paints Causeway,Economy
587,56,indoor,Robbialac,Standard
111,61,indoor,Dulux,Premium
133,40,indoor,Asian Paints Causeway,Economy
296,85,outdoor,Dulux Aquatech,Standard
387,97,outdoor,Nippon Flex 100,Premium
201,100,floor,Nippon Floor Wax Polish,Standard
206,82,floor,Lankem Robbialac,Economy
122,71,floor,Nippon Floor Paint,Economy
208,84,floor,Lankem Robbialac,Economy
188,73,outdoor,Multilac Ultra Flex 1000,Economy
562,97,floor,Nippon Floor Paint,Standard
192,66,indoor,Multilac,Premium
190,61,indoor,JAT,Premium
175,117,floor,Nippon Water Based,Premium
506,94,outdoor,Nippolac Weatherproof,Premium
436,85,outdoor,Dulux Aquatech,Standard
133,74,floor,Nippon Floor Wax Polish,Economy
183,53,indoor,Nippon,Standard
392,72,wood,Robbialac Water Base,Premium
408,56,indoor,Multilac,Standard
314,70,wood,Robbialac Water Base,Standard
129,84,floor,Causeway,Economy
426,67,outdoor,Causeway SmartCare Aqua Safe,Economy
527,82,outdoor,MULTILAC MULTI PROTECTO,Standard
445,69,indoor,Dulux,Premium
107,56,indoor,Asian Paints Causeway,Standard
544,98,floor,Robbialac,Standard
103,83,outdoor,JAT Exterior,Standard
222,69,indoor,Robbialac,Premium
498,81,outdoor,Dulux Weathershield,Standard
140,53,wood,JAT Water Base,Economy
253,95,floor,Robbialac,Standard
144,56,indoor,Dulux,Standard
448,58,wood,Nippon Water Base,Economy
168,72,outdoor,Nippon Flex 100,Economy
509,79,wood,Robbialac Water Base,Premium
244,72,floor,Dulux QD Floor Paints,Economy
227,58,indoor,Nippon,Standard
456,42,indoor,JAT,Economy
547,91,floor,Nippon Water Based,Standard
330,71,outdoor,Dulux Aquatech,Economy
478,97,outdoor,Dulux Weathershield,Premium
172,110,floor,Nippon Floor Paint,Premium
118,70,indoor,Multilac,Premium
162,99,outdoor,Nippon Atom 2 in 1,Premium
96,107,floor,Lankem Robbialac,Premium
524,60,wood,Nippon Water Base,Economy
228,63,indoor,Dulux,Premium
369,69,wood,Robbialac Water Base,Standard
218,80,outdoor,JAT Exterior,Standard
562,46,indoor,JAT,Economy
350,65,outdoor,Causeway Weatherproof,Economy
235,88,outdoor,Nippon Durafresh,Premium
224,61,wood,Nippon Water Base,Standard
211,65,indoor,Dulux,Premium
316,52,indoor,Nippon,Standard
303,53,indoor,Dulux,Standard
366,44,indoor,Asian Paints Causeway,Economy
384,80,wood,Nippon Water Base,Premium
564,46,indoor,JAT,Economy
560,63,wood,Nippon Water Base,Standard
263,95,outdoor,Multilac Weather Guard,Premium
93,64,indoor,Multilac,Premium
404,86,floor,Dulux QD Floor Paints,Standard
476,93,outdoor,Multilac Nano Sealer 700,Premium
396,46,indoor,JAT,Economy
510,70,indoor,Multilac,Premium
253,77,outdoor,Dulux Weathershield,Standard
570,60,indoor,Nippon,Standard
331,70,wood,Nippolac Water Based,Standard
339,67,outdoor,Multilac Nano Shield 900,Economy
589,92,floor,Lankem Robbialac,Standard
130,52,indoor,Robbialac,Standard
89,77,floor,Robbialac,Economy
90,51,wood,Robbialac Water Base,Economy
531,74,wood,JAT Water Base,Premium
480,95,outdoor,Nippon Flex 100,Premium
333,56,indoor,JAT,Standard
390,62,wood,Nippon Water Base,Standard
285,62,wood,JAT Water Base,Standard
238,71,floor,Nippon Floor Paint,Economy
299,99,floor,Nippon Floor Paint,Standard
585,64,wood,JAT Water Base,Standard
359,118,floor,Nippon Epoxy,Premium
123,40,indoor,Dulux,Economy
530,80,outdoor,Multilac Weather Guard,Standard
388,76,wood,Nippon Water Base,Premium
483,77,outdoor,Causeway Weatherproof,Standard
144,94,floor,Causeway,Standard
224,85,outdoor,Nippon Atom 2 in 1,Standard
234,73,wood,Dulux Water Base,Premium
170,57,indoor,Robbialac,Standard
565,68,outdoor,Nippon Durafresh,Economy
164,87,floor,Robbialac,Standard
276,73,wood,Nippolac Water Based,Premium
430,76,wood,JAT Water Base,Premium
276,112,floor,Lankem Robbialac,Premium
576,103,floor,Nippon Floor Wax Polish,Premium
497,80,outdoor,Causeway SmartCare Aqua Safe,Standard
245,50,wood,JAT Water Base,Economy
294,83,floor,Nippon Floor Wax Polish,Economy
322,96,outdoor,Dulux Weathershield,Premium
543,90,outdoor,Nippon Durafresh,Premium
406,67,outdoor,Multilac Ultra Flex 1000,Economy
164,67,wood,Dulux Water Base,Standard
304,78,wood,Dulux Water Base,Premium
526,74,wood,Nippon Water Base,Premium
392,85,floor,Lankem Robbialac,Economy
267,65,indoor,JAT,Premium
421,90,outdoor,Multilac Weather Guard,Premium
295,94,outdoor,Causeway Weatherproof,Premium
492,44,indoor,Robbialac,Economy
461,97,outdoor,Nippon Flex 400 H/D Elastomeric,Premium
431,52,wood,JAT Water Base,Economy
595,53,wood,JAT Water Base,Economy
167,91,outdoor,JAT Exterior,Premium
533,76,wood,Nippolac Water Based,Premium
435,43,indoor,Nippon,Economy
110,63,wood,JAT Water Base,Standard
465,66,outdoor,Causeway SmartCare Aqua Safe,Economy
143,88,outdoor,Dulux Aquatech,Premium
304,57,indoor,Dulux,Standard
499,86,outdoor,Dulux Weathershield,Premium
234,50,indoor,JAT,Economy
233,57,wood,Nippon Water Base,Economy
218,77,wood,Robbialac Water Base,Premium
264,51,wood,Nippon Water Base,Economy
225,78,outdoor,Nippon Flex 100,Standard
408,117,floor,Nippon Floor Paint,Premium
476,45,indoor,Robbialac,Economy
228,49,indoor,Dulux,Economy
568,85,outdoor,WAPP Waterproofing Paint,Standard
503,98,outdoor,WAPP Waterproofing Paint,Premium
184,87,outdoor,Dulux Weathershield,Premium
583,48,indoor,Dulux,Economy
585,70,indoor,JAT,Premium
90,70,wood,Robbialac Water Base,Standard
415,51,wood,JAT Water Base,Economy
407,64,wood,Nippon Water Base,Standard
529,89,outdoor,Nippon Flex 400 H/D Elastomeric,Premium
468,52,indoor,JAT,Standard
506,52,indoor,JAT,Standard
575,76,floor,Nippon Floor Paint,Economy
448,83,outdoor,Causeway Weatherproof,Standard
296,61,indoor,Dulux,Premium
590,50,wood,Dulux Water Base,Economy
81,86,outdoor,Multilac Nano Sealer 700,Premium
433,119,floor,Nippon Water Based,Premium
302,87,floor,Nippon Floor Wax Polish,Standard
516,80,wood,Dulux Water Base,Premium
224,107,floor,Nippon Epoxy,Premium
343,55,indoor,Multilac,Standard
165,105,floor,Nippon Floor Paint,Premium
151,113,floor,Nippon Water Based,Premium
478,65,indoor,Asian Paints Causeway,Premium
403,89,floor,Dulux QD Floor Paints,Standard
480,69,wood,Nippon Water Base,Standard
189,98,floor,Dulux QD Floor Paints,Standard
232,66,outdoor,Multilac Nano Shield 900,Economy
176,77,wood,Nippolac Water Based,Premium
410,72,wood,Robbialac Water Base,Premium
292,54,wood,Nippon Water Base,Economy
255,87,floor,Dulux QD Floor Paints,Standard
470,79,wood,JAT Water Base,Premium
533,64,wood,Robbialac Water Base,Standard
325,66,outdoor,WAPP Waterproofing Paint,Economy
392,63,indoor,JAT,Premium
114,82,floor,Nippon Epoxy,Economy
349,68,wood,Robbialac Water Base,Standard
205,41,indoor,Multilac,Economy
211,104,floor,Nippon Floor Wax Polish,Premium
103,116,floor,Nippon Epoxy,Premium
542,77,floor,Dulux QD Floor Paints,Economy
588,85,floor,Nippon Epoxy,Economy
341,76,floor,Dulux QD Floor Paints,Economy
243,52,indoor,JAT,Standard
85,100,outdoor,Multilac Nano Sealer 700,Premium
546,111,floor,Robbialac,Premium
353,71,wood,JAT Water Base,Premium
483,59,wood,Dulux Water Base,Economy
462,58,wood,JAT Water Base,Economy
350,76,outdoor,Dulux Superkote,Standard
399,106,floor,Nippon Floor Wax Polish,Premium
110,83,floor,Causeway,Economy
303,69,indoor,Multilac,Premium
554,78,floor,Nippon Floor Paint,Economy
517,61,indoor,Nippon,Premium
409,68,indoor,Asian Paints Causeway,Premium
305,63,wood,Nippon Water Base,Standard
275,81,outdoor,Nippon Flex 100,Standard
409,67,outdoor,Multilac Nano Sealer 700,Economy
82,98,floor,Robbialac,Standard
402,53,wood,Nippon Water Base,Economy
266,70,wood,JAT Water Base,Standard
267,40,indoor,JAT,Economy
483,53,wood,Nippolac Water Based,Economy
198,86,floor,Robbialac,Standard
463,67,outdoor,Nippon Flex 400 H/D Elastomeric,Economy
272,85,outdoor,MULTILAC MULTI PROTECTO,Standard
552,86,floor,Nippon Epoxy,Standard
391,93,outdoor,Multilac Nano Shield 900,Premium
507,45,indoor,Multilac,Economy
100,52,wood,JAT Water Base,Economy
87,113,floor,Nippon Water Based,Premium
111,94,floor,Nippon Water Based,Standard
588,112,floor,Nippon Floor Wax Polish,Premium
571,46,indoor,Multilac,Economy
395,67,indoor,Robbialac,Premium
509,109,floor,Causeway,Premium
460,77,outdoor,Dulux Superkote,Standard
297,71,outdoor,Nippon Flex 400 H/D Elastomeric,Economy
389,82,outdoor,MULTILAC MULTI PROTECTO,Standard
291,73,outdoor,Multilac Ultra Flex 1000,Economy
91,75,floor,Nippon Water Based,Economy
111,61,wood,Dulux Water Base,Standard
144,69,wood,Robbialac Water Base,Standard
139,78,floor,Nippon Water Based,Economy
278,42,indoor,JAT,Economy
292,47,indoor,JAT,Economy
102,92,outdoor,MULTILAC 3IN1,Premium
318,83,outdoor,Dulux Weathershield,Standard
320,56,wood,Dulux Water Base,Economy
137,71,floor,Dulux QD Floor Paints,Economy
91,73,wood,Robbialac Water Base,Premium
125,73,outdoor,Nippon Durafresh,Economy
111,96,floor,Nippon Floor Paint,Standard
272,67,indoor,Multilac,Premium
94,67,indoor,JAT,Premium
417,105,floor,Nippon Floor Paint,Premium
270,78,wood,JAT Water Base,Premium
376,41,indoor,Robbialac,Economy
349,66,outdoor,MULTILAC MULTI PROTECTO,Economy
281,114,floor,Nippon Floor Paint,Premium
227,46,indoor,Asian Paints Causeway,Economy
404,73,outdoor,WAPP Waterproofing Paint,Economy
266,40,indoor,Nippon,Economy
541,80,floor,Causeway,Economy
239,56,wood,Nippon Water Base,Economy
381,61,wood,JAT Water Base,Standard
159,79,wood,Robbialac Water Base,Premium
380,76,floor,Nippon Floor Paint,Economy
272,57,wood,JAT Water Base,Economy
487,56,indoor,Asian Paints Causeway,Standard
187,44,indoor,JAT,Economy
407,40,indoor,Multilac,Economy
412,56,wood,Dulux Water Base,Economy
559,95,outdoor,Causeway Weatherproof,Premium
111,70,indoor,Multilac,Premium
256,77,wood,Robbialac Water Base,Premium
323,55,indoor,Multilac,Standard
476,92,floor,Robbialac,Standard
180,52,wood,Robbialac Water Base,Economy
472,68,indoor,JAT,Premium
262,53,wood,Nippon Water Base,Economy
536,78,wood,Dulux Water Base,Premium
124,49,indoor,Robbialac,Economy
578,50,indoor,Nippon,Economy
173,84,outdoor,MULTILAC 3IN1,Standard
171,54,wood,Nippon Water Base,Economy
483,114,floor,Nippon Floor Wax Polish,Premium
258,71,wood,Robbialac Water Base,Premium
306,55,wood,Robbialac Water Base,Economy
355,72,wood,JAT Water Base,Premium
156,84,floor,Nippon Floor Paint,Economy
454,50,indoor,Dulux,Economy
269,55,wood,Dulux Water Base,Economy
573,50,indoor,Multilac,Economy
510,50,indoor,Multilac,Economy
175,84,outdoor,Nippon Flex 100,Standard
559,65,outdoor,Multilac Nano Sealer 700,Economy
406,54,indoor,Dulux,Standard
170,77,outdoor,Dulux Weathershield,Standard
307,67,indoor,JAT,Premium
476,77,outdoor,WAPP Waterproofing Paint,Standard
317,66,wood,Nippolac Water Based,Standard
541,71,wood,Dulux Water Base,Premium
584,77,wood,Nippolac Water Based,Premium
285,66,outdoor,Nippolac Weatherproof,Economy
109,106,floor,Robbialac,Premium
450,52,indoor,Nippon,Standard
396,72,outdoor,Nippon Durafresh,Economy
122,74,outdoor,Nippon Flex 100,Economy
475,51,indoor,JAT,Standard
350,119,floor,Causeway,Premium
217,84,outdoor,Causeway SmartCare Aqua Safe,Standard
92,62,wood,Nippon Water Base,Standard
456,59,wood,Nippon Water Base,Economy
291,64,indoor,Dulux,Premium
124,88,floor,Causeway,Standard
158,43,indoor,Robbialac,Economy
89,98,outdoor,Dulux Aquatech,Premium
298,75,outdoor,MULTILAC MULTI PROTECTO,Economy
137,81,outdoor,Dulux Weathershield,Standard
297,67,indoor,Dulux,Premium
430,90,outdoor,Multilac Weather Guard,Premium
277,49,indoor,Robbialac,Economy
89,86,floor,Nippon Water Based,Standard
149,79,wood,Dulux Water Base,Premium
411,97,floor,Causeway,Standard
276,48,indoor,Robbialac,Economy
217,110,floor,Robbialac,Premium
487,118,floor,Dulux QD Floor Paints,Premium
469,79,wood,Robbialac Water Base,Premium
328,76,outdoor,MULTILAC 3IN1,Standard
537,58,wood,Nippon Water Base,Economy
192,77,floor,Lankem Robbialac,Economy
447,51,wood,JAT Water Base,Economy
312,65,indoor,JAT,Premium
233,76,wood,Nippolac Water Based,Premium
385,45,indoor,Nippon,Economy
426,42,indoor,Nippon,Economy
421,98,floor,Nippon Epoxy,Standard
546,53,wood,Nippolac Water Based,Economy
330,101,floor,Nippon Floor Paint,Premium
350,73,wood,Nippolac Water Based,Premium
478,59,wood,Dulux Water Base,Economy
386,70,outdoor,Nippon Durafresh,Economy
520,82,floor,Nippon Floor Wax Polish,Economy
130,80,outdoor,MULTILAC 3IN1,Standard
510,56,wood,Robbialac Water Base,Economy
490,60,indoor,JAT,Standard
409,74,wood,Dulux Water Base,Premium
353,68,indoor,Robbialac,Premium
278,66,outdoor,Multilac Nano Sealer 700,Economy
599,70,floor,Lankem Robbialac,Economy
533,78,outdoor,Dulux Superkote,Standard
584,65,indoor,Dulux,Premium
502,91,outdoor,Nippon Atom 2 in 1,Premium
515,56,indoor,Dulux,Standard
573,93,outdoor,Nippon Atom 2 in 1,Premium
340,61,indoor,Multilac,Premium
472,64,indoor,Robbialac,Premium
326,99,outdoor,Multilac Nano Sealer 700,Premium
355,118,floor,Nippon Floor Paint,Premium
568,82,floor,Nippon Water Based,Economy
409,114,floor,Causeway,Premium
127,53,indoor,JAT,Standard
426,57,wood,Robbialac Water Base,Economy
339,71,wood,JAT Water Base,Premium
397,72,wood,Nippolac Water Based,Premium
375,43,indoor,Nippon,Economy
237,115,floor,Nippon Epoxy,Premium
223,85,outdoor,Nippon Flex 100,Standard
246,86,outdoor,Multilac Ultra Flex 1000,Premium
422,94,floor,Dulux QD Floor Paints,Standard
571,74,outdoor,Nippon Flex 400 H/D Elastomeric,Economy
238,46,indoor,Multilac,Economy
584,48,indoor,Dulux,Economy
515,74,outdoor,Nippon Durafresh,Economy
277,84,outdoor,Dulux Aquatech,Standard
84,95,floor,Causeway,Standard
457,71,outdoor,Nippolac Weatherproof,Economy
400,53,indoor,Dulux,Standard
412,55,indoor,JAT,Standard
473,67,wood,JAT Water Base,Standard
240,84,outdoor,Dulux Weathershield,Standard
452,92,outdoor,Nippon Durafresh,Premium
268,59,indoor,Asian Paints Causeway,Standard
106,68,wood,Dulux Water Base,Standard
462,66,wood,JAT Water Base,Standard
578,67,wood,Nippon Water Base,Standard
594,71,floor,Lankem Robbialac,Economy
544,119,floor,Nippon Water Based,Premium
389,78,outdoor,WAPP Waterproofing Paint,Standard
412,84,outdoor,Multilac Ultra Flex 1000,Standard
227,102,floor,Nippon Floor Paint,Premium
547,75,wood,Robbialac Water Base,Premium
581,77,outdoor,Multilac Nano Sealer 700,Standard
264,44,indoor,Robbialac,Economy
410,114,floor,Nippon Epoxy,Premium
82,58,indoor,Asian Paints Causeway,Standard
316,51,wood,Robbialac Water Base,Economy
97,51,wood,Dulux Water Base,Economy
376,96,outdoor,MULTILAC 3IN1,Premium
575,40,indoor,Robbialac,Economy
494,68,indoor,Asian Paints Causeway,Premium
132,46,indoor,Robbialac,Economy
393,90,floor,Dulux QD Floor Paints,Standard
531,85,outdoor,Dulux Weathershield,Standard
167,101,floor,Nippon Water Based,Premium
324,79,floor,Nippon Floor Wax Polish,Economy
431,65,indoor,Asian Paints Causeway,Premium
117,80,wood,Robbialac Water Base,Premium
103,74,outdoor,Multilac Nano Sealer 700,Economy
240,50,indoor,Dulux,Economy
131,90,outdoor,Nippon Flex 100,Premium
210,73,wood,Nippon Water Base,Premium
401,98,outdoor,Dulux Weathershield,Premium
322,85,outdoor,Multilac Ultra Flex 1000,Standard
157,57,indoor,Multilac,Standard
340,63,indoor,Robbialac,Premium
171,61,wood,Nippolac Water Based,Standard
194,58,wood,Nippolac Water Based,Economy
544,84,floor,Nippon Floor Wax Polish,Economy
406,79,wood,Robbialac Water Base,Premium
223,66,outdoor,Multilac Weather Guard,Economy
524,51,wood,Nippon Water Base,Economy
292,55,wood,Robbialac Water Base,Economy
407,109,floor,Nippon Floor Paint,Premium
575,52,wood,Nippolac Water Based,Economy
232,68,indoor,JAT,Premium
403,43,indoor,Dulux,Economy
119,52,indoor,Dulux,Standard
532,111,floor,Robbialac,Premium
489,55,wood,Dulux Water Base,Economy
99,45,indoor,Nippon,Economy
517,98,floor,Lankem Robbialac,Standard
230,58,indoor,Multilac,Standard
145,71,outdoor,Dulux Weathershield,Economy
281,115,floor,Lankem Robbialac,Premium
419,60,wood,Robbialac Water Base,Economy
130,77,outdoor,Multilac Nano Sealer 700,Standard
568,78,outdoor,Nippon Flex 100,Standard
432,56,indoor,Robbialac,Standard
578,83,outdoor,MULTILAC 3IN1,Standard
436,43,indoor,JAT,Economy
579,70,indoor,Dulux,Premium
107,41,indoor,JAT,Economy
268,80,wood,JAT Water Base,Premium
501,85,outdoor,WAPP Waterproofing Paint,Standard
217,46,indoor,Asian Paints Causeway,Economy
551,77,wood,Nippon Water Base,Premium
286,79,outdoor,Multilac Nano Sealer 700,Standard
137,94,outdoor,JAT Exterior,Premium
460,45,indoor,Robbialac,Economy
448,78,wood,JAT Water Base,Premium
367,53,indoor,Nippon,Standard
571,74,outdoor,MULTILAC MULTI PROTECTO,Economy
537,84,floor,Nippon Floor Wax Polish,Economy
203,60,indoor,JAT,Standard
420,59,wood,Nippolac Water Based,Economy
112,69,indoor,Nippon,Premium
544,70,floor,Causeway,Economy
384,100,outdoor,MULTILAC 3IN1,Premium
581,49,indoor,Multilac,Economy
373,95,floor,Nippon Epoxy,Standard
316,79,floor,Robbialac,Economy
586,79,wood,Nippolac Water Based,Premium
248,87,outdoor,Causeway Weatherproof,Premium
467,73,outdoor,Nippon Durafresh,Economy
433,62,indoor,Nippon,Premium
179,96,outdoor,Nippolac Weatherproof,Premium
546,52,wood,JAT Water Base,Economy
127,90,outdoor,Nippolac Weatherproof,Premium
226,52,wood,JAT Water Base,Economy
381,85,outdoor,Nippon Flex 400 H/D Elastomeric,Standard
376,42,indoor,Robbialac,Economy
260,114,floor,Lankem Robbialac,Premium
539,102,floor,Robbialac,Premium
444,93,floor,Causeway,Standard
171,41,indoor,Asian Paints Causeway,Economy
479,51,indoor,Asian Paints Causeway,Standard
91,44,indoor,Robbialac,Economy
254,54,indoor,Dulux,Standard
389,47,indoor,Robbialac,Economy
472,72,floor,Nippon Floor Paint,Economy
480,59,indoor,Asian Paints Causeway,Standard
112,80,outdoor,Multilac Ultra Flex 1000,Standard
324,117,floor,Causeway,Premium
159,71,wood,Dulux Water Base,Premium
429,71,outdoor,Nippon Flex 400 H/D Elastomeric,Economy
211,91,outdoor,Multilac Ultra Flex 1000,Premium
120,45,indoor,Nippon,Economy
539,46,indoor,Asian Paints Causeway,Economy
113,52,wood,Nippolac Water Based,Economy
254,93,outdoor,Multilac Weather Guard,Premium
92,78,wood,JAT Water Base,Premium
457,92,floor,Nippon Floor Paint,Standard
411,56,indoor,Robbialac,Standard
174,76,outdoor,MULTILAC MULTI PROTECTO,Standard
308,118,floor,Nippon Water Based,Premium
569,95,floor,Nippon Water Based,Standard
598,67,wood,Dulux Water Base,Standard
396,79,floor,Nippon Floor Wax Polish,Economy
330,74,floor,Dulux QD Floor Paints,Economy
283,72,floor,Nippon Water Based,Economy
136,72,wood,Dulux Water Base,Premium
207,95,outdoor,Causeway Weatherproof,Premium
176,82,floor,Lankem Robbialac,Economy
185,50,indoor,Robbialac,Economy
335,59,indoor,Asian Paints Causeway,Standard
96,89,outdoor,Nippon Durafresh,Premium
211,75,wood,Dulux Water Base,Premium
229,80,wood,Robbialac Water Base,Premium
135,67,outdoor,MULTILAC 3IN1,Economy
600,74,wood,Dulux Water Base,Premium
118,64,indoor,Robbialac,Premium
428,55,indoor,Multilac,Standard
407,70,indoor,Robbialac,Premium
415,69,wood,Robbialac Water Base,Standard
203,41,indoor,Robbialac,Economy
593,77,outdoor,Dulux Weathershield,Standard
188,95,floor,Nippon Water Based,Standard
345,83,floor,Dulux QD Floor Paints,Economy
512,92,floor,Nippon Epoxy,Standard
521,116,floor,Nippon Floor Paint,Premium
271,100,outdoor,Nippolac Weatherproof,Premium
387,71,floor,Nippon Water Based,Economy
297,96,outdoor,Causeway Weatherproof,Premium
552,94,floor,Nippon Floor Wax Polish,Standard
219,71,wood,Robbialac Water Base,Premium
126,88,outdoor,Causeway SmartCare Aqua Safe,Premium
301,87,floor,Nippon Water Based,Standard
173,57,indoor,Multilac,Standard
265,91,outdoor,Nippon Atom 2 in 1,Premium
393,74,floor,Nippon Water Based,Economy
520,98,outdoor,MULTILAC MULTI PROTECTO,Premium
296,102,floor,Causeway,Premium
569,96,outdoor,JAT Exterior,Premium
578,96,floor,Nippon Epoxy,Standard
562,67,outdoor,JAT Exterior,Economy
149,55,wood,Dulux Water Base,Economy
436,111,floor,Nippon Floor Wax Polish,Premium
445,40,indoor,Dulux,Economy
429,66,wood,Nippolac Water Based,Standard
368,48,indoor,Multilac,Economy
475,71,outdoor,Dulux Aquatech,Economy
275,49,indoor,Multilac,Economy
495,74,outdoor,Multilac Ultra Flex 1000,Economy
165,96,floor,Causeway,Standard
333,90,floor,Lankem Robbialac,Standard
202,86,outdoor,Nippon Atom 2 in 1,Premium
478,68,indoor,Robbialac,Premium
336,86,outdoor,Nippon Durafresh,Premium
414,71,wood,Robbialac Water Base,Premium
578,56,wood,Robbialac Water Base,Economy
262,69,wood,Robbialac Water Base,Standard
145,60,indoor,Dulux,Standard
385,96,outdoor,MULTILAC MULTI PROTECTO,Premium
302,67,outdoor,WAPP Waterproofing Paint,Economy
461,74,outdoor,Nippolac Weatherproof,Economy
311,69,wood,JAT Water Base,Standard
100,77,wood,Dulux Water Base,Premium
600,73,outdoor,Dulux Weathershield,Economy
408,68,wood,JAT Water Base,Standard
426,90,outdoor,Multilac Ultra Flex 1000,Premium
518,91,floor,Nippon Epoxy,Standard
189,80,wood,Nippolac Water Based,Premium
430,89,outdoor,Dulux Aquatech,Premium
172,61,indoor,Multilac,Premium
295,60,indoor,Dulux,Standard
587,95,floor,Causeway,Standard
523,104,floor,Causeway,Premium
136,64,indoor,Robbialac,Premium
264,79,wood,Nippolac Water Based,Premium
432,52,indoor,Asian Paints Causeway,Standard
286,89,floor,Robbialac,Standard
438,97,outdoor,MULTILAC MULTI PROTECTO,Premium
236,96,floor,Nippon Floor Wax Polish,Standard
125,68,indoor,Robbialac,Premium
347,96,outdoor,Multilac Ultra Flex 1000,Premium
527,55,indoor,Nippon,Standard
564,100,floor,Robbialac,Standard
563,63,indoor,Robbialac,Premium
326,62,wood,Nippon Water Base,Standard
300,62,wood,Dulux Water Base,Standard
180,78,wood,Nippon Water Base,Premium
497,71,outdoor,Causeway Weatherproof,Economy
547,53,wood,JAT Water Base,Economy
442,82,outdoor,JAT Exterior,Standard
236,78,wood,JAT Water Base,Premium
575,53,wood,JAT Water Base,Economy
587,84,outdoor,Multilac Nano Shield 900,Standard
163,72,outdoor,WAPP Waterproofing Paint,Economy
225,49,indoor,Multilac,Economy
240,101,floor,Nippon Floor Paint,Premium
111,120,floor,Nippon Water Based,Premium
108,67,indoor,Robbialac,Premium
249,109,floor,Causeway,Premium
104,76,wood,Dulux Water Base,Premium
274,71,wood,Dulux Water Base,Premium
452,108,floor,Dulux QD Floor Paints,Premium
320,77,outdoor,Causeway Weatherproof,Standard
93,70,outdoor,Nippon Flex 100,Economy
263,51,indoor,Robbialac,Standard
161,84,floor,Nippon Epoxy,Economy
472,66,wood,Nippolac Water Based,Standard
449,102,floor,Causeway,Premium
187,50,indoor,Asian Paints Causeway,Economy
198,47,indoor,Nippon,Economy
130,56,wood,Nippon Water Base,Economy
154,66,wood,Nippon Water Base,Standard
423,93,outdoor,Nippon Durafresh,Premium
111,76,outdoor,Dulux Superkote,Standard
170,58,wood,Nippolac Water Based,Economy
120,119,floor,Nippon Floor Wax Polish,Premium
103,68,wood,Robbialac Water Base,Standard
434,95,outdoor,Causeway SmartCare Aqua Safe,Premium
272,44,indoor,Asian Paints Causeway,Economy
246,72,wood,JAT Water Base,Premium
460,77,wood,Nippolac Water Based,Premium
423,75,outdoor,MULTILAC 3IN1,Economy
218,68,outdoor,JAT Exterior,Economy
192,72,outdoor,Nippon Atom 2 in 1,Economy
298,58,indoor,JAT,Standard
110,85,floor,Nippon Water Based,Economy
122,93,outdoor,MULTILAC 3IN1,Premium
595,86,outdoor,Nippolac Weatherproof,Premium
240,85,outdoor,Nippon Flex 100,Standard
491,67,outdoor,Dulux Weathershield,Economy
298,89,outdoor,Dulux Aquatech,Premium
139,119,floor,Dulux QD Floor Paints,Premium
357,72,wood,Robbialac Water Base,Premium
270,56,wood,Dulux Water Base,Economy
135,50,wood,Dulux Water Base,Economy
468,96,floor,Lankem Robbialac,Standard
516,79,floor,Nippon Epoxy,Economy
500,71,wood,Robbialac Water Base,Premium
460,62,indoor,Nippon,Premium
565,55,wood,Nippolac Water Based,Economy
509,74,wood,Nippon Water Base,Premium
276,66,indoor,Asian Paints Causeway,Premium
598,60,indoor,Asian Paints Causeway,Standard
546,72,floor,Nippon Epoxy,Economy
223,44,indoor,Asian Paints Causeway,Economy
269,92,floor,Lankem Robbialac,Standard
104,76,outdoor,Nippon Atom 2 in 1,Standard
583,76,floor,Nippon Floor Paint,Economy
314,88,floor,Lankem Robbialac,Standard
121,73,outdoor,Dulux Weathershield,Economy
464,68,wood,Nippolac Water Based,Standard
408,58,indoor,JAT,Standard
387,87,outdoor,Multilac Ultra Flex 1000,Premium
348,112,floor,Nippon Water Based,Premium
452,100,outdoor,Multilac Nano Sealer 700,Premium
157,49,indoor,Robbialac,Economy
538,76,outdoor,WAPP Waterproofing Paint,Standard
337,61,wood,Nippon Water Base,Standard
217,60,indoor,Robbialac,Standard
395,70,indoor,Multilac,Premium
207,81,floor,Nippon Epoxy,Economy
521,68,indoor,Multilac,Premium
381,95,outdoor,MULTILAC 3IN1,Premium
394,75,wood,Nippolac Water Based,Premium
279,49,indoor,JAT,Economy
93,62,wood,Nippon Water Base,Standard
511,70,outdoor,Multilac Nano Shield 900,Economy
370,51,indoor,Dulux,Standard
474,65,outdoor,Multilac Weather Guard,Economy
251,87,outdoor,Multilac Nano Sealer 700,Premium
542,79,outdoor,Multilac Nano Shield 900,Standard
600,46,indoor,Multilac,Economy
262,75,floor,Lankem Robbialac,Economy
109,95,floor,Causeway,Standard
132,59,indoor,Multilac,Standard
466,106,floor,Nippon Epoxy,Premium
582,74,outdoor,Nippon Durafresh,Economy
541,79,wood,Robbialac Water Base,Premium
172,114,floor,Nippon Floor Wax Polish,Premium
520,111,floor,Robbialac,Premium
373,107,floor,Nippon Epoxy,Premium
401,82,floor,Robbialac,Economy
233,83,floor,Nippon Water Based,Economy
454,74,wood,Robbialac Water Base,Premium
502,82,outdoor,MULTILAC MULTI PROTECTO,Standard
388,74,outdoor,Causeway SmartCare Aqua Safe,Economy
559,82,floor,Robbialac,Economy
555,51,wood,JAT Water Base,Economy
100,71,wood,Dulux Water Base,Premium
181,58,indoor,Nippon,Standard
344,78,wood,JAT Water Base,Premium
118,75,floor,Nippon Floor Paint,Economy
249,104,floor,Dulux QD Floor Paints,Premium
325,66,outdoor,Dulux Superkote,Economy
594,57,indoor,JAT,Standard
434,45,indoor,Asian Paints Causeway,Economy
596,62,indoor,JAT,Premium
176,74,wood,Nippon Water Base,Premium
295,60,wood,JAT Water Base,Economy
547,51,indoor,Robbialac,Standard
442,72,outdoor,Dulux Aquatech,Economy
467,107,floor,Dulux QD Floor Paints,Premium
197,67,wood,JAT Water Base,Standard
323,92,floor,Nippon Floor Paint,Standard
555,41,indoor,Robbialac,Economy
302,82,outdoor,Nippon Durafresh,Standard
508,57,indoor,Nippon,Standard
333,87,floor,Nippon Floor Wax Polish,Standard
328,81,outdoor,Dulux Aquatech,Standard
374,69,indoor,Multilac,Premium
256,93,floor,Lankem Robbialac,Standard
322,50,wood,Nippolac Water Based,Economy
422,97,outdoor,Multilac Weather Guard,Premium
132,80,floor,Lankem Robbialac,Economy
183,70,outdoor,Multilac Nano Sealer 700,Economy
359,112,floor,Nippon Water Based,Premium
452,76,wood,JAT Water Base,Premium
483,73,floor,Nippon Epoxy,Economy
395,80,wood,Nippolac Water Based,Premium
335,66,wood,Dulux Water Base,Standard
80,86,outdoor,Causeway Weatherproof,Premium
511,89,floor,Nippon Floor Wax Polish,Standard
501,73,outdoor,Nippon Atom 2 in 1,Economy
506,73,outdoor,Multilac Nano Shield 900,Economy
452,62,indoor,Dulux,Premium
533,82,outdoor,Nippon Flex 100,Standard
315,75,floor,Nippon Floor Paint,Economy
301,64,wood,JAT Water Base,Standard
243,66,wood,Robbialac Water Base,Standard
471,86,outdoor,Nippon Atom 2 in 1,Premium
368,57,indoor,JAT,Standard
199,42,indoor,Nippon,Economy
136,120,floor,Nippon Floor Wax Polish,Premium
138,67,outdoor,Dulux Superkote,Economy
474,62,wood,Robbialac Water Base,Standard
282,75,outdoor,JAT Exterior,Economy
535,62,wood,Nippon Water Base,Standard
96,65,wood,Robbialac Water Base,Standard
564,58,wood,Dulux Water Base,Economy
234,84,outdoor,MULTILAC MULTI PROTECTO,Standard
292,75,wood,Nippolac Water Based,Premium
561,82,floor,Nippon Floor Wax Polish,Economy
403,54,indoor,Dulux,Standard
423,63,indoor,Nippon,Premium
120,74,wood,Robbialac Water Base,Premium
422,42,indoor,Asian Paints Causeway,Economy
171,75,wood,Nippon Water Base,Premium
400,74,outdoor,Dulux Weathershield,Economy
508,53,indoor,Multilac,Standard
349,40,indoor,JAT,Economy
186,77,outdoor,Dulux Weathershield,Standard
362,81,outdoor,Multilac Nano Shield 900,Standard
143,47,indoor,JAT,Economy
109,114,floor,Dulux QD Floor Paints,Premium
371,115,floor,Nippon Floor Wax Polish,Premium
525,62,indoor,Robbialac,Premium
90,71,floor,Nippon Epoxy,Economy
309,59,indoor,Dulux,Standard
507,67,outdoor,JAT Exterior,Economy
419,73,floor,Robbialac,Economy
391,87,floor,Nippon Epoxy,Standard
188,81,outdoor,Dulux Aquatech,Standard
508,65,outdoor,Multilac Weather Guard,Economy
240,47,indoor,Asian Paints Causeway,Economy
556,80,floor,Nippon Epoxy,Economy
590,69,outdoor,MULTILAC 3IN1,Economy
83,56,wood,Nippon Water Base,Economy
443,94,outdoor,Nippolac Weatherproof,Premium
321,87,floor,Nippon Floor Paint,Standard
512,119,floor,Robbialac,Premium
596,90,outdoor,Nippon Atom 2 in 1,Premium
398,68,indoor,Multilac,Premium
169,67,indoor,Asian Paints Causeway,Premium
230,63,wood,Nippon Water Base,Standard
437,56,wood,Dulux Water Base,Economy
151,55,indoor,Nippon,Standard
265,70,indoor,Nippon,Premium
240,107,floor,Causeway,Premium
135,100,floor,Dulux QD Floor Paints,Standard
218,68,wood,JAT Water Base,Standard
241,76,outdoor,Dulux Aquatech,Standard
332,105,floor,Dulux QD Floor Paints,Premium
149,85,outdoor,Nippon Atom 2 in 1,Standard
562,73,outdoor,WAPP Waterproofing Paint,Economy
392,63,indoor,JAT,Premium
264,81,outdoor,Multilac Ultra Flex 1000,Standard
455,44,indoor,Nippon,Economy
261,77,outdoor,Causeway Weatherproof,Standard
521,111,floor,Causeway,Premium
353,64,wood,Nippon Water Base,Standard
118,96,floor,Lankem Robbialac,Standard
425,115,floor,Causeway,Premium
331,96,outdoor,Multilac Ultra Flex 1000,Premium
570,89,floor,Nippon Floor Wax Polish,Standard
89,57,indoor,Robbialac,Standard
452,117,floor,Nippon Floor Wax Polish,Premium
329,53,indoor,Robbialac,Standard
258,118,floor,Dulux QD Floor Paints,Premium
325,50,indoor,Multilac,Economy
90,83,floor,Dulux QD Floor Paints,Economy
426,77,wood,Nippon Water Base,Premium
493,61,indoor,JAT,Premium
229,54,indoor,Asian Paints Causeway,Standard
227,57,indoor,Nippon,Standard
122,72,wood,Robbialac Water Base,Premium
514,95,floor,Dulux QD Floor Paints,Standard
247,77,outdoor,Nippon Flex 100,Standard
191,51,wood,JAT Water Base,Economy
493,97,floor,Nippon Floor Wax Polish,Standard
475,61,wood,Nippolac Water Based,Standard
156,87,outdoor,MULTILAC 3IN1,Premium
312,105,floor,Nippon Epoxy,Premium
256,93,floor,Nippon Floor Wax Polish,Standard
346,89,floor,Nippon Floor Paint,Standard
153,61,wood,Robbialac Water Base,Standard
442,73,floor,Robbialac,Economy
398,81,outdoor,Dulux Aquatech,Standard
243,71,wood,Dulux Water Base,Premium
463,97,outdoor,Multilac Nano Shield 900,Premium
274,75,wood,Nippolac Water Based,Premium
534,40,indoor,JAT,Economy
125,73,wood,Dulux Water Base,Premium
599,116,floor,Dulux QD Floor Paints,Premium
441,74,floor,Robbialac,Economy
424,47,indoor,Robbialac,Economy
556,73,outdoor,WAPP Waterproofing Paint,Economy
443,69,outdoor,Multilac Nano Shield 900,Economy
134,109,floor,Nippon Epoxy,Premium
129,42,indoor,Asian Paints Causeway,Economy
418,93,floor,Nippon Epoxy,Standard
440,58,indoor,Robbialac,Standard
376,103,floor,Nippon Floor Paint,Premium
212,73,wood,Dulux Water Base,Premium
471,53,wood,JAT Water Base,Economy
411,67,outdoor,Multilac Nano Shield 900,Economy
93,72,wood,Robbialac Water Base,Premium
260,70,outdoor,JAT Exterior,Economy
131,79,wood,Robbialac Water Base,Premium
566,79,outdoor,MULTILAC 3IN1,Standard
322,101,floor,Nippon Floor Paint,Premium
590,86,outdoor,Dulux Weathershield,Premium
273,86,floor,Dulux QD Floor Paints,Standard
163,63,indoor,Asian Paints Causeway,Premium
476,71,outdoor,Nippon Flex 100,Economy
218,54,indoor,Dulux,Standard
471,62,wood,Dulux Water Base,Standard
281,69,indoor,Asian Paints Causeway,Premium
465,91,floor,Nippon Floor Wax Polish,Standard
326,55,indoor,Multilac,Standard
535,103,floor,Nippon Water Based,Premium
331,99,floor,Dulux QD Floor Paints,Standard
122,74,wood,Robbialac Water Base,Premium
522,67,wood,Dulux Water Base,Standard
117,66,wood,JAT Water Base,Standard
150,73,outdoor,Multilac Ultra Flex 1000,Economy
415,96,outdoor,JAT Exterior,Premium
104,77,wood,Dulux Water Base,Premium
120,79,wood,JAT Water Base,Premium
415,63,wood,Dulux Water Base,Standard
121,57,indoor,Dulux,Standard
90,46,indoor,Dulux,Economy
404,68,wood,Nippolac Water Based,Standard
234,77,floor,Robbialac,Economy
580,97,floor,Nippon Floor Wax Polish,Standard
174,71,floor,Lankem Robbialac,Economy
461,69,wood,JAT Water Base,Standard
452,68,wood,JAT Water Base,Standard
372,86,outdoor,WAPP Waterproofing Paint,Premium
403,58,wood,Nippolac Water Based,Economy
325,74,wood,Nippon Water Base,Premium
463,64,indoor,Asian Paints Causeway,Premium
261,93,floor,Dulux QD Floor Paints,Standard
290,72,outdoor,Multilac Ultra Flex 1000,Economy
502,84,floor,Nippon Floor Wax Polish,Economy
180,84,outdoor,Nippon Durafresh,Standard
566,84,outdoor,JAT Exterior,Standard
369,79,outdoor,Nippon Flex 100,Standard
82,98,floor,Robbialac,Standard
139,41,indoor,JAT,Economy
292,55,indoor,Nippon,Standard
375,65,wood,JAT Water Base,Standard
123,98,floor,Causeway,Standard
360,54,wood,Robbialac Water Base,Economy
455,68,outdoor,Multilac Nano Shield 900,Economy
353,70,wood,Nippon Water Base,Standard
589,56,wood,Robbialac Water Base,Economy
264,92,outdoor,Causeway SmartCare Aqua Safe,Premium
176,74,wood,Dulux Water Base,Premium
96,110,floor,Nippon Epoxy,Premium
93,76,outdoor,Causeway SmartCare Aqua Safe,Standard
383,60,indoor,Asian Paints Causeway,Standard
356,47,indoor,Nippon,Economy
596,62,wood,Nippon Water Base,Standard
293,51,wood,Nippolac Water Based,Economy
537,79,floor,Dulux QD Floor Paints,Economy
568,97,floor,Nippon Floor Paint,Standard
514,51,indoor,Asian Paints Causeway,Standard
525,100,outdoor,Causeway SmartCare Aqua Safe,Premium
525,87,outdoor,Dulux Weathershield,Premium
471,76,outdoor,Dulux Weathershield,Standard
413,51,indoor,Multilac,Standard
513,79,floor,Nippon Floor Paint,Economy
99,97,floor,Nippon Water Based,Standard
581,53,wood,JAT Water Base,Economy
477,68,outdoor,Multilac Ultra Flex 1000,Economy
452,48,indoor,Asian Paints Causeway,Economy
564,88,floor,Lankem Robbialac,Standard
342,79,outdoor,Multilac Nano Shield 900,Standard
106,53,indoor,Asian Paints Causeway,Standard
195,42,indoor,Asian Paints Causeway,Economy
185,90,floor,Nippon Floor Wax Polish,Standard
267,66,indoor,JAT,Premium
552,77,wood,Nippolac Water Based,Premium
539,119,floor,Robbialac,Premium
222,58,indoor,Asian Paints Causeway,Standard
316,56,indoor,JAT,Standard
217,74,wood,JAT Water Base,Premium
251,52,indoor,Robbialac,Standard
423,90,outdoor,Nippolac Weatherproof,Premium
347,108,floor,Nippon Floor Paint,Premium
459,51,indoor,Multilac,Standard
205,55,wood,Nippolac Water Based,Economy
168,119,floor,Nippon Epoxy,Premium
107,71,floor,Nippon Epoxy,Economy
499,84,outdoor,Nippon Durafresh,Standard
86,69,wood,Nippon Water Base,Standard
111,76,outdoor,Causeway SmartCare Aqua Safe,Standard
453,76,outdoor,WAPP Waterproofing Paint,Standard
586,78,wood,Robbialac Water Base,Premium
236,48,indoor,Dulux,Economy
410,59,indoor,JAT,Standard
540,94,outdoor,WAPP Waterproofing Paint,Premium
558,82,outdoor,Multilac Weather Guard,Standard
446,106,floor,Robbialac,Premium
556,74,floor,Nippon Floor Paint,Economy
206,53,wood,Dulux Water Base,Economy
190,97,outdoor,Causeway Weatherproof,Premium
276,57,indoor,Robbialac,Standard
567,97,floor,Robbialac,Standard
215,86,floor,Lankem Robbialac,Standard
530,94,outdoor,Dulux Superkote,Premium
101,91,outdoor,Dulux Weathershield,Premium
508,69,wood,Nippon Water Base,Standard
164,81,outdoor,Dulux Weathershield,Standard
257,56,indoor,JAT,Standard
383,77,outdoor,JAT Exterior,Standard
332,50,wood,Dulux Water Base,Economy
107,86,floor,Lankem Robbialac,Standard
521,83,outdoor,MULTILAC 3IN1,Standard
239,81,floor,Causeway,Economy
268,76,floor,Nippon Floor Wax Polish,Economy
469,65,wood,Nippolac Water Based,Standard
93,116,floor,Nippon Epoxy,Premium
413,61,wood,JAT Water Base,Standard
288,45,indoor,Robbialac,Economy
268,65,indoor,Dulux,Premium
523,77,wood,Robbialac Water Base,Premium
432,77,wood,Nippolac Water Based,Premium
130,100,outdoor,Nippolac Weatherproof,Premium
243,51,wood,JAT Water Base,Economy
263,54,wood,Robbialac Water Base,Economy
156,61,indoor,Dulux,Premium
352,58,indoor,Nippon,Standard
282,85,floor,Dulux QD Floor Paints,Economy
555,78,wood,Dulux Water Base,Premium
346,80,outdoor,Multilac Ultra Flex 1000,Standard
235,120,floor,Lankem Robbialac,Premium
444,53,wood,Nippon Water Base,Economy
121,83,outdoor,Causeway SmartCare Aqua Safe,Standard
196,45,indoor,Multilac,Economy
286,83,outdoor,Dulux Aquatech,Standard
387,90,outdoor,Nippon Durafresh,Premium
144,74,outdoor,Causeway SmartCare Aqua Safe,Economy
292,68,indoor,Multilac,Premium
242,70,wood,Dulux Water Base,Standard
263,46,indoor,Dulux,Economy
172,72,wood,Dulux Water Base,Premium
80,45,indoor,Robbialac,Economy
400,61,indoor,Multilac,Premium
287,57,wood,JAT Water Base,Economy
225,65,indoor,Dulux,Premium
162,60,wood,Nippon Water Base,Economy
158,84,floor,Nippon Water Based,Economy
310,78,outdoor,Nippon Durafresh,Standard
152,64,wood,Robbialac Water Base,Standard
250,67,indoor,Robbialac,Premium
179,56,wood,JAT Water Base,Economy
396,65,wood,Nippolac Water Based,Standard
411,69,indoor,Nippon,Premium
541,66,indoor,Asian Paints Causeway,Premium
264,83,floor,Lankem Robbialac,Economy
228,75,floor,Nippon Floor Wax Polish,Economy
505,94,floor,Nippon Epoxy,Standard
572,46,indoor,Multilac,Economy
102,66,outdoor,Multilac Nano Shield 900,Economy
552,49,indoor,Multilac,Economy
203,82,outdoor,Nippon Flex 100,Standard
584,70,indoor,Dulux,Premium
397,41,indoor,Multilac,Economy
465,103,floor,Nippon Epoxy,Premium
524,78,outdoor,Dulux Weathershield,Standard
309,49,indoor,Robbialac,Economy
386,90,outdoor,Multilac Weather Guard,Premium
165,99,outdoor,MULTILAC 3IN1,Premium
384,67,outdoor,Nippon Flex 100,Economy
596,73,floor,Robbialac,Economy
588,69,wood,JAT Water Base,Standard
565,81,floor,Nippon Water Based,Economy
81,68,indoor,Nippon,Premium
397,73,outdoor,Multilac Weather Guard,Economy
271,70,wood,JAT Water Base,Standard
245,76,outdoor,Multilac Ultra Flex 1000,Standard
540,77,wood,Robbialac Water Base,Premium
550,83,floor,Nippon Floor Paint,Economy
478,100,floor,Nippon Floor Paint,Standard
177,44,indoor,JAT,Economy
237,92,outdoor,Nippon Flex 400 H/D Elastomeric,Premium
349,101,floor,Robbialac,Premium
554,108,floor,Nippon Epoxy,Premium
540,70,wood,JAT Water Base,Standard
116,78,outdoor,Dulux Aquatech,Standard
271,82,outdoor,Multilac Nano Sealer 700,Standard
182,58,indoor,JAT,Standard
195,93,outdoor,WAPP Waterproofing Paint,Premium
555,106,floor,Lankem Robbialac,Premium
594,72,floor,Nippon Floor Paint,Economy
268,51,indoor,Dulux,Standard
433,41,indoor,Nippon,Economy
104,85,outdoor,Nippolac Weatherproof,Standard
395,59,wood,Robbialac Water Base,Economy
484,78,floor,Nippon Water Based,Economy
350,119,floor,Nippon Water Based,Premium
438,105,floor,Nippon Floor Paint,Premium
276,74,wood,Nippolac Water Based,Premium
316,57,indoor,Asian Paints Causeway,Standard
228,96,outdoor,Nippon Atom 2 in 1,Premium
206,48,indoor,Robbialac,Economy
407,92,floor,Lankem Robbialac,Standard
435,78,wood,Robbialac Water Base,Premium
561,46,indoor,Robbialac,Economy
132,83,outdoor,Dulux Weathershield,Standard
389,111,floor,Nippon Epoxy,Premium
246,116,floor,Causeway,Premium
523,94,outdoor,WAPP Waterproofing Paint,Premium
335,41,indoor,Nippon,Economy
367,70,indoor,Multilac,Premium
403,67,indoor,JAT,Premium
570,70,wood,Nippon Water Base,Standard
562,89,floor,Nippon Epoxy,Standard
220,85,outdoor,WAPP Waterproofing Paint,Standard
480,76,outdoor,Nippolac Weatherproof,Standard
398,72,floor,Robbialac,Economy
388,69,outdoor,Nippon Flex 400 H/D Elastomeric,Economy
406,43,indoor,JAT,Economy
264,66,indoor,Dulux,Premium
558,69,outdoor,Causeway SmartCare Aqua Safe,Economy
324,61,indoor,Dulux,Premium
456,60,indoor,Dulux,Standard
412,80,wood,Nippolac Water Based,Premium
236,83,outdoor,Multilac Nano Sealer 700,Standard
473,57,wood,Dulux Water Base,Economy
174,61,wood,Robbialac Water Base,Standard
314,48,indoor,Asian Paints Causeway,Economy
375,77,outdoor,Dulux Weathershield,Standard
328,72,outdoor,Multilac Weather Guard,Economy
331,61,indoor,JAT,Premium
121,50,indoor,JAT,Economy
342,86,floor,Nippon Floor Wax Polish,Standard
125,115,floor,Nippon Water Based,Premium
222,84,outdoor,WAPP Waterproofing Paint,Standard
579,45,indoor,Nippon,Economy
112,103,floor,Nippon Floor Wax Polish,Premium
366,50,wood,Nippolac Water Based,Economy
527,103,floor,Nippon Epoxy,Premium
559,40,indoor,Multilac,Economy
382,83,floor,Nippon Floor Wax Polish,Economy
515,113,floor,Nippon Epoxy,Premium
99,55,indoor,Dulux,Standard
343,94,floor,Nippon Water Based,Standard
370,72,wood,Nippolac Water Based,Premium
366,53,indoor,Asian Paints Causeway,Standard
300,92,outdoor,Multilac Ultra Flex 1000,Premium
411,56,wood,Nippolac Water Based,Economy
272,93,outdoor,Dulux Superkote,Premium
490,47,indoor,Robbialac,Economy
359,49,indoor,JAT,Economy
452,79,wood,Dulux Water Base,Premium
512,57,wood,Dulux Water Base,Economy
187,70,outdoor,Nippolac Weatherproof,Economy
493,75,wood,Nippolac Water Based,Premium
296,70,outdoor,Nippon Flex 400 H/D Elastomeric,Economy
598,66,wood,Nippolac Water Based,Standard
475,62,indoor,JAT,Premium
268,76,wood,Nippolac Water Based,Premium
557,51,indoor,Nippon,Standard
166,61,wood,Robbialac Water Base,Standard
400,77,floor,Nippon Floor Paint,Economy
229,118,floor,Nippon Epoxy,Premium
311,93,floor,Causeway,Standard
181,69,wood,Nippolac Water Based,Standard
243,67,outdoor,JAT Exterior,Economy
224,97,floor,Nippon Water Based,Standard
519,62,indoor,Dulux,Premium
355,113,floor,Robbialac,Premium
108,57,indoor,Multilac,Standard
221,74,outdoor,MULTILAC 3IN1,Economy
411,98,outdoor,Dulux Aquatech,Premium
388,41,indoor,JAT,Economy
247,94,outdoor,Multilac Ultra Flex 1000,Premium
592,60,indoor,Multilac,Standard
265,54,indoor,JAT,Standard
99,54,indoor,JAT,Standard
475,94,floor,Nippon Epoxy,Standard
337,95,outdoor,MULTILAC 3IN1,Premium
378,101,floor,Nippon Water Based,Premium
330,68,wood,Dulux Water Base,Standard
398,63,wood,Dulux Water Base,Standard
147,41,indoor,Asian Paints Causeway,Economy
86,82,outdoor,Nippon Durafresh,Standard
404,90,floor,Nippon Epoxy,Standard
509,85,outdoor,MULTILAC 3IN1,Standard
80,93,outdoor,Multilac Nano Sealer 700,Premium
234,109,floor,Nippon Floor Wax Polish,Premium
379,60,wood,Nippon Water Base,Economy
167,61,wood,Nippon Water Base,Standard
107,113,floor,Nippon Floor Paint,Premium
448,97,floor,Dulux QD Floor Paints,Standard
520,67,indoor,Dulux,Premium
396,86,floor,Nippon Floor Paint,Standard
428,57,indoor,Dulux,Standard
451,83,floor,Nippon Water Based,Economy
472,94,outdoor,Dulux Aquatech,Premium
586,118,floor,Nippon Water Based,Premium
309,67,indoor,Robbialac,Premium
171,60,indoor,Asian Paints Causeway,Standard
409,89,floor,Dulux QD Floor Paints,Standard
512,50,indoor,Asian Paints Causeway,Economy
123,86,outdoor,Multilac Nano Sealer 700,Premium
257,43,indoor,Asian Paints Causeway,Economy
394,67,wood,Nippolac Water Based,Standard
217,65,outdoor,JAT Exterior,Economy
174,78,wood,Nippon Water Base,Premium
107,79,outdoor,Multilac Nano Shield 900,Standard
130,62,wood,JAT Water Base,Standard
453,52,indoor,JAT,Standard
282,77,wood,Dulux Water Base,Premium
264,43,indoor,Multilac,Economy
196,49,indoor,Multilac,Economy
427,80,wood,Dulux Water Base,Premium
459,61,indoor,Asian Paints Causeway,Premium
405,84,floor,Lankem Robbialac,Economy
481,43,indoor,JAT,Economy
128,58,indoor,Robbialac,Standard
188,47,indoor,JAT,Economy
502,60,indoor,Asian Paints Causeway,Standard
152,50,wood,Robbialac Water Base,Economy
220,59,indoor,Asian Paints Causeway,Standard
170,85,floor,Robbialac,Economy
110,95,outdoor,Nippon Atom 2 in 1,Premium
321,85,outdoor,Nippolac Weatherproof,Standard
225,65,wood,Nippolac Water Based,Standard
488,67,wood,Nippolac Water Based,Standard
315,66,wood,Nippon Water Base,Standard
249,44,indoor,Nippon,Economy
252,73,floor,Nippon Floor Paint,Economy
262,93,floor,Robbialac,Standard
455,57,wood,JAT Water Base,Economy
138,70,indoor,Multilac,Premium
505,81,outdoor,Multilac Nano Shield 900,Standard
379,55,wood,Robbialac Water Base,Economy
233,58,indoor,JAT,Standard
163,68,outdoor,Nippolac Weatherproof,Economy
339,93,outdoor,Nippon Flex 100,Premium
308,47,indoor,Robbialac,Economy
430,95,outdoor,Dulux Aquatech,Premium
393,50,indoor,Multilac,Economy
271,80,wood,JAT Water Base,Premium
324,83,outdoor,Dulux Superkote,Standard
163,73,outdoor,Nippon Durafresh,Economy
412,42,indoor,JAT,Economy
371,71,wood,Dulux Water Base,Premium
159,73,wood,Nippon Water Base,Premium
500,48,indoor,Asian Paints Causeway,Economy
521,88,floor,Nippon Floor Paint,Standard
515,86,outdoor,Nippon Flex 100,Premium
268,58,indoor,Asian Paints Causeway,Standard
383,77,floor,Causeway,Economy
283,84,outdoor,Dulux Aquatech,Standard
387,92,outdoor,Nippon Flex 100,Premium
162,43,indoor,Multilac,Economy
408,113,floor,Nippon Water Based,Premium
269,61,wood,JAT Water Base,Standard
600,59,indoor,Nippon,Standard
149,55,indoor,Multilac,Standard
274,44,indoor,Dulux,Economy
317,73,wood,Nippolac Water Based,Premium
226,115,floor,Lankem Robbialac,Premium
89,94,outdoor,Dulux Aquatech,Premium
583,84,outdoor,Dulux Weathershield,Standard
157,76,wood,Nippon Water Base,Premium
148,108,floor,Robbialac,Premium
527,80,wood,Robbialac Water Base,Premium
525,78,wood,JAT Water Base,Premium
427,49,indoor,JAT,Economy
138,54,indoor,Dulux,Standard
81,117,floor,Robbialac,Premium
414,84,floor,Lankem Robbialac,Economy
299,77,wood,JAT Water Base,Premium
570,83,floor,Nippon Floor Wax Polish,Economy
336,56,wood,Nippon Water Base,Economy
413,97,floor,Robbialac,Standard
192,96,floor,Nippon Epoxy,Standard
320,53,wood,JAT Water Base,Economy
152,102,floor,Lankem Robbialac,Premium
560,119,floor,Lankem Robbialac,Premium
406,99,outdoor,Multilac Nano Shield 900,Premium
458,75,outdoor,Nippon Durafresh,Economy
115,73,wood,Robbialac Water Base,Premium
447,88,outdoor,Nippon Atom 2 in 1,Premium
461,54,wood,Robbialac Water Base,Economy
326,52,wood,Nippon Water Base,Economy
146,88,floor,Nippon Floor Paint,Standard
471,98,outdoor,Multilac Ultra Flex 1000,Premium
105,54,indoor,Nippon,Standard
349,64,indoor,Multilac,Premium
204,65,indoor,Asian Paints Causeway,Premium
142,96,outdoor,Nippon Flex 100,Premium
298,69,indoor,Multilac,Premium
553,49,indoor,Multilac,Economy
405,74,wood,Nippolac Water Based,Premium
188,102,floor,Nippon Floor Wax Polish,Premium
600,74,outdoor,Causeway SmartCare Aqua Safe,Economy
301,48,indoor,Dulux,Economy
154,58,indoor,Multilac,Standard
519,55,indoor,Asian Paints Causeway,Standard
309,79,outdoor,Dulux Superkote,Standard
335,56,indoor,Multilac,Standard
251,73,floor,Nippon Epoxy,Economy
224,80,wood,Dulux Water Base,Premium
481,71,floor,Nippon Water Based,Economy
340,68,indoor,Asian Paints Causeway,Premium
370,77,floor,Nippon Epoxy,Economy
379,57,wood,JAT Water Base,Economy
278,90,floor,Lankem Robbialac,Standard
430,97,floor,Nippon Epoxy,Standard
390,96,outdoor,Causeway SmartCare Aqua Safe,Premium
430,112,floor,Causeway,Premium
474,87,floor,Nippon Floor Wax Polish,Standard
280,96,outdoor,Multilac Nano Sealer 700,Premium
475,86,outdoor,Multilac Nano Sealer 700,Premium
276,78,wood,Nippon Water Base,Premium
371,77,floor,Dulux QD Floor Paints,Economy
195,52,wood,Nippon Water Base,Economy
456,86,outdoor,WAPP Waterproofing Paint,Premium
337,61,indoor,Dulux,Premium
471,42,indoor,Nippon,Economy
239,53,wood,Dulux Water Base,Economy
399,94,outdoor,Nippon Durafresh,Premium
116,71,wood,Nippolac Water Based,Premium
455,69,wood,Robbialac Water Base,Standard
399,48,indoor,Nippon,Economy
437,83,outdoor,Nippon Flex 100,Standard
506,105,floor,Nippon Water Based,Premium
354,64,indoor,Multilac,Premium
499,112,floor,Nippon Floor Wax Polish,Premium
145,62,wood,Nippon Water Base,Standard
318,46,indoor,Robbialac,Economy
204,84,floor,Robbialac,Economy
411,51,wood,JAT Water Base,Economy
270,60,indoor,JAT,Standard
471,75,outdoor,Multilac Nano Sealer 700,Economy
295,68,outdoor,Nippon Flex 100,Economy
206,50,wood,Robbialac Water Base,Economy
380,63,indoor,Dulux,Premium
348,51,wood,Robbialac Water Base,Economy
278,80,floor,Causeway,Economy
280,78,wood,Nippon Water Base,Premium
95,85,outdoor,MULTILAC 3IN1,Standard
443,79,wood,JAT Water Base,Premium
85,67,wood,Nippolac Water Based,Standard
255,57,indoor,Asian Paints Causeway,Standard
586,60,indoor,Robbialac,Standard
254,52,wood,Dulux Water Base,Economy
131,86,floor,Robbialac,Standard
135,75,wood,Dulux Water Base,Premium
177,117,floor,Robbialac,Premium
534,44,indoor,Dulux,Economy
296,46,indoor,Robbialac,Economy
366,86,floor,Nippon Epoxy,Standard
579,85,outdoor,Multilac Weather Guard,Standard
148,70,indoor,Nippon,Premium
299,59,wood,Nippolac Water Based,Economy
240,54,indoor,Nippon,Standard
515,86,outdoor,WAPP Waterproofing Paint,Premium
84,40,indoor,Nippon,Economy
292,71,floor,Nippon Floor Paint,Economy
543,73,outdoor,MULTILAC 3IN1,Economy
528,53,wood,Robbialac Water Base,Economy
249,61,wood,Nippon Water Base,Standard
587,75,outdoor,Multilac Nano Shield 900,Economy
236,120,floor,Nippon Water Based,Premium
505,82,outdoor,Causeway SmartCare Aqua Safe,Standard
245,68,wood,Robbialac Water Base,Standard
493,72,wood,Nippon Water Base,Premium
355,68,wood,Nippolac Water Based,Standard
533,90,floor,Nippon Epoxy,Standard
528,69,wood,Dulux Water Base,Standard
289,72,outdoor,Dulux Aquatech,Economy
408,53,indoor,Dulux,Standard
312,67,indoor,Multilac,Premium
327,59,indoor,JAT,Standard
547,44,indoor,JAT,Economy
600,79,floor,Nippon Floor Wax Polish,Economy
154,44,indoor,Nippon,Economy
503,75,wood,Nippon Water Base,Premium
175,71,outdoor,Nippon Flex 400 H/D Elastomeric,Economy
362,56,wood,Nippolac Water Based,Economy
181,79,outdoor,Multilac Weather Guard,Standard
236,105,floor,Nippon Epoxy,Premium
194,70,outdoor,Multilac Weather Guard,Economy
220,70,outdoor,Multilac Nano Shield 900,Economy
531,64,indoor,Multilac,Premium
279,75,wood,JAT Water Base,Premium
594,74,wood,Nippolac Water Based,Premium
569,52,indoor,Dulux,Standard
93,73,wood,Robbialac Water Base,Premium
599,76,floor,Lankem Robbialac,Economy
213,61,wood,JAT Water Base,Standard
465,61,indoor,Robbialac,Premium
423,55,wood,Robbialac Water Base,Economy
80,69,wood,Nippolac Water Based,Standard
291,83,floor,Robbialac,Economy
376,92,floor,Robbialac,Standard
502,49,indoor,Multilac,Economy
558,71,outdoor,JAT Exterior,Economy
205,110,floor,Nippon Water Based,Premium
373,70,outdoor,MULTILAC 3IN1,Economy
280,91,floor,Nippon Epoxy,Standard
197,113,floor,Nippon Water Based,Premium
573,54,indoor,Dulux,Standard
395,78,floor,Causeway,Economy
131,97,floor,Lankem Robbialac,Standard
294,75,floor,Nippon Water Based,Economy
495,78,floor,Nippon Water Based,Economy
413,71,floor,Nippon Floor Wax Polish,Economy
465,74,floor,Nippon Floor Wax Polish,Economy
314,55,indoor,Dulux,Standard
542,50,indoor,Dulux,Economy
90,104,floor,Nippon Epoxy,Premium
328,86,floor,Dulux QD Floor Paints,Standard
151,80,floor,Robbialac,Economy
205,92,outdoor,Nippon Atom 2 in 1,Premium
438,66,indoor,JAT,Premium
305,62,indoor,Robbialac,Premium
106,75,outdoor,Nippon Atom 2 in 1,Economy
535,93,outdoor,Multilac Ultra Flex 1000,Premium
154,72,wood,Nippon Water Base,Premium
478,83,outdoor,MULTILAC MULTI PROTECTO,Standard
371,107,floor,Dulux QD Floor Paints,Premium
172,79,floor,Nippon Water Based,Economy
148,99,floor,Robbialac,Standard
324,114,floor,Nippon Floor Paint,Premium
346,82,floor,Nippon Floor Wax Polish,Economy
352,66,outdoor,MULTILAC 3IN1,Economy
206,64,wood,JAT Water Base,Standard
179,40,indoor,Nippon,Economy
217,72,outdoor,Multilac Weather Guard,Economy
537,96,outdoor,Multilac Weather Guard,Premium
222,41,indoor,Nippon,Economy
274,116,floor,Causeway,Premium
103,74,outdoor,JAT Exterior,Economy
93,83,floor,Nippon Floor Paint,Economy
375,78,floor,Nippon Water Based,Economy
417,97,floor,Causeway,Standard
307,58,indoor,Nippon,Standard
192,72,floor,Dulux QD Floor Paints,Economy
488,108,floor,Nippon Epoxy,Premium
537,70,outdoor,Dulux Superkote,Economy
462,53,wood,Nippon Water Base,Economy
565,78,wood,Nippolac Water Based,Premium
555,117,floor,Causeway,Premium
482,100,floor,Nippon Floor Wax Polish,Standard
356,65,wood,Nippon Water Base,Standard
285,74,floor,Causeway,Economy
118,62,wood,Dulux Water Base,Standard
458,78,outdoor,Multilac Nano Shield 900,Standard
453,53,wood,Nippon Water Base,Economy
220,58,wood,Dulux Water Base,Economy
217,57,indoor,JAT,Standard
163,83,floor,Robbialac,Economy
408,60,indoor,JAT,Standard
232,54,indoor,Dulux,Standard
140,74,outdoor,Multilac Nano Sealer 700,Economy
345,68,wood,JAT Water Base,Standard
468,72,outdoor,WAPP Waterproofing Paint,Economy
600,95,outdoor,MULTILAC 3IN1,Premium
547,53,wood,Robbialac Water Base,Economy
194,65,outdoor,JAT Exterior,Economy
409,76,outdoor,MULTILAC 3IN1,Standard
521,113,floor,Nippon Water Based,Premium
366,106,floor,Dulux QD Floor Paints,Premium
320,59,wood,Nippolac Water Based,Economy
328,60,wood,Nippon Water Base,Economy
95,66,outdoor,JAT Exterior,Economy
307,75,floor,Dulux QD Floor Paints,Economy
526,78,wood,Robbialac Water Base,Premium
169,83,outdoor,Nippon Flex 400 H/D Elastomeric,Standard
162,65,indoor,Robbialac,Premium
279,97,floor,Nippon Water Based,Standard
244,77,wood,Robbialac Water Base,Premium
454,66,indoor,Robbialac,Premium
116,98,outdoor,Nippon Flex 100,Premium
139,62,wood,Nippon Water Base,Standard
284,60,wood,JAT Water Base,Economy
304,76,outdoor,Nippolac Weatherproof,Standard
431,78,wood,Robbialac Water Base,Premium
214,101,floor,Nippon Epoxy,Premium
528,90,floor,Dulux QD Floor Paints,Standard
453,78,wood,Dulux Water Base,Premium
482,71,outdoor,Dulux Weathershield,Economy
513,90,outdoor,MULTILAC MULTI PROTECTO,Premium
312,87,outdoor,Causeway Weatherproof,Premium
518,83,outdoor,Nippon Flex 100,Standard
88,56,indoor,Robbialac,Standard
474,85,outdoor,Multilac Nano Shield 900,Standard
443,42,indoor,Asian Paints Causeway,Economy
113,65,wood,Dulux Water Base,Standard
100,50,indoor,Robbialac,Economy
118,67,outdoor,JAT Exterior,Economy
329,63,indoor,Dulux,Premium
517,111,floor,Nippon Floor Paint,Premium
193,91,floor,Nippon Floor Wax Polish,Standard
140,55,wood,Robbialac Water Base,Economy
562,70,wood,Dulux Water Base,Standard
554,87,outdoor,Nippon Flex 400 H/D Elastomeric,Premium
160,67,outdoor,Nippolac Weatherproof,Economy
153,120,floor,Causeway,Premium
505,54,indoor,Nippon,Standard
141,40,indoor,Robbialac,Economy
524,49,indoor,Nippon,Economy
212,47,indoor,JAT,Economy
213,70,floor,Robbialac,Economy
439,119,floor,Nippon Floor Wax Polish,Premium
351,53,indoor,Robbialac,Standard
571,79,floor,Nippon Floor Paint,Economy
571,42,indoor,Multilac,Economy
402,66,wood,Robbialac Water Base,Standard
417,65,indoor,Asian Paints Causeway,Premium
227,81,floor,Causeway,Economy
283,70,floor,Lankem Robbialac,Economy
361,79,wood,Nippolac Water Based,Premium
514,62,wood,Nippolac Water Based,Standard
258,46,indoor,Robbialac,Economy
393,107,floor,Robbialac,Premium
437,67,outdoor,Nippon Atom 2 in 1,Economy
285,77,wood,Nippon Water Base,Premium
462,59,wood,Nippolac Water Based,Economy
328,56,indoor,JAT,Standard
103,67,indoor,Multilac,Premium
580,43,indoor,Asian Paints Causeway,Economy
357,81,outdoor,Dulux Aquatech,Standard
364,74,floor,Dulux QD Floor Paints,Economy
452,87,outdoor,Causeway SmartCare Aqua Safe,Premium
363,83,outdoor,WAPP Waterproofing Paint,Standard
546,78,floor,Nippon Floor Paint,Economy
235,83,outdoor,Multilac Ultra Flex 1000,Standard
119,49,indoor,Dulux,Economy
335,56,indoor,JAT,Standard
576,54,indoor,Asian Paints Causeway,Standard
146,48,indoor,Asian Paints Causeway,Economy
150,62,wood,Nippon Water Base,Standard
493,59,wood,JAT Water Base,Economy
540,66,wood,Nippon Water Base,Standard
209,45,indoor,JAT,Economy
288,72,wood,Nippolac Water Based,Premium
324,41,indoor,Dulux,Economy
529,82,floor,Dulux QD Floor Paints,Economy
140,50,wood,Robbialac Water Base,Economy
265,76,wood,Robbialac Water Base,Premium
271,98,floor,Nippon Water Based,Standard
87,88,floor,Nippon Floor Wax Polish,Standard
155,47,indoor,Robbialac,Economy
460,89,floor,Causeway,Standard
457,98,floor,Nippon Floor Paint,Standard
284,61,indoor,Robbialac,Premium
247,118,floor,Robbialac,Premium
494,77,wood,JAT Water Base,Premium
348,116,floor,Nippon Floor Paint,Premium
296,59,indoor,Nippon,Standard
371,82,floor,Nippon Epoxy,Economy
586,66,indoor,Robbialac,Premium
481,67,indoor,JAT,Premium
145,69,outdoor,Multilac Nano Sealer 700,Economy
220,62,indoor,Asian Paints Causeway,Premium
514,69,outdoor,WAPP Waterproofing Paint,Economy
193,114,floor,Causeway,Premium
303,65,indoor,Robbialac,Premium
163,64,indoor,Multilac,Premium
157,74,outdoor,Dulux Superkote,Economy
308,45,indoor,Dulux,Economy
300,67,wood,Robbialac Water Base,Standard
177,84,outdoor,Causeway Weatherproof,Standard
141,68,outdoor,Nippolac Weatherproof,Economy
337,70,wood,JAT Water Base,Standard
454,99,outdoor,Multilac Nano Sealer 700,Premium
159,66,outdoor,WAPP Waterproofing Paint,Economy
345,59,indoor,Nippon,Standard
496,75,wood,Robbialac Water Base,Premium
514,78,outdoor,Multilac Nano Shield 900,Standard
545,79,outdoor,Nippolac Weatherproof,Standard
561,92,floor,Nippon Floor Wax Polish,Standard
213,51,wood,Nippon Water Base,Economy
461,102,floor,Nippon Floor Wax Polish,Premium
125,87,floor,Nippon Floor Wax Polish,Standard
331,40,indoor,Nippon,Economy
90,55,wood,Nippon Water Base,Economy
430,67,indoor,Nippon,Premium
358,62,wood,Robbialac Water Base,Standard
316,67,wood,Nippolac Water Based,Standard
96,85,outdoor,Multilac Nano Shield 900,Standard
405,67,wood,Robbialac Water Base,Standard
558,80,wood,Robbialac Water Base,Premium
549,53,indoor,Robbialac,Standard
591,87,floor,Nippon Floor Paint,Standard
176,86,floor,Nippon Floor Wax Polish,Standard
111,63,indoor,Dulux,Premium
375,58,indoor,Asian Paints Causeway,Standard
109,88,outdoor,Nippon Flex 100,Premium
338,100,floor,Causeway,Standard
213,66,indoor,Multilac,Premium
453,55,indoor,Asian Paints Causeway,Standard
348,85,floor,Dulux QD Floor Paints,Economy
443,45,indoor,Robbialac,Economy
549,69,wood,Nippolac Water Based,Standard
225,59,wood,Robbialac Water Base,Economy
178,86,outdoor,Nippon Durafresh,Premium
264,93,outdoor,Multilac Nano Sealer 700,Premium
395,56,wood,Dulux Water Base,Economy
331,59,wood,Nippolac Water Based,Economy
186,95,floor,Nippon Epoxy,Standard
153,41,indoor,Nippon,Economy
313,108,floor,Nippon Epoxy,Premium
520,72,wood,Nippon Water Base,Premium
297,61,wood,Nippon Water Base,Standard
335,92,outdoor,Nippon Flex 100,Premium
573,73,floor,Lankem Robbialac,Economy
122,64,wood,Nippolac Water Based,Standard
407,86,floor,Dulux QD Floor Paints,Standard
521,81,floor,Nippon Floor Wax Polish,Economy
348,62,wood,Nippon Water Base,Standard
169,92,outdoor,Multilac Nano Sealer 700,Premium
168,71,floor,Lankem Robbialac,Economy
177,75,wood,Nippolac Water Based,Premium
206,97,outdoor,Dulux Aquatech,Premium
597,95,floor,Nippon Floor Paint,Standard
551,76,outdoor,Dulux Aquatech,Standard
433,72,floor,Nippon Floor Wax Polish,Economy
589,75,floor,Lankem Robbialac,Economy
540,74,wood,Nippolac Water Based,Premium
192,43,indoor,Robbialac,Economy
534,96,outdoor,JAT Exterior,Premium
597,93,outdoor,Causeway Weatherproof,Premium
379,53,wood,Nippolac Water Based,Economy
410,67,outdoor,Nippolac Weatherproof,Economy
354,72,floor,Nippon Floor Wax Polish,Economy
395,73,outdoor,Multilac Ultra Flex 1000,Economy
357,75,floor,Nippon Floor Wax Polish,Economy
265,68,outdoor,Nippon Atom 2 in 1,Economy
296,65,wood,JAT Water Base,Standard
91,76,wood,Robbialac Water Base,Premium
339,45,indoor,JAT,Economy
519,77,wood,Nippon Water Base,Premium
129,89,floor,Lankem Robbialac,Standard
113,63,indoor,Asian Paints Causeway,Premium
243,49,indoor,JAT,Economy
551,93,floor,Causeway,Standard
536,82,outdoor,Nippon Flex 400 H/D Elastomeric,Standard
397,54,wood,Robbialac Water Base,Economy
178,61,wood,Nippon Water Base,Standard
125,68,outdoor,Nippon Flex 100,Economy
563,90,outdoor,Multilac Nano Shield 900,Premium
315,61,wood,Nippolac Water Based,Standard
579,93,floor,Nippon Floor Wax Polish,Standard
492,42,indoor,JAT,Economy
447,88,outdoor,Nippon Flex 100,Premium
498,78,wood,Nippon Water Base,Premium
277,65,outdoor,Multilac Ultra Flex 1000,Economy
288,96,outdoor,Dulux Weathershield,Premium
465,70,outdoor,Nippon Flex 400 H/D Elastomeric,Economy
591,59,wood,Dulux Water Base,Economy
169,76,wood,Dulux Water Base,Premium
174,73,outdoor,Multilac Nano Shield 900,Economy
231,57,indoor,Dulux,Standard
435,54,wood,Nippon Water Base,Economy
225,67,wood,JAT Water Base,Standard
415,89,outdoor,MULTILAC MULTI PROTECTO,Premium
594,58,indoor,Nippon,Standard
526,98,outdoor,Causeway SmartCare Aqua Safe,Premium
538,75,floor,Robbialac,Economy
512,62,wood,Nippolac Water Based,Standard
130,91,outdoor,Dulux Aquatech,Premium
446,41,indoor,Nippon,Economy
491,67,outdoor,Causeway SmartCare Aqua Safe,Economy
465,99,floor,Nippon Water Based,Standard
361,48,indoor,Multilac,Economy
132,114,floor,Robbialac,Premium
316,68,outdoor,Causeway SmartCare Aqua Safe,Economy
311,80,floor,Nippon Floor Paint,Economy
241,75,outdoor,WAPP Waterproofing Paint,Economy
130,92,outdoor,Dulux Superkote,Premium
310,63,wood,Dulux Water Base,Standard
261,77,wood,JAT Water Base,Premium
578,60,indoor,Multilac,Standard
385,75,wood,Robbialac Water Base,Premium
134,48,indoor,Asian Paints Causeway,Economy
464,52,indoor,Robbialac,Standard
233,71,wood,Robbialac Water Base,Premium
351,117,floor,Nippon Floor Wax Polish,Premium
328,76,floor,Nippon Floor Wax Polish,Economy
370,94,outdoor,Nippon Atom 2 in 1,Premium
531,68,indoor,Dulux,Premium
133,61,wood,Nippon Water Base,Standard
138,52,indoor,Asian Paints Causeway,Standard
174,57,indoor,Nippon,Standard
549,71,wood,Nippon Water Base,Premium
524,80,outdoor,Dulux Superkote,Standard
551,61,indoor,JAT,Premium
584,104,floor,Causeway,Premium
506,100,floor,Dulux QD Floor Paints,Standard
288,90,floor,Robbialac,Standard
417,81,outdoor,Nippon Flex 100,Standard
491,69,outdoor,Nippon Atom 2 in 1,Economy
250,92,floor,Robbialac,Standard
259,49,indoor,Dulux,Economy
293,63,wood,JAT Water Base,Standard
114,81,outdoor,Nippon Atom 2 in 1,Standard
293,86,outdoor,Nippon Durafresh,Premium
281,78,wood,Dulux Water Base,Premium
587,56,indoor,Asian Paints Causeway,Standard
348,70,floor,Nippon Floor Wax Polish,Economy
291,70,floor,Nippon Epoxy,Economy
289,65,indoor,Multilac,Premium
121,40,indoor,JAT,Economy
297,65,indoor,Nippon,Premium
568,66,outdoor,Nippon Flex 400 H/D Elastomeric,Economy
100,91,floor,Lankem Robbialac,Standard
470,40,indoor,Nippon,Economy
401,106,floor,Nippon Floor Paint,Premium
102,62,indoor,Multilac,Premium
112,78,wood,JAT Water Base,Premium
421,67,wood,Robbialac Water Base,Standard
85,52,indoor,Dulux,Standard
304,117,floor,Nippon Epoxy,Premium
478,81,outdoor,Nippon Flex 100,Standard
472,80,outdoor,Dulux Aquatech,Standard
171,84,outdoor,Nippon Atom 2 in 1,Standard
121,77,floor,Causeway,Economy
506,78,wood,Nippon Water Base,Premium
111,115,floor,Lankem Robbialac,Premium
536,44,indoor,JAT,Economy
214,68,indoor,Robbialac,Premium
427,53,indoor,JAT,Standard
156,49,indoor,Nippon,Economy
401,119,floor,Lankem Robbialac,Premium
299,49,indoor,Robbialac,Economy
170,60,wood,Nippon Water Base,Economy
196,105,floor,Nippon Floor Wax Polish,Premium
115,59,wood,Dulux Water Base,Economy
246,52,wood,Robbialac Water Base,Economy
417,54,indoor,Multilac,Standard
228,81,floor,Nippon Epoxy,Economy
546,118,floor,Lankem Robbialac,Premium
498,57,wood,Dulux Water Base,Economy
138,84,floor,Nippon Water Based,Economy
197,79,outdoor,Nippon Flex 100,Standard
475,120,floor,Lankem Robbialac,Premium
554,43,indoor,Asian Paints Causeway,Economy
283,104,floor,Robbialac,Premium
332,54,indoor,Asian Paints Causeway,Standard
573,71,wood,Dulux Water Base,Premium
474,42,indoor,JAT,Economy
450,66,wood,Dulux Water Base,Standard
91,65,wood,Robbialac Water Base,Standard
147,78,floor,Causeway,Economy
276,79,floor,Nippon Floor Paint,Economy
394,50,indoor,Multilac,Economy
263,71,outdoor,Multilac Nano Shield 900,Economy
134,106,floor,Causeway,Premium
558,83,floor,Nippon Epoxy,Economy
581,53,indoor,Asian Paints Causeway,Standard
491,65,outdoor,MULTILAC 3IN1,Economy
566,58,wood,Dulux Water Base,Economy
174,77,wood,Robbialac Water Base,Premium
201,70,indoor,JAT,Premium
179,51,indoor,JAT,Standard
462,52,wood,Nippolac Water Based,Economy
415,82,outdoor,MULTILAC 3IN1,Standard
106,63,wood,Nippon Water Base,Standard
462,96,floor,Nippon Epoxy,Standard
291,48,indoor,Multilac,Economy
423,71,outdoor,Multilac Nano Shield 900,Economy
114,41,indoor,Nippon,Economy
360,103,floor,Nippon Floor Paint,Premium
558,50,indoor,Dulux,Economy
493,41,indoor,Asian Paints Causeway,Economy
433,87,outdoor,WAPP Waterproofing Paint,Premium
585,76,outdoor,Dulux Aquatech,Standard
141,90,floor,Causeway,Standard
202,75,wood,JAT Water Base,Premium
197,76,wood,Nippon Water Base,Premium
313,78,outdoor,JAT Exterior,Standard
242,87,floor,Causeway,Standard
123,44,indoor,Nippon,Economy
92,69,indoor,Robbialac,Premium
391,64,indoor,JAT,Premium
586,81,outdoor,Nippon Durafresh,Standard
586,97,outdoor,Multilac Nano Sealer 700,Premium
367,79,floor,Robbialac,Economy
337,64,indoor,Robbialac,Premium
404,120,floor,Nippon Epoxy,Premium
175,85,outdoor,MULTILAC 3IN1,Standard
133,84,floor,Dulux QD Floor Paints,Economy
254,46,indoor,JAT,Economy
432,98,outdoor,MULTILAC 3IN1,Premium
459,92,floor,Nippon Epoxy,Standard
272,51,indoor,Dulux,Standard
421,52,indoor,JAT,Standard
148,98,outdoor,Nippon Flex 100,Premium
294,71,floor,Nippon Floor Paint,Economy
339,61,wood,Robbialac Water Base,Standard
154,59,wood,Dulux Water Base,Economy
202,74,outdoor,Nippon Flex 100,Economy
114,61,indoor,Asian Paints Causeway,Premium
317,72,wood,Robbialac Water Base,Premium
204,114,floor,Robbialac,Premium
299,95,outdoor,Nippon Atom 2 in 1,Premium
84,79,floor,Robbialac,Economy
553,77,wood,Nippolac Water Based,Premium
422,108,floor,Robbialac,Premium
274,58,indoor,Asian Paints Causeway,Standard
305,41,indoor,Robbialac,Economy
352,80,wood,Dulux Water Base,Premium
107,63,indoor,Asian Paints Causeway,Premium
230,53,wood,Robbialac Water Base,Economy
517,58,indoor,Asian Paints Causeway,Standard
599,99,outdoor,Dulux Aquatech,Premium
88,78,wood,Nippolac Water Based,Premium
192,72,wood,Nippon Water Base,Premium
83,77,outdoor,Causeway SmartCare Aqua Safe,Standard
598,59,wood,Nippon Water Base,Economy
417,48,indoor,Nippon,Economy
574,83,floor,Robbialac,Economy
403,107,floor,Robbialac,Premium
263,73,outdoor,Multilac Nano Sealer 700,Economy
517,66,wood,JAT Water Base,Standard
155,80,outdoor,Nippolac Weatherproof,Standard
583,68,wood,Dulux Water Base,Standard
109,58,wood,Robbialac Water Base,Economy
312,80,outdoor,Causeway SmartCare Aqua Safe,Standard
304,72,floor,Lankem Robbialac,Economy
124,99,floor,Nippon Floor Paint,Standard
172,70,outdoor,Dulux Weathershield,Economy
507,73,floor,Causeway,Economy
440,90,floor,Robbialac,Standard
340,72,wood,JAT Water Base,Premium
502,81,floor,Nippon Floor Wax Polish,Economy
105,72,wood,Nippon Water Base,Premium
392,69,outdoor,Dulux Superkote,Economy
205,51,wood,Dulux Water Base,Economy
566,48,indoor,Robbialac,Economy
537,66,wood,JAT Water Base,Standard
564,64,indoor,JAT,Premium
124,91,outdoor,Nippon Flex 400 H/D Elastomeric,Premium
329,66,outdoor,MULTILAC MULTI PROTECTO,Economy
184,80,outdoor,Nippon Durafresh,Standard
149,67,wood,Robbialac Water Base,Standard
311,85,floor,Nippon Water Based,Economy
125,40,indoor,Robbialac,Economy
429,73,floor,Causeway,Economy
346,90,outdoor,JAT Exterior,Premium
582,96,floor,Nippon Water Based,Standard
444,86,outdoor,Multilac Weather Guard,Premium
586,91,outdoor,JAT Exterior,Premium
482,115,floor,Nippon Floor Wax Polish,Premium
344,60,indoor,JAT,Standard
245,68,outdoor,Multilac Nano Sealer 700,Economy
378,65,outdoor,Dulux Weathershield,Economy
233,79,floor,Causeway,Economy
378,81,floor,Nippon Floor Paint,Economy
420,60,indoor,JAT,Standard
163,68,wood,Nippon Water Base,Standard
191,99,floor,Nippon Epoxy,Standard
108,84,outdoor,WAPP Waterproofing Paint,Standard
184,114,floor,Causeway,Premium
161,74,floor,Nippon Water Based,Economy
291,91,outdoor,Multilac Weather Guard,Premium
267,78,wood,Robbialac Water Base,Premium
425,51,indoor,Asian Paints Causeway,Standard
249,57,indoor,Robbialac,Standard
190,69,indoor,Nippon,Premium
204,72,outdoor,Dulux Superkote,Economy
280,66,indoor,Asian Paints Causeway,Premium
128,71,wood,Nippon Water Base,Premium
453,96,outdoor,Causeway Weatherproof,Premium
360,66,indoor,JAT,Premium
459,74,outdoor,Causeway SmartCare Aqua Safe,Economy
264,40,indoor,Multilac,Economy
568,100,outdoor,Multilac Nano Sealer 700,Premium
136,69,outdoor,Nippon Durafresh,Economy
149,99,floor,Lankem Robbialac,Standard
435,100,floor,Nippon Floor Wax Polish,Standard
213,71,floor,Causeway,Economy
462,58,wood,JAT Water Base,Economy
527,61,wood,Nippolac Water Based,Standard
85,72,outdoor,Multilac Ultra Flex 1000,Economy
193,65,indoor,Dulux,Premium
138,72,wood,Nippolac Water Based,Premium
186,86,outdoor,Multilac Ultra Flex 1000,Premium
216,86,outdoor,Nippon Durafresh,Premium
392,68,wood,Nippon Water Base,Standard
290,106,floor,Robbialac,Premium
93,65,outdoor,Nippon Durafresh,Economy
151,70,outdoor,Nippon Flex 400 H/D Elastomeric,Economy
458,73,wood,Nippolac Water Based,Premium
334,59,indoor,Multilac,Standard
186,70,indoor,Nippon,Premium
156,95,floor,Nippon Epoxy,Standard
404,80,floor,Robbialac,Economy
368,63,indoor,Asian Paints Causeway,Premium
416,71,floor,Causeway,Economy
559,76,wood,Robbialac Water Base,Premium
170,79,outdoor,MULTILAC MULTI PROTECTO,Standard
553,81,outdoor,Nippon Flex 100,Standard
342,62,indoor,Asian Paints Causeway,Premium
452,81,floor,Nippon Floor Paint,Economy
297,69,outdoor,Dulux Aquatech,Economy
445,72,wood,JAT Water Base,Premium
210,105,floor,Nippon Water Based,Premium
210,68,wood,Robbialac Water Base,Standard
225,82,outdoor,WAPP Waterproofing Paint,Standard
333,59,indoor,Asian Paints Causeway,Standard
428,75,outdoor,JAT Exterior,Economy
566,108,floor,Nippon Water Based,Premium
425,93,outdoor,Dulux Weathershield,Premium
194,76,wood,Robbialac Water Base,Premium
323,56,wood,JAT Water Base,Economy
94,79,outdoor,Nippolac Weatherproof,Standard
281,75,floor,Nippon Epoxy,Economy
298,65,wood,Robbialac Water Base,Standard
278,61,indoor,Robbialac,Premium
372,58,wood,Dulux Water Base,Economy
514,105,floor,Nippon Epoxy,Premium
187,107,floor,Causeway,Premium
368,94,outdoor,Nippon Flex 400 H/D Elastomeric,Premium
223,92,floor,Nippon Water Based,Standard
565,81,outdoor,Causeway Weatherproof,Standard
91,81,outdoor,Causeway Weatherproof,Standard
545,91,floor,Lankem Robbialac,Standard
220,65,indoor,Dulux,Premium
413,62,indoor,JAT,Premium
334,46,indoor,JAT,Economy
389,60,wood,JAT Water Base,Economy
369,107,floor,Causeway,Premium
569,80,wood,Dulux Water Base,Premium
406,47,indoor,Asian Paints Causeway,Economy
479,81,floor,Nippon Water Based,Economy
442,67,outdoor,Causeway Weatherproof,Economy
507,73,outdoor,Causeway Weatherproof,Economy
334,72,outdoor,Dulux Aquatech,Economy
436,52,wood,JAT Water Base,Economy
218,85,outdoor,MULTILAC 3IN1,Standard
115,66,indoor,Dulux,Premium
305,75,wood,Robbialac Water Base,Premium
291,95,outdoor,MULTILAC MULTI PROTECTO,Premium
229,56,indoor,Dulux,Standard
472,54,indoor,Multilac,Standard
391,70,outdoor,Causeway SmartCare Aqua Safe,Economy
353,78,wood,Dulux Water Base,Premium
390,77,wood,Nippon Water Base,Premium
240,63,wood,Robbialac Water Base,Standard
480,78,outdoor,Multilac Weather Guard,Standard
325,68,indoor,Multilac,Premium
520,85,floor,Nippon Floor Wax Polish,Economy
454,63,wood,Robbialac Water Base,Standard
253,79,wood,Nippon Water Base,Premium
288,76,outdoor,Multilac Weather Guard,Standard
276,96,floor,Nippon Epoxy,Standard
225,51,wood,Nippolac Water Based,Economy
528,117,floor,Nippon Floor Paint,Premium
309,83,outdoor,Multilac Weather Guard,Standard
269,96,outdoor,Causeway SmartCare Aqua Safe,Premium
280,90,outdoor,Nippolac Weatherproof,Premium
280,51,indoor,Dulux,Standard
392,69,outdoor,Dulux Aquatech,Economy
241,100,floor,Causeway,Standard
188,80,outdoor,Multilac Ultra Flex 1000,Standard
312,50,wood,Dulux Water Base,Economy
452,59,wood,Robbialac Water Base,Economy
124,95,floor,Nippon Epoxy,Standard
303,56,indoor,Nippon,Standard
124,55,wood,JAT Water Base,Economy
81,53,indoor,Dulux,Standard
157,54,indoor,JAT,Standard
99,116,floor,Causeway,Premium
329,96,floor,Nippon Epoxy,Standard
261,61,wood,JAT Water Base,Standard
399,66,wood,Nippolac Water Based,Standard
497,80,floor,Nippon Floor Paint,Economy
230,55,wood,Nippon Water Base,Economy
530,95,outdoor,Causeway Weatherproof,Premium
447,52,indoor,JAT,Standard
504,59,wood,Nippon Water Base,Economy
264,79,floor,Causeway,Economy
263,59,indoor,Robbialac,Standard
540,98,floor,Nippon Water Based,Standard
142,60,indoor,Multilac,Standard
253,106,floor,Nippon Floor Wax Polish,Premium
280,57,indoor,Asian Paints Causeway,Standard
323,80,wood,Nippolac Water Based,Premium
298,86,outdoor,Causeway SmartCare Aqua Safe,Premium
395,80,wood,Nippon Water Base,Premium
345,101,floor,Causeway,Premium
573,56,indoor,JAT,Standard
348,61,wood,Robbialac Water Base,Standard
501,77,wood,Dulux Water Base,Premium
147,72,wood,Nippolac Water Based,Premium
493,74,floor,Causeway,Economy
526,76,outdoor,Multilac Weather Guard,Standard
101,67,outdoor,Nippon Durafresh,Economy
213,112,floor,Nippon Epoxy,Premium
212,75,wood,Dulux Water Base,Premium
395,48,indoor,Nippon,Economy
167,104,floor,Nippon Water Based,Premium
383,57,indoor,Nippon,Standard
471,52,wood,Nippolac Water Based,Economy
318,80,floor,Nippon Epoxy,Economy
375,70,wood,Dulux Water Base,Standard
87,75,wood,JAT Water Base,Premium
131,43,indoor,JAT,Economy
274,109,floor,Robbialac,Premium
229,89,outdoor,JAT Exterior,Premium
467,70,outdoor,Dulux Weathershield,Economy
127,61,indoor,Dulux,Premium
208,72,floor,Lankem Robbialac,Economy
154,60,indoor,Nippon,Standard
209,91,outdoor,Nippon Durafresh,Premium
400,76,wood,Nippolac Water Based,Premium
240,88,floor,Lankem Robbialac,Standard
501,48,indoor,Robbialac,Economy
188,94,floor,Nippon Floor Wax Polish,Standard
371,61,wood,Dulux Water Base,Standard
528,83,floor,Nippon Floor Wax Polish,Economy
476,58,wood,Nippon Water Base,Economy
186,105,floor,Nippon Floor Wax Polish,Premium
368,98,outdoor,Nippon Atom 2 in 1,Premium
309,47,indoor,Asian Paints Causeway,Economy
106,58,wood,JAT Water Base,Economy
89,77,floor,Nippon Floor Paint,Economy
279,95,floor,Nippon Floor Paint,Standard
464,74,floor,Nippon Floor Wax Polish,Economy
306,57,indoor,JAT,Standard
225,97,floor,Nippon Floor Wax Polish,Standard
209,78,outdoor,Causeway SmartCare Aqua Safe,Standard
573,55,wood,Nippolac Water Based,Economy
106,77,floor,Robbialac,Economy
546,52,indoor,Dulux,Standard
304,66,outdoor,MULTILAC 3IN1,Economy
213,110,floor,Robbialac,Premium
525,79,wood,Dulux Water Base,Premium
482,48,indoor,Multilac,Economy
421,40,indoor,Robbialac,Economy
266,41,indoor,Multilac,Economy
388,100,outdoor,MULTILAC MULTI PROTECTO,Premium
501,61,indoor,Asian Paints Causeway,Premium
586,46,indoor,Dulux,Economy
294,67,outdoor,MULTILAC 3IN1,Economy
556,89,floor,Nippon Epoxy,Standard
447,94,floor,Nippon Floor Wax Polish,Standard
571,49,indoor,Asian Paints Causeway,Economy
214,66,indoor,Multilac,Premium
90,75,outdoor,Causeway Weatherproof,Economy
286,78,outdoor,Multilac Weather Guard,Standard
493,76,wood,Nippolac Water Based,Premium
542,93,outdoor,Dulux Superkote,Premium
183,97,outdoor,Nippon Atom 2 in 1,Premium
419,99,floor,Nippon Floor Paint,Standard
324,59,indoor,Multilac,Standard
523,89,floor,Nippon Epoxy,Standard
200,61,indoor,Nippon,Premium
423,62,indoor,Robbialac,Premium
137,44,indoor,Multilac,Economy
528,63,indoor,Asian Paints Causeway,Premium
378,70,wood,Dulux Water Base,Standard
586,55,indoor,JAT,Standard
565,75,floor,Lankem Robbialac,Economy
294,68,outdoor,JAT Exterior,Economy
105,100,floor,Nippon Epoxy,Standard
164,69,wood,Nippolac Water Based,Standard
155,76,wood,Robbialac Water Base,Premium
433,51,indoor,Robbialac,Standard
459,64,indoor,JAT,Premium
403,65,indoor,JAT,Premium
442,56,wood,Nippolac Water Based,Economy
448,95,floor,Robbialac,Standard
328,46,indoor,Dulux,Economy
591,47,indoor,Dulux,Economy
352,50,wood,Nippolac Water Based,Economy
557,40,indoor,JAT,Economy
246,96,outdoor,Dulux Weathershield,Premium
413,52,wood,Nippolac Water Based,Economy
508,56,wood,Dulux Water Base,Economy
382,74,wood,Nippon Water Base,Premium
252,75,wood,Nippolac Water Based,Premium
486,77,floor,Nippon Floor Paint,Economy
388,54,indoor,JAT,Standard
220,97,outdoor,Dulux Weathershield,Premium
253,61,wood,Nippon Water Base,Standard
90,91,floor,Nippon Water Based,Standard
201,86,outdoor,Dulux Superkote,Premium
297,85,outdoor,Nippon Flex 400 H/D Elastomeric,Standard
390,109,floor,Nippon Water Based,Premium
219,70,outdoor,WAPP Waterproofing Paint,Economy
301,58,indoor,Asian Paints Causeway,Standard
311,76,floor,Robbialac,Economy
239,73,wood,JAT Water Base,Premium
85,114,floor,Robbialac,Premium
418,56,wood,Nippon Water Base,Economy
276,50,wood,Nippolac Water Based,Economy
309,72,outdoor,MULTILAC MULTI PROTECTO,Economy
146,44,indoor,Dulux,Economy
586,40,indoor,Nippon,Economy
485,45,indoor,Dulux,Economy
120,114,floor,Nippon Water Based,Premium
91,93,outdoor,JAT Exterior,Premium
270,80,outdoor,Dulux Aquatech,Standard
428,87,outdoor,Nippon Flex 100,Premium
454,59,indoor,JAT,Standard
390,84,outdoor,MULTILAC MULTI PROTECTO,Standard
592,53,indoor,Nippon,Standard
266,76,outdoor,Causeway Weatherproof,Standard
283,69,indoor,JAT,Premium
534,75,floor,Robbialac,Economy
412,75,outdoor,Nippolac Weatherproof,Economy
512,70,floor,Nippon Floor Paint,Economy
269,79,wood,Robbialac Water Base,Premium
224,100,outdoor,Dulux Aquatech,Premium
532,79,floor,Causeway,Economy
588,97,outdoor,WAPP Waterproofing Paint,Premium
508,54,indoor,Multilac,Standard
452,69,indoor,JAT,Premium
499,60,indoor,Asian Paints Causeway,Standard
309,82,floor,Dulux QD Floor Paints,Economy
196,40,indoor,Robbialac,Economy
407,117,floor,Dulux QD Floor Paints,Premium
279,74,outdoor,Multilac Ultra Flex 1000,Economy
178,65,outdoor,Multilac Nano Sealer 700,Economy
531,80,wood,JAT Water Base,Premium
257,86,floor,Dulux QD Floor Paints,Standard
148,74,floor,Nippon Floor Wax Polish,Economy
115,80,outdoor,Nippolac Weatherproof,Standard
396,65,indoor,JAT,Premium
449,80,floor,Nippon Floor Paint,Economy
190,51,indoor,Multilac,Standard
167,116,floor,Dulux QD Floor Paints,Premium
323,74,wood,Nippolac Water Based,Premium
333,73,wood,Robbialac Water Base,Premium
183,100,outdoor,Dulux Aquatech,Premium
458,79,floor,Nippon Epoxy,Economy
568,75,wood,JAT Water Base,Premium
101,69,outdoor,Nippon Flex 400 H/D Elastomeric,Economy
456,52,wood,Dulux Water Base,Economy
550,42,indoor,Multilac,Economy
513,70,floor,Lankem Robbialac,Economy
416,75,wood,Dulux Water Base,Premium
397,82,outdoor,Causeway Weatherproof,Standard
490,65,outdoor,Multilac Weather Guard,Economy
513,76,floor,Nippon Floor Paint,Economy
438,63,indoor,Multilac,Premium
291,54,indoor,Asian Paints Causeway,Standard
599,53,indoor,Dulux,Standard
144,71,floor,Nippon Floor Wax Polish,Economy
81,40,indoor,Dulux,Economy
119,82,outdoor,JAT Exterior,Standard
388,84,outdoor,Dulux Aquatech,Standard
180,64,indoor,Multilac,Premium
251,56,indoor,Asian Paints Causeway,Standard
377,41,indoor,Asian Paints Causeway,Economy
298,117,floor,Nippon Epoxy,Premium
550,99,outdoor,Multilac Nano Sealer 700,Premium
104,76,wood,Dulux Water Base,Premium
113,80,floor,Nippon Epoxy,Economy
355,81,floor,Robbialac,Economy
582,73,floor,Nippon Epoxy,Economy
418,68,indoor,Nippon,Premium
543,111,floor,Dulux QD Floor Paints,Premium
506,105,floor,Nippon Floor Wax Polish,Premium
423,79,wood,Nippolac Water Based,Premium
330,110,floor,Nippon Water Based,Premium
101,93,floor,Nippon Epoxy,Standard
562,67,indoor,Robbialac,Premium
367,109,floor,Nippon Floor Wax Polish,Premium
590,66,indoor,Asian Paints Causeway,Premium
100,69,indoor,JAT,Premium
424,99,outdoor,Multilac Weather Guard,Premium
511,69,indoor,JAT,Premium
580,66,indoor,Nippon,Premium
200,82,outdoor,Nippolac Weatherproof,Standard
426,77,outdoor,MULTILAC MULTI PROTECTO,Standard
90,49,indoor,Robbialac,Economy
273,85,floor,Nippon Epoxy,Economy
134,66,indoor,Multilac,Premium
258,80,floor,Nippon Floor Wax Polish,Economy
122,68,wood,Robbialac Water Base,Standard
97,84,outdoor,JAT Exterior,Standard
223,42,indoor,Robbialac,Economy
444,40,indoor,JAT,Economy
276,70,outdoor,Causeway SmartCare Aqua Safe,Economy
532,71,wood,Dulux Water Base,Premium
306,45,indoor,Robbialac,Economy
543,62,wood,JAT Water Base,Standard
542,73,wood,JAT Water Base,Premium
579,77,floor,Lankem Robbialac,Economy
204,61,indoor,Multilac,Premium
406,92,floor,Causeway,Standard
132,74,wood,Nippon Water Base,Premium
564,64,wood,Nippon Water Base,Standard
527,88,outdoor,Multilac Nano Shield 900,Premium
420,61,wood,Robbialac Water Base,Standard
370,57,indoor,JAT,Standard
132,65,indoor,Dulux,Premium
557,73,floor,Lankem Robbialac,Economy
334,64,indoor,Asian Paints Causeway,Premium
575,99,outdoor,MULTILAC 3IN1,Premium
159,64,wood,Robbialac Water Base,Standard
329,111,floor,Nippon Water Based,Premium
488,62,indoor,Asian Paints Causeway,Premium
80,61,indoor,Robbialac,Premium
360,92,floor,Nippon Epoxy,Standard
518,86,floor,Causeway,Standard
112,63,wood,Nippolac Water Based,Standard
210,51,wood,JAT Water Base,Economy
81,70,indoor,Multilac,Premium
450,48,indoor,Multilac,Economy
564,61,wood,JAT Water Base,Standard
144,84,floor,Nippon Water Based,Economy
130,100,outdoor,Multilac Nano Sealer 700,Premium
254,56,wood,Nippolac Water Based,Economy
517,62,wood,JAT Water Base,Standard
103,65,outdoor,Nippon Durafresh,Economy
177,51,indoor,Robbialac,Standard
380,76,floor,Nippon Floor Paint,Economy
145,106,floor,Nippon Epoxy,Premium
342,60,wood,Nippon Water Base,Economy
194,60,wood,Nippolac Water Based,Economy
549,84,outdoor,Nippon Durafresh,Standard
529,73,floor,Causeway,Economy
409,109,floor,Nippon Epoxy,Premium
453,62,indoor,Nippon,Premium
143,71,wood,Dulux Water Base,Premium
167,89,floor,Lankem Robbialac,Standard
502,78,wood,Dulux Water Base,Premium
263,68,wood,Nippon Water Base,Standard
414,71,wood,JAT Water Base,Premium
598,96,outdoor,JAT Exterior,Premium
463,88,floor,Nippon Floor Wax Polish,Standard
210,72,wood,Nippolac Water Based,Premium
506,58,indoor,Dulux,Standard
229,59,indoor,Nippon,Standard
158,86,floor,Nippon Floor Wax Polish,Standard
353,85,outdoor,Nippolac Weatherproof,Standard
410,96,outdoor,Nippolac Weatherproof,Premium
171,92,floor,Lankem Robbialac,Standard
372,52,wood,JAT Water Base,Economy
376,56,wood,JAT Water Base,Economy
177,65,wood,Nippolac Water Based,Standard
438,63,indoor,Nippon,Premium
329,70,outdoor,Multilac Weather Guard,Economy
283,72,wood,JAT Water Base,Premium
490,66,outdoor,Causeway Weatherproof,Economy
220,96,outdoor,Multilac Weather Guard,Premium
173,54,wood,Nippolac Water Based,Economy
254,75,floor,Nippon Floor Wax Polish,Economy
264,79,outdoor,MULTILAC MULTI PROTECTO,Standard
543,114,floor,Nippon Floor Wax Polish,Premium
242,75,wood,Nippon Water Base,Premium
125,103,floor,Nippon Floor Wax Polish,Premium
387,66,indoor,Asian Paints Causeway,Premium
374,97,outdoor,Multilac Nano Shield 900,Premium
562,69,outdoor,Multilac Nano Sealer 700,Economy
275,76,floor,Nippon Epoxy,Economy
535,115,floor,Nippon Floor Paint,Premium
550,58,wood,Nippolac Water Based,Economy
158,75,wood,Nippon Water Base,Premium
316,75,outdoor,Nippon Atom 2 in 1,Economy
526,116,floor,Nippon Floor Wax Polish,Premium
497,75,floor,Nippon Epoxy,Economy
304,89,outdoor,Multilac Nano Sealer 700,Premium
210,91,outdoor,JAT Exterior,Premium
498,66,outdoor,Multilac Nano Sealer 700,Economy
408,76,outdoor,JAT Exterior,Standard
392,79,outdoor,Nippon Flex 100,Standard
460,70,indoor,Robbialac,Premium
588,74,wood,Dulux Water Base,Premium
586,105,floor,Nippon Epoxy,Premium
337,66,outdoor,WAPP Waterproofing Paint,Economy
111,62,indoor,JAT,Premium
160,72,outdoor,Multilac Nano Shield 900,Economy
490,94,outdoor,Causeway SmartCare Aqua Safe,Premium
275,59,wood,Dulux Water Base,Economy
559,99,outdoor,Nippon Durafresh,Premium
293,104,floor,Dulux QD Floor Paints,Premium
88,43,indoor,JAT,Economy
378,92,outdoor,Nippolac Weatherproof,Premium
564,71,wood,Robbialac Water Base,Premium
249,79,wood,Robbialac Water Base,Premium
276,99,outdoor,Multilac Nano Sealer 700,Premium
266,67,wood,Nippon Water Base,Standard
262,92,floor,Robbialac,Standard
294,110,floor,Robbialac,Premium
415,67,outdoor,WAPP Waterproofing Paint,Economy
189,74,outdoor,Multilac Ultra Flex 1000,Economy
393,65,indoor,Nippon,Premium
459,53,wood,Nippon Water Base,Economy
543,79,floor,Dulux QD Floor Paints,Economy
121,96,floor,Dulux QD Floor Paints,Standard
520,79,wood,Nippolac Water Based,Premium
208,93,outdoor,Multilac Ultra Flex 1000,Premium
327,43,indoor,JAT,Economy
153,66,outdoor,Nippon Durafresh,Economy
493,99,floor,Nippon Epoxy,Standard
166,66,wood,Dulux Water Base,Standard
404,65,wood,Nippolac Water Based,Standard
396,62,wood,Robbialac Water Base,Standard
183,45,indoor,Asian Paints Causeway,Economy
184,83,outdoor,Multilac Nano Shield 900,Standard
521,101,floor,Robbialac,Premium
413,78,floor,Nippon Water Based,Economy
423,69,indoor,Dulux,Premium
505,52,wood,Nippolac Water Based,Economy
405,54,wood,Robbialac Water Base,Economy
331,49,indoor,Dulux,Economy
260,93,floor,Causeway,Standard
532,42,indoor,JAT,Economy
435,52,wood,Nippon Water Base,Economy
217,64,wood,JAT Water Base,Standard
332,81,floor,Dulux QD Floor Paints,Economy
275,76,outdoor,Multilac Ultra Flex 1000,Standard
288,68,outdoor,Multilac Weather Guard,Economy
505,67,indoor,Dulux,Premium
436,93,outdoor,Nippon Durafresh,Premium
416,90,floor,Lankem Robbialac,Standard
351,85,floor,Dulux QD Floor Paints,Economy
192,57,indoor,Nippon,Standard
371,52,indoor,JAT,Standard
458,70,wood,JAT Water Base,Standard
152,82,floor,Nippon Epoxy,Economy
109,106,floor,Robbialac,Premium
284,61,wood,Nippolac Water Based,Standard
191,66,wood,Dulux Water Base,Standard
438,70,wood,Nippon Water Base,Standard
560,84,floor,Causeway,Economy
555,66,wood,Robbialac Water Base,Standard
132,109,floor,Lankem Robbialac,Premium
583,89,floor,Robbialac,Standard
376,74,floor,Nippon Water Based,Economy
417,63,wood,Nippolac Water Based,Standard
336,52,wood,JAT Water Base,Economy
478,47,indoor,Robbialac,Economy
505,74,wood,JAT Water Base,Premium
141,80,outdoor,Nippon Flex 100,Standard
354,84,outdoor,Nippon Atom 2 in 1,Standard
102,66,wood,Nippon Water Base,Standard
593,51,indoor,Dulux,Standard
148,102,floor,Nippon Floor Wax Polish,Premium
502,100,floor,Nippon Water Based,Standard
507,82,outdoor,Nippon Flex 400 H/D Elastomeric,Standard
220,79,wood,JAT Water Base,Premium
102,87,outdoor,Multilac Weather Guard,Premium
145,51,indoor,JAT,Standard
567,75,outdoor,WAPP Waterproofing Paint,Economy
427,70,indoor,Robbialac,Premium
318,71,wood,Dulux Water Base,Premium
199,78,wood,Nippon Water Base,Premium
189,82,outdoor,Dulux Superkote,Standard
523,76,wood,Nippon Water Base,Premium
507,71,wood,Dulux Water Base,Premium
267,115,floor,Nippon Water Based,Premium
476,75,outdoor,Multilac Nano Shield 900,Economy
418,88,floor,Robbialac,Standard
338,102,floor,Nippon Floor Wax Polish,Premium
225,117,floor,Nippon Floor Paint,Premium
134,81,outdoor,Causeway Weatherproof,Standard
329,81,floor,Nippon Water Based,Economy
139,62,wood,Nippon Water Base,Standard
80,83,floor,Causeway,Economy
112,80,floor,Robbialac,Economy
600,65,indoor,Robbialac,Premium
189,74,wood,Dulux Water Base,Premium
392,72,wood,JAT Water Base,Premium
587,61,wood,Nippon Water Base,Standard
560,67,wood,Robbialac Water Base,Standard
479,93,outdoor,MULTILAC MULTI PROTECTO,Premium
588,77,outdoor,MULTILAC 3IN1,Standard
90,98,floor,Dulux QD Floor Paints,Standard
542,78,wood,Nippolac Water Based,Premium
292,45,indoor,Dulux,Economy
295,65,wood,JAT Water Base,Standard
498,63,indoor,Robbialac,Premium
139,85,floor,Dulux QD Floor Paints,Economy
173,78,outdoor,Nippon Atom 2 in 1,Standard
186,62,indoor,Multilac,Premium
207,79,outdoor,Nippon Flex 100,Standard
492,56,indoor,Robbialac,Standard
165,69,indoor,Multilac,Premium
580,55,wood,Nippolac Water Based,Economy
472,58,wood,Nippolac Water Based,Economy
567,78,wood,Robbialac Water Base,Premium
589,55,indoor,Multilac,Standard
154,75,outdoor,Nippolac Weatherproof,Economy
280,53,indoor,Multilac,Standard
404,58,indoor,Asian Paints Causeway,Standard
582,63,indoor,Asian Paints Causeway,Premium
172,65,outdoor,Dulux Superkote,Economy
131,111,floor,Nippon Floor Paint,Premium
161,117,floor,Lankem Robbialac,Premium
119,70,outdoor,Nippon Atom 2 in 1,Economy
385,68,wood,JAT Water Base,Standard
108,67,wood,Nippon Water Base,Standard
213,68,indoor,Asian Paints Causeway,Premium
582,71,floor,Robbialac,Economy
139,40,indoor,Nippon,Economy
493,99,outdoor,WAPP Waterproofing Paint,Premium
343,77,outdoor,Nippon Atom 2 in 1,Standard
194,99,outdoor,Multilac Ultra Flex 1000,Premium
425,82,floor,Causeway,Economy
483,72,outdoor,Nippon Durafresh,Economy
282,77,outdoor,Dulux Aquatech,Standard
209,106,floor,Nippon Water Based,Premium
576,73,wood,Nippon Water Base,Premium
151,108,floor,Lankem Robbialac,Premium
417,74,wood,Nippolac Water Based,Premium
141,66,wood,Dulux Water Base,Standard
579,105,floor,Nippon Floor Wax Polish,Premium
142,65,outdoor,Dulux Weathershield,Economy
229,80,wood,Dulux Water Base,Premium
538,67,indoor,Multilac,Premium
408,75,outdoor,Nippon Durafresh,Economy
283,51,indoor,Robbialac,Standard
428,62,indoor,Nippon,Premium
412,56,indoor,Nippon,Standard
552,71,floor,Causeway,Economy
183,60,indoor,Nippon,Standard
466,104,floor,Robbialac,Premium
412,56,indoor,Dulux,Standard
430,120,floor,Lankem Robbialac,Premium
115,99,outdoor,Nippon Flex 100,Premium
540,62,wood,Dulux Water Base,Standard
348,71,outdoor,Causeway Weatherproof,Economy
417,95,floor,Nippon Floor Wax Polish,Standard
343,47,indoor,Dulux,Economy
214,75,wood,Robbialac Water Base,Premium
564,71,outdoor,Multilac Ultra Flex 1000,Economy
315,67,indoor,Dulux,Premium
324,83,floor,Dulux QD Floor Paints,Economy
218,67,outdoor,WAPP Waterproofing Paint,Economy
472,75,wood,JAT Water Base,Premium
479,66,indoor,Dulux,Premium
287,69,outdoor,Multilac Weather Guard,Economy
226,87,floor,Nippon Floor Paint,Standard
104,74,wood,Nippon Water Base,Premium
545,77,wood,Nippon Water Base,Premium
116,85,outdoor,JAT Exterior,Standard
190,60,indoor,JAT,Standard
548,91,floor,Robbialac,Standard
245,79,wood,JAT Water Base,Premium
575,52,indoor,Multilac,Standard
487,67,outdoor,Multilac Nano Sealer 700,Economy
549,70,floor,Robbialac,Economy
361,88,floor,Nippon Floor Paint,Standard
100,87,outdoor,Causeway Weatherproof,Premium
114,81,floor,Nippon Floor Wax Polish,Economy
103,79,outdoor,Multilac Weather Guard,Standard
580,116,floor,Dulux QD Floor Paints,Premium
294,92,outdoor,JAT Exterior,Premium
197,69,outdoor,Dulux Aquatech,Economy
326,59,indoor,JAT,Standard
452,44,indoor,Multilac,Economy
503,72,floor,Lankem Robbialac,Economy
512,114,floor,Nippon Floor Paint,Premium
517,46,indoor,Nippon,Economy
268,45,indoor,Asian Paints Causeway,Economy
472,78,outdoor,Causeway Weatherproof,Standard
191,85,floor,Causeway,Economy
595,84,floor,Nippon Floor Wax Polish,Economy
285,65,outdoor,Nippon Atom 2 in 1,Economy
252,71,wood,Nippolac Water Based,Premium
447,81,outdoor,Multilac Ultra Flex 1000,Standard
135,73,floor,Nippon Water Based,Economy
177,52,indoor,Dulux,Standard
332,75,outdoor,Dulux Aquatech,Economy
389,77,wood,Robbialac Water Base,Premium
309,72,wood,Nippon Water Base,Premium
98,78,outdoor,Dulux Superkote,Standard
480,77,wood,Nippon Water Base,Premium
245,47,indoor,Multilac,Economy
103,108,floor,Lankem Robbialac,Premium
152,51,wood,Dulux Water Base,Economy
559,53,indoor,Dulux,Standard
100,70,indoor,Dulux,Premium
508,40,indoor,Robbialac,Economy
130,87,floor,Causeway,Standard
508,77,floor,Nippon Water Based,Economy
119,52,wood,Robbialac Water Base,Economy
592,100,outdoor,JAT Exterior,Premium
311,67,outdoor,Dulux Weathershield,Economy
469,45,indoor,Nippon,Economy
306,75,outdoor,Dulux Aquatech,Economy
419,107,floor,Nippon Floor Wax Polish,Premium
253,71,outdoor,Nippon Atom 2 in 1,Economy
211,44,indoor,Dulux,Economy
543,80,outdoor,Dulux Superkote,Standard
286,96,outdoor,Nippolac Weatherproof,Premium
548,85,outdoor,MULTILAC MULTI PROTECTO,Standard
96,75,outdoor,MULTILAC 3IN1,Economy
462,45,indoor,Nippon,Economy
129,73,outdoor,Nippon Durafresh,Economy
288,44,indoor,Multilac,Economy
406,49,indoor,Robbialac,Economy
467,73,wood,Robbialac Water Base,Premium
245,78,floor,Dulux QD Floor Paints,Economy
351,80,outdoor,Multilac Weather Guard,Standard
279,50,wood,Nippon Water Base,Economy
324,116,floor,Robbialac,Premium
459,67,wood,Nippon Water Base,Standard
212,50,indoor,Asian Paints Causeway,Economy
95,103,floor,Nippon Floor Wax Polish,Premium
322,80,floor,Lankem Robbialac,Economy
412,73,floor,Robbialac,Economy
537,65,outdoor,MULTILAC MULTI PROTECTO,Economy
174,71,floor,Nippon Water Based,Economy
388,74,wood,Dulux Water Base,Premium
518,97,outdoor,Causeway Weatherproof,Premium
86,73,wood,JAT Water Base,Premium
431,77,wood,Nippolac Water Based,Premium
238,84,floor,Nippon Epoxy,Economy
361,52,wood,JAT Water Base,Economy
191,60,indoor,Nippon,Standard
507,80,wood,Dulux Water Base,Premium
390,83,floor,Robbialac,Economy
88,54,wood,Robbialac Water Base,Economy
457,54,wood,Nippon Water Base,Economy
163,61,wood,Dulux Water Base,Standard
140,69,indoor,Nippon,Premium
199,72,outdoor,Nippon Durafresh,Economy
318,48,indoor,Robbialac,Economy
316,79,outdoor,Dulux Weathershield,Standard
227,79,floor,Nippon Floor Wax Polish,Economy
261,44,indoor,Dulux,Economy
287,51,wood,JAT Water Base,Economy
488,99,floor,Causeway,Standard
531,59,indoor,Nippon,Standard
138,52,indoor,Robbialac,Standard
554,85,outdoor,Nippon Flex 400 H/D Elastomeric,Standard
179,65,indoor,Dulux,Premium
381,109,floor,Causeway,Premium
142,65,wood,JAT Water Base,Standard
445,51,indoor,Robbialac,Standard
364,72,outdoor,Dulux Superkote,Economy
114,52,wood,Robbialac Water Base,Economy
421,91,outdoor,Nippolac Weatherproof,Premium
504,62,wood,Nippon Water Base,Standard
377,49,indoor,JAT,Economy
149,62,wood,Dulux Water Base,Standard
92,78,outdoor,Multilac Nano Shield 900,Standard
270,46,indoor,Multilac,Economy
250,78,wood,Nippolac Water Based,Premium
215,58,indoor,JAT,Standard
295,56,wood,Nippon Water Base,Economy
482,98,floor,Nippon Water Based,Standard
237,72,outdoor,WAPP Waterproofing Paint,Economy
540,80,wood,JAT Water Base,Premium
433,89,floor,Nippon Floor Wax Polish,Standard
507,68,outdoor,Multilac Nano Shield 900,Economy
264,100,outdoor,Nippon Flex 400 H/D Elastomeric,Premium
568,77,wood,JAT Water Base,Premium
527,45,indoor,Multilac,Economy
243,66,indoor,JAT,Premium
207,59,wood,Nippon Water Base,Economy
565,72,outdoor,Dulux Weathershield,Economy
368,64,indoor,Robbialac,Premium
192,68,outdoor,Nippon Flex 100,Economy
357,65,indoor,Nippon,Premium
167,99,outdoor,JAT Exterior,Premium
333,75,floor,Robbialac,Economy
535,72,floor,Dulux QD Floor Paints,Economy
374,113,floor,Lankem Robbialac,Premium
457,56,indoor,JAT,Standard
345,50,wood,JAT Water Base,Economy
440,40,indoor,Dulux,Economy
192,75,outdoor,JAT Exterior,Economy
267,48,indoor,Nippon,Economy
232,94,floor,Lankem Robbialac,Standard
134,53,indoor,Asian Paints Causeway,Standard
407,76,floor,Nippon Floor Paint,Economy
522,113,floor,Nippon Epoxy,Premium
428,101,floor,Nippon Epoxy,Premium
518,68,wood,Dulux Water Base,Standard
194,65,indoor,Dulux,Premium
527,51,wood,Nippolac Water Based,Economy
328,95,floor,Nippon Epoxy,Standard
252,96,outdoor,MULTILAC MULTI PROTECTO,Premium
127,80,wood,Nippon Water Base,Premium
425,67,indoor,Dulux,Premium
511,73,wood,Robbialac Water Base,Premium
582,78,floor,Robbialac,Economy
137,43,indoor,Multilac,Economy
206,62,indoor,Nippon,Premium
369,79,floor,Lankem Robbialac,Economy
541,119,floor,Nippon Water Based,Premium
422,67,outdoor,Multilac Ultra Flex 1000,Economy
299,73,wood,Nippon Water Base,Premium
169,78,floor,Causeway,Economy
248,82,floor,Dulux QD Floor Paints,Economy
481,66,wood,Dulux Water Base,Standard
84,59,indoor,JAT,Standard
500,53,indoor,Multilac,Standard
267,42,indoor,Multilac,Economy
180,89,floor,Nippon Water Based,Standard
187,65,indoor,JAT,Premium
436,110,floor,Lankem Robbialac,Premium
468,75,wood,JAT Water Base,Premium
241,44,indoor,Multilac,Economy
303,76,floor,Nippon Epoxy,Economy
471,80,outdoor,Nippolac Weatherproof,Standard
110,41,indoor,Dulux,Economy
503,84,floor,Lankem Robbialac,Economy
533,66,wood,JAT Water Base,Standard
210,116,floor,Nippon Water Based,Premium
321,70,outdoor,Multilac Ultra Flex 1000,Economy
236,69,indoor,Dulux,Premium
558,60,indoor,Asian Paints Causeway,Standard
520,47,indoor,Dulux,Economy
316,50,wood,JAT Water Base,Economy
480,78,wood,Nippon Water Base,Premium
520,62,indoor,Nippon,Premium
500,71,outdoor,Causeway SmartCare Aqua Safe,Economy
182,55,indoor,Asian Paints Causeway,Standard
275,87,floor,Nippon Floor Wax Polish,Standard
307,89,floor,Nippon Floor Paint,Standard
437,62,wood,JAT Water Base,Standard
112,76,outdoor,Multilac Nano Sealer 700,Standard
531,58,wood,Nippolac Water Based,Economy
130,41,indoor,Robbialac,Economy
426,85,outdoor,JAT Exterior,Standard
152,80,wood,Robbialac Water Base,Premium
230,70,wood,JAT Water Base,Standard
302,57,indoor,Multilac,Standard
387,56,indoor,Asian Paints Causeway,Standard
393,63,wood,JAT Water Base,Standard
597,92,floor,Lankem Robbialac,Standard
216,75,outdoor,Multilac Weather Guard,Economy
236,69,wood,JAT Water Base,Standard
289,47,indoor,Nippon,Economy
168,52,indoor,JAT,Standard
147,67,indoor,Asian Paints Causeway,Premium
397,91,floor,Nippon Water Based,Standard
115,120,floor,Nippon Epoxy,Premium
99,98,floor,Robbialac,Standard
507,67,wood,Dulux Water Base,Standard
379,91,outdoor,Multilac Ultra Flex 1000,Premium
426,81,outdoor,Causeway Weatherproof,Standard
399,61,wood,Nippolac Water Based,Standard
237,90,outdoor,Dulux Weathershield,Premium
422,108,floor,Nippon Floor Paint,Premium
328,72,wood,Robbialac Water Base,Premium
417,78,floor,Nippon Floor Paint,Economy
267,117,floor,Lankem Robbialac,Premium
382,68,wood,Robbialac Water Base,Standard
284,78,wood,Dulux Water Base,Premium
259,108,floor,Nippon Floor Wax Polish,Premium
217,86,floor,Dulux QD Floor Paints,Standard
572,91,floor,Nippon Water Based,Standard
182,61,wood,Nippolac Water Based,Standard
421,65,outdoor,Multilac Weather Guard,Economy
319,82,floor,Dulux QD Floor Paints,Economy
158,120,floor,Nippon Water Based,Premium
441,86,floor,Dulux QD Floor Paints,Standard
134,64,indoor,Dulux,Premium
291,54,wood,JAT Water Base,Economy
308,70,wood,Robbialac Water Base,Standard
198,90,floor,Nippon Floor Paint,Standard
323,89,outdoor,Multilac Nano Sealer 700,Premium
124,54,wood,Robbialac Water Base,Economy
490,75,outdoor,Nippon Durafresh,Economy
202,58,wood,Robbialac Water Base,Economy
117,70,outdoor,Dulux Superkote,Economy
198,51,indoor,Dulux,Standard
597,76,outdoor,WAPP Waterproofing Paint,Standard
106,67,outdoor,Causeway Weatherproof,Economy
297,45,indoor,Dulux,Economy
261,81,outdoor,Multilac Ultra Flex 1000,Standard
190,89,floor,Nippon Floor Paint,Standard
81,74,outdoor,MULTILAC 3IN1,Economy
279,93,outdoor,Nippon Flex 400 H/D Elastomeric,Premium
535,89,floor,Robbialac,Standard
399,56,wood,Nippolac Water Based,Economy
93,99,floor,Nippon Floor Wax Polish,Standard
593,55,indoor,Nippon,Standard
355,87,floor,Nippon Floor Paint,Standard
210,68,outdoor,Dulux Aquatech,Economy
453,66,wood,Nippolac Water Based,Standard
114,72,outdoor,WAPP Waterproofing Paint,Economy
292,79,floor,Nippon Water Based,Economy
183,59,wood,JAT Water Base,Economy
159,78,outdoor,MULTILAC 3IN1,Standard
242,72,outdoor,MULTILAC 3IN1,Economy
484,94,floor,Robbialac,Standard
481,102,floor,Robbialac,Premium
104,80,floor,Lankem Robbialac,Economy
339,63,wood,Nippolac Water Based,Standard
445,76,outdoor,Nippon Flex 400 H/D Elastomeric,Standard
500,69,indoor,Robbialac,Premium
540,99,outdoor,Dulux Superkote,Premium
201,54,indoor,Dulux,Standard
459,67,indoor,Multilac,Premium
279,77,floor,Nippon Water Based,Economy
478,57,wood,Dulux Water Base,Economy
379,100,floor,Robbialac,Standard
595,65,outdoor,JAT Exterior,Economy
103,51,indoor,Asian Paints Causeway,Standard
483,105,floor,Causeway,Premium
352,62,wood,Nippon Water Base,Standard
121,69,indoor,JAT,Premium
417,50,indoor,Dulux,Economy
521,58,indoor,JAT,Standard
92,66,outdoor,MULTILAC MULTI PROTECTO,Economy
465,40,indoor,JAT,Economy
384,83,outdoor,Nippon Atom 2 in 1,Standard
188,69,indoor,Multilac,Premium
177,44,indoor,Dulux,Economy
230,43,indoor,Dulux,Economy
368,82,outdoor,Multilac Nano Shield 900,Standard
255,48,indoor,Multilac,Economy
446,75,outdoor,Nippon Atom 2 in 1,Economy
157,84,outdoor,Multilac Ultra Flex 1000,Standard
202,62,indoor,Nippon,Premium
171,63,indoor,Dulux,Premium
274,62,wood,Nippolac Water Based,Standard
546,71,wood,Nippolac Water Based,Premium
173,78,floor,Nippon Epoxy,Economy
161,79,outdoor,Nippon Durafresh,Standard
323,105,floor,Nippon Water Based,Premium
235,91,floor,Robbialac,Standard
301,73,floor,Robbialac,Economy
472,68,outdoor,WAPP Waterproofing Paint,Economy
162,88,floor,Lankem Robbialac,Standard
431,63,indoor,JAT,Premium
355,93,floor,Nippon Water Based,Standard
227,65,indoor,Robbialac,Premium
231,93,outdoor,Nippon Flex 400 H/D Elastomeric,Premium
464,113,floor,Causeway,Premium
210,112,floor,Nippon Water Based,Premium
565,55,wood,Nippon Water Base,Economy
182,97,outdoor,Multilac Weather Guard,Premium
495,90,floor,Nippon Floor Wax Polish,Standard
382,98,floor,Lankem Robbialac,Standard
178,81,outdoor,Multilac Weather Guard,Standard
572,69,outdoor,Dulux Superkote,Economy
547,118,floor,Causeway,Premium
166,85,outdoor,Multilac Nano Shield 900,Standard
290,63,indoor,Asian Paints Causeway,Premium
104,70,indoor,Multilac,Premium
254,87,outdoor,Nippon Atom 2 in 1,Premium
537,109,floor,Nippon Epoxy,Premium
280,120,floor,Causeway,Premium
555,70,outdoor,MULTILAC MULTI PROTECTO,Economy
577,59,wood,Nippon Water Base,Economy
407,72,wood,Nippon Water Base,Premium
360,57,indoor,Multilac,Standard
575,72,floor,Causeway,Economy
80,116,floor,Nippon Epoxy,Premium
491,77,outdoor,Causeway Weatherproof,Standard
386,57,wood,Nippon Water Base,Economy
431,40,indoor,Nippon,Economy
519,106,floor,Lankem Robbialac,Premium
394,64,wood,Nippolac Water Based,Standard
332,95,outdoor,Dulux Weathershield,Premium
168,62,indoor,Nippon,Premium
209,71,outdoor,WAPP Waterproofing Paint,Economy
497,90,floor,Nippon Epoxy,Standard
574,51,indoor,Dulux,Standard
222,82,outdoor,MULTILAC MULTI PROTECTO,Standard
120,55,wood,Nippon Water Base,Economy
582,74,floor,Lankem Robbialac,Economy
248,74,wood,JAT Water Base,Premium
576,80,wood,Nippon Water Base,Premium
430,115,floor,Robbialac,Premium
111,72,wood,JAT Water Base,Premium
114,83,floor,Lankem Robbialac,Economy
166,66,wood,JAT Water Base,Standard
456,104,floor,Nippon Epoxy,Premium
157,78,outdoor,Nippon Durafresh,Standard
241,78,wood,JAT Water Base,Premium
226,72,outdoor,Dulux Weathershield,Economy
223,80,floor,Nippon Water Based,Economy
130,85,outdoor,Causeway Weatherproof,Standard
423,49,indoor,Robbialac,Economy
522,72,wood,Nippolac Water Based,Premium
140,75,wood,Dulux Water Base,Premium
131,72,wood,Robbialac Water Base,Premium
117,82,outdoor,Dulux Weathershield,Standard
389,71,wood,Nippon Water Base,Premium
271,107,floor,Causeway,Premium
157,72,outdoor,Causeway Weatherproof,Economy
177,68,outdoor,MULTILAC MULTI PROTECTO,Economy
403,59,indoor,Multilac,Standard
556,74,floor,Nippon Floor Paint,Economy
480,48,indoor,Asian Paints Causeway,Economy
158,73,outdoor,WAPP Waterproofing Paint,Economy
193,47,indoor,Robbialac,Economy
159,118,floor,Nippon Water Based,Premium
205,46,indoor,Nippon,Economy
133,74,floor,Nippon Epoxy,Economy
406,56,indoor,JAT,Standard
204,74,floor,Nippon Epoxy,Economy
498,79,wood,Robbialac Water Base,Premium
168,63,wood,JAT Water Base,Standard
349,50,indoor,JAT,Economy
561,62,indoor,JAT,Premium
397,79,floor,Nippon Floor Wax Polish,Economy
235,73,outdoor,JAT Exterior,Economy
131,66,wood,Nippolac Water Based,Standard
302,59,wood,Dulux Water Base,Economy
315,70,wood,Nippon Water Base,Standard
284,104,floor,Nippon Floor Paint,Premium
344,55,indoor,Dulux,Standard
281,83,floor,Nippon Floor Paint,Economy
297,70,floor,Causeway,Economy
237,50,indoor,Multilac,Economy
86,69,outdoor,Nippolac Weatherproof,Economy
382,57,wood,JAT Water Base,Economy
90,72,floor,Nippon Water Based,Economy
95,79,floor,Nippon Floor Wax Polish,Economy
299,80,floor,Robbialac,Economy
158,67,outdoor,WAPP Waterproofing Paint,Economy
235,95,outdoor,Dulux Weathershield,Premium
349,105,floor,Lankem Robbialac,Premium
573,65,wood,JAT Water Base,Standard
563,78,wood,Robbialac Water Base,Premium
348,69,outdoor,Nippolac Weatherproof,Economy
133,113,floor,Nippon Floor Paint,Premium
549,78,floor,Nippon Floor Paint,Economy
399,75,wood,Nippon Water Base,Premium
186,66,wood,JAT Water Base,Standard
254,68,outdoor,Dulux Aquatech,Economy
438,67,wood,Nippolac Water Based,Standard
417,68,wood,Nippon Water Base,Standard
515,77,wood,JAT Water Base,Premium
465,96,floor,Robbialac,Standard
247,69,indoor,Nippon,Premium
473,88,outdoor,Causeway SmartCare Aqua Safe,Premium
157,69,outdoor,Multilac Weather Guard,Economy
339,61,indoor,Nippon,Premium
396,80,wood,Robbialac Water Base,Premium
171,74,outdoor,JAT Exterior,Economy
486,85,outdoor,Causeway Weatherproof,Standard
114,114,floor,Nippon Floor Wax Polish,Premium
241,82,floor,Nippon Floor Wax Polish,Economy
294,111,floor,Nippon Epoxy,Premium
416,86,outdoor,Dulux Aquatech,Premium
269,62,indoor,Nippon,Premium
469,54,wood,Nippolac Water Based,Economy
222,60,indoor,Robbialac,Standard
99,52,wood,Dulux Water Base,Economy
553,78,floor,Nippon Floor Wax Polish,Economy
229,120,floor,Nippon Floor Paint,Premium
441,61,indoor,Asian Paints Causeway,Premium
261,87,outdoor,MULTILAC MULTI PROTECTO,Premium
139,76,wood,JAT Water Base,Premium
535,58,indoor,Dulux,Standard
525,61,wood,Nippolac Water Based,Standard
172,65,wood,Nippon Water Base,Standard
327,55,wood,Nippolac Water Based,Economy
173,103,floor,Robbialac,Premium
217,103,floor,Lankem Robbialac,Premium
297,106,floor,Nippon Floor Wax Polish,Premium
221,72,outdoor,Dulux Weathershield,Economy
592,77,floor,Robbialac,Economy
93,65,wood,JAT Water Base,Standard
156,98,floor,Lankem Robbialac,Standard
314,66,outdoor,MULTILAC MULTI PROTECTO,Economy
561,92,outdoor,Causeway Weatherproof,Premium
346,79,wood,Nippolac Water Based,Premium
231,59,indoor,Asian Paints Causeway,Standard
129,80,floor,Nippon Water Based,Economy
360,93,floor,Nippon Floor Paint,Standard
513,83,outdoor,Multilac Weather Guard,Standard
409,74,wood,Nippolac Water Based,Premium
175,54,indoor,JAT,Standard
585,69,outdoor,WAPP Waterproofing Paint,Economy
523,113,floor,Nippon Floor Wax Polish,Premium
241,42,indoor,Robbialac,Economy
566,66,wood,Dulux Water Base,Standard
600,93,outdoor,Dulux Weathershield,Premium
478,94,floor,Dulux QD Floor Paints,Standard
407,74,wood,Nippolac Water Based,Premium
217,73,wood,Nippon Water Base,Premium
379,96,floor,Nippon Water Based,Standard
505,103,floor,Lankem Robbialac,Premium
185,47,indoor,Asian Paints Causeway,Economy
295,57,indoor,Robbialac,Standard
309,77,wood,JAT Water Base,Premium
247,77,outdoor,Dulux Aquatech,Standard
292,120,floor,Nippon Floor Paint,Premium
144,65,wood,Nippon Water Base,Standard
302,75,floor,Nippon Epoxy,Economy
503,98,floor,Causeway,Standard
531,68,indoor,Asian Paints Causeway,Premium
98,81,outdoor,Multilac Ultra Flex 1000,Standard
335,62,indoor,Nippon,Premium
399,90,floor,Dulux QD Floor Paints,Standard
205,61,wood,Robbialac Water Base,Standard
440,66,indoor,Robbialac,Premium
472,92,outdoor,Multilac Nano Sealer 700,Premium
241,108,floor,Nippon Floor Paint,Premium
178,85,outdoor,Dulux Superkote,Standard
516,109,floor,Nippon Water Based,Premium
267,71,outdoor,Dulux Aquatech,Economy
488,81,floor,Causeway,Economy
272,99,outdoor,Multilac Weather Guard,Premium
507,65,indoor,Robbialac,Premium
339,59,indoor,JAT,Standard
459,113,floor,Lankem Robbialac,Premium
404,64,indoor,JAT,Premium
312,77,wood,Robbialac Water Base,Premium
98,53,wood,Nippolac Water Based,Economy
424,74,outdoor,Multilac Nano Shield 900,Economy
275,92,floor,Nippon Water Based,Standard
336,70,floor,Nippon Epoxy,Economy
132,98,outdoor,MULTILAC MULTI PROTECTO,Premium
459,55,indoor,Multilac,Standard
194,63,wood,Nippolac Water Based,Standard
469,68,indoor,Nippon,Premium
234,116,floor,Robbialac,Premium
426,60,indoor,Dulux,Standard
387,83,outdoor,Nippon Flex 100,Standard
170,71,outdoor,Causeway Weatherproof,Economy
114,78,wood,Nippon Water Base,Premium
84,91,floor,Nippon Floor Paint,Standard
506,89,floor,Dulux QD Floor Paints,Standard
495,96,outdoor,Nippon Flex 400 H/D Elastomeric,Premium
209,74,floor,Nippon Water Based,Economy
549,116,floor,Causeway,Premium
428,79,wood,Nippon Water Base,Premium
477,85,outdoor,Dulux Aquatech,Standard
534,92,floor,Nippon Epoxy,Standard
254,66,indoor,Dulux,Premium
250,53,wood,Dulux Water Base,Economy
235,77,wood,Robbialac Water Base,Premium
228,83,outdoor,Multilac Nano Shield 900,Standard
211,77,floor,Nippon Epoxy,Economy
355,63,indoor,Robbialac,Premium
186,64,wood,Dulux Water Base,Standard
358,64,indoor,Robbialac,Premium
332,55,wood,Dulux Water Base,Economy
99,78,wood,JAT Water Base,Premium
416,55,indoor,Nippon,Standard
512,60,indoor,Asian Paints Causeway,Standard
443,60,indoor,Asian Paints Causeway,Standard
349,105,floor,Causeway,Premium
361,96,floor,Nippon Floor Paint,Standard
260,103,floor,Lankem Robbialac,Premium
451,60,indoor,JAT,Standard
348,90,outdoor,Causeway SmartCare Aqua Safe,Premium
461,40,indoor,Multilac,Economy
297,98,floor,Nippon Epoxy,Standard
179,64,indoor,Multilac,Premium
310,72,outdoor,Dulux Aquatech,Economy
104,97,outdoor,Multilac Weather Guard,Premium
263,73,outdoor,Nippon Atom 2 in 1,Economy
304,56,indoor,Robbialac,Standard
476,69,wood,Robbialac Water Base,Standard
496,90,floor,Lankem Robbialac,Standard
108,78,outdoor,Causeway Weatherproof,Standard
113,79,wood,JAT Water Base,Premium
129,62,wood,JAT Water Base,Standard
534,69,indoor,Dulux,Premium
357,108,floor,Dulux QD Floor Paints,Premium
207,107,floor,Nippon Floor Wax Polish,Premium
529,57,indoor,Nippon,Standard
514,85,outdoor,JAT Exterior,Standard
491,52,wood,Nippolac Water Based,Economy
441,80,outdoor,MULTILAC 3IN1,Standard
495,89,outdoor,Multilac Ultra Flex 1000,Premium
591,75,wood,Robbialac Water Base,Premium
158,71,wood,Nippon Water Base,Premium
383,87,floor,Lankem Robbialac,Standard
220,73,floor,Lankem Robbialac,Economy
393,61,wood,Robbialac Water Base,Standard
82,70,outdoor,Nippon Atom 2 in 1,Economy
167,63,indoor,JAT,Premium
178,97,floor,Nippon Floor Paint,Standard
296,66,wood,Nippolac Water Based,Standard
313,60,indoor,Dulux,Standard
522,55,indoor,Multilac,Standard
558,65,outdoor,Causeway Weatherproof,Economy
538,76,floor,Nippon Floor Wax Polish,Economy
434,79,wood,Dulux Water Base,Premium
443,93,outdoor,WAPP Waterproofing Paint,Premium
108,71,wood,Nippolac Water Based,Premium
515,94,floor,Nippon Floor Wax Polish,Standard
596,50,wood,Nippon Water Base,Economy
599,69,indoor,Robbialac,Premium
221,85,floor,Nippon Water Based,Economy
428,78,outdoor,Nippon Flex 100,Standard
356,66,outdoor,Dulux Superkote,Economy
115,67,outdoor,MULTILAC MULTI PROTECTO,Economy
419,79,wood,Nippon Water Base,Premium
259,49,indoor,Nippon,Economy
474,76,outdoor,Dulux Weathershield,Standard
148,89,outdoor,Causeway SmartCare Aqua Safe,Premium
126,75,floor,Nippon Floor Wax Polish,Economy
104,90,outdoor,Multilac Nano Shield 900,Premium
229,95,outdoor,Causeway SmartCare Aqua Safe,Premium
101,50,wood,Nippolac Water Based,Economy
472,67,indoor,Asian Paints Causeway,Premium
147,72,wood,Robbialac Water Base,Premium
578,115,floor,Lankem Robbialac,Premium
377,93,floor,Nippon Water Based,Standard
458,43,indoor,Asian Paints Causeway,Economy
478,70,wood,Robbialac Water Base,Standard
330,51,indoor,Robbialac,Standard
399,50,indoor,JAT,Economy
299,88,outdoor,MULTILAC MULTI PROTECTO,Premium
228,68,outdoor,Nippolac Weatherproof,Economy
403,66,indoor,Multilac,Premium
120,61,wood,Robbialac Water Base,Standard
539,88,floor,Causeway,Standard
523,70,indoor,Robbialac,Premium
141,84,outdoor,Nippolac Weatherproof,Standard
336,45,indoor,Multilac,Economy
235,85,floor,Nippon Floor Paint,Economy
170,84,outdoor,Nippon Atom 2 in 1,Standard
87,78,wood,Nippon Water Base,Premium
473,69,indoor,Robbialac,Premium
257,76,outdoor,MULTILAC 3IN1,Standard
240,54,wood,Robbialac Water Base,Economy
555,52,indoor,Multilac,Standard
89,70,outdoor,Nippon Durafresh,Economy
269,112,floor,Lankem Robbialac,Premium
299,77,outdoor,Dulux Weathershield,Standard
292,54,wood,Nippolac Water Based,Economy
157,76,outdoor,Multilac Ultra Flex 1000,Standard
516,87,outdoor,Multilac Nano Shield 900,Premium
293,59,wood,Nippon Water Base,Economy
399,47,indoor,JAT,Economy
419,107,floor,Dulux QD Floor Paints,Premium
388,79,outdoor,Nippolac Weatherproof,Standard
531,63,wood,Dulux Water Base,Standard
538,78,outdoor,WAPP Waterproofing Paint,Standard
180,70,outdoor,Dulux Aquatech,Economy
90,97,outdoor,Dulux Superkote,Premium
420,63,indoor,Multilac,Premium
578,90,outdoor,Nippolac Weatherproof,Premium
591,78,outdoor,MULTILAC 3IN1,Standard
538,116,floor,Causeway,Premium
140,59,indoor,Dulux,Standard
295,91,outdoor,MULTILAC 3IN1,Premium
241,53,wood,Dulux Water Base,Economy
244,77,outdoor,Causeway SmartCare Aqua Safe,Standard
166,70,outdoor,JAT Exterior,Economy
172,91,floor,Nippon Floor Wax Polish,Standard
546,62,wood,Nippon Water Base,Standard
357,74,floor,Causeway,Economy
160,56,wood,Nippon Water Base,Economy
267,66,indoor,Multilac,Premium
181,70,indoor,Dulux,Premium
90,108,floor,Robbialac,Premium
136,85,outdoor,Nippon Flex 100,Standard
355,89,outdoor,Nippon Atom 2 in 1,Premium
282,85,floor,Dulux QD Floor Paints,Economy
340,68,indoor,Dulux,Premium
140,72,floor,Nippon Epoxy,Economy
207,61,indoor,Nippon,Premium
268,72,wood,JAT Water Base,Premium
403,105,floor,Nippon Epoxy,Premium
362,66,wood,Robbialac Water Base,Standard
237,70,floor,Lankem Robbialac,Economy
387,60,wood,JAT Water Base,Economy
382,82,outdoor,MULTILAC MULTI PROTECTO,Standard
214,63,indoor,Nippon,Premium
217,98,outdoor,Multilac Nano Sealer 700,Premium
494,41,indoor,JAT,Economy
171,58,indoor,Nippon,Standard
343,93,outdoor,Nippon Atom 2 in 1,Premium
156,87,outdoor,Nippon Durafresh,Premium
243,70,indoor,Robbialac,Premium
381,61,indoor,Multilac,Premium
449,73,wood,Robbialac Water Base,Premium
315,71,floor,Nippon Epoxy,Economy
164,58,indoor,Dulux,Standard
370,100,outdoor,MULTILAC 3IN1,Premium
288,69,wood,Robbialac Water Base,Standard
295,65,wood,Dulux Water Base,Standard
527,91,outdoor,Nippon Durafresh,Premium
561,53,wood,JAT Water Base,Economy
507,75,outdoor,Dulux Aquatech,Economy
201,92,outdoor,Multilac Nano Sealer 700,Premium
454,67,wood,JAT Water Base,Standard
398,78,wood,Robbialac Water Base,Premium
545,65,indoor,Asian Paints Causeway,Premium
112,50,wood,Robbialac Water Base,Economy
541,63,wood,Robbialac Water Base,Standard
356,68,wood,Robbialac Water Base,Standard
166,74,wood,Dulux Water Base,Premium
533,92,floor,Nippon Epoxy,Standard
501,53,wood,JAT Water Base,Economy
364,55,indoor,Robbialac,Standard
102,64,wood,Robbialac Water Base,Standard
447,79,wood,Robbialac Water Base,Premium
505,77,outdoor,Dulux Weathershield,Standard
591,96,floor,Dulux QD Floor Paints,Standard
231,68,indoor,Asian Paints Causeway,Premium
384,100,outdoor,Multilac Weather Guard,Premium
415,71,outdoor,Multilac Nano Shield 900,Economy
409,84,floor,Causeway,Economy
520,50,wood,Dulux Water Base,Economy
442,114,floor,Nippon Epoxy,Premium
285,70,floor,Nippon Floor Paint,Economy
365,75,outdoor,JAT Exterior,Economy
523,79,outdoor,Causeway Weatherproof,Standard
452,52,indoor,Robbialac,Standard
374,49,indoor,Multilac,Economy
401,78,outdoor,Multilac Weather Guard,Standard
196,66,indoor,Nippon,Premium
107,52,wood,JAT Water Base,Economy
256,72,wood,Dulux Water Base,Premium
143,52,wood,Nippolac Water Based,Economy
155,61,wood,JAT Water Base,Standard
582,55,indoor,Multilac,Standard
528,71,floor,Dulux QD Floor Paints,Economy
468,65,wood,Robbialac Water Base,Standard
166,48,indoor,Asian Paints Causeway,Economy
469,59,wood,Robbialac Water Base,Economy
551,71,wood,Nippolac Water Based,Premium
231,58,wood,Robbialac Water Base,Economy
140,53,indoor,Nippon,Standard
116,96,outdoor,Multilac Ultra Flex 1000,Premium
299,54,indoor,JAT,Standard
322,41,indoor,Multilac,Economy
92,68,wood,Robbialac Water Base,Standard
533,75,outdoor,Multilac Weather Guard,Economy
302,76,outdoor,Nippon Flex 100,Standard
318,41,indoor,JAT,Economy
489,118,floor,Nippon Water Based,Premium
587,76,floor,Nippon Water Based,Economy
226,67,outdoor,Nippon Atom 2 in 1,Economy
208,118,floor,Causeway,Premium
572,42,indoor,Dulux,Economy
423,50,wood,Robbialac Water Base,Economy
300,79,wood,Robbialac Water Base,Premium
366,51,indoor,Multilac,Standard
517,66,indoor,JAT,Premium
212,55,indoor,Dulux,Standard
315,65,indoor,JAT,Premium
562,74,floor,Nippon Floor Wax Polish,Economy
540,94,floor,Robbialac,Standard
134,101,floor,Nippon Floor Paint,Premium
298,70,indoor,Robbialac,Premium
288,61,wood,JAT Water Base,Standard
533,74,wood,Dulux Water Base,Premium
469,65,outdoor,Causeway SmartCare Aqua Safe,Economy
308,83,outdoor,Nippon Atom 2 in 1,Standard
434,71,wood,Dulux Water Base,Premium
428,41,indoor,Dulux,Economy
88,76,wood,Robbialac Water Base,Premium
309,101,floor,Nippon Floor Paint,Premium
494,114,floor,Nippon Water Based,Premium
588,94,outdoor,Causeway SmartCare Aqua Safe,Premium
521,117,floor,Nippon Epoxy,Premium
349,75,floor,Robbialac,Economy
339,63,indoor,Multilac,Premium
451,91,outdoor,Multilac Nano Sealer 700,Premium
130,79,wood,Dulux Water Base,Premium
91,59,indoor,Robbialac,Standard
372,42,indoor,JAT,Economy
410,80,wood,Dulux Water Base,Premium
335,83,outdoor,JAT Exterior,Standard
444,100,outdoor,Multilac Ultra Flex 1000,Premium
253,107,floor,Causeway,Premium
569,110,floor,Robbialac,Premium
430,76,floor,Lankem Robbialac,Economy
519,75,wood,Dulux Water Base,Premium
344,116,floor,Robbialac,Premium
125,66,indoor,Multilac,Premium
153,44,indoor,Dulux,Economy
307,53,wood,Nippon Water Base,Economy
267,70,wood,Nippon Water Base,Standard
144,57,indoor,Nippon,Standard
351,89,outdoor,Dulux Aquatech,Premium
103,69,outdoor,MULTILAC 3IN1,Economy
160,52,wood,Nippon Water Base,Economy
559,62,indoor,Asian Paints Causeway,Premium
200,65,outdoor,Dulux Weathershield,Economy
256,66,indoor,Robbialac,Premium
543,100,outdoor,Causeway Weatherproof,Premium
355,46,indoor,Nippon,Economy
517,85,outdoor,Nippolac Weatherproof,Standard
344,97,floor,Nippon Floor Paint,Standard
457,79,outdoor,MULTILAC 3IN1,Standard
219,109,floor,Nippon Floor Wax Polish,Premium
446,99,outdoor,MULTILAC 3IN1,Premium
170,81,floor,Causeway,Economy
92,85,outdoor,Nippon Flex 400 H/D Elastomeric,Standard
174,67,outdoor,Multilac Ultra Flex 1000,Economy
217,66,wood,JAT Water Base,Standard
489,59,indoor,Robbialac,Standard
479,89,floor,Nippon Water Based,Standard
333,62,wood,Nippolac Water Based,Standard
96,56,wood,Nippon Water Base,Economy
366,53,indoor,Nippon,Standard
362,51,indoor,Dulux,Standard
599,59,wood,Nippolac Water Based,Economy
529,64,indoor,Nippon,Premium
384,94,floor,Causeway,Standard
566,74,wood,Dulux Water Base,Premium
509,40,indoor,Multilac,Economy
93,88,floor,Nippon Floor Paint,Standard
403,79,floor,Nippon Epoxy,Economy
179,59,wood,JAT Water Base,Economy
353,60,indoor,Multilac,Standard
538,79,wood,Dulux Water Base,Premium
162,75,outdoor,Nippon Flex 100,Economy
263,77,wood,JAT Water Base,Premium
527,60,wood,Dulux Water Base,Economy
468,65,indoor,Dulux,Premium
168,94,floor,Lankem Robbialac,Standard
577,62,wood,Dulux Water Base,Standard
304,92,outdoor,WAPP Waterproofing Paint,Premium
574,98,outdoor,Multilac Nano Shield 900,Premium
435,65,indoor,JAT,Premium
214,67,indoor,JAT,Premium
476,70,wood,Nippolac Water Based,Standard
96,66,indoor,JAT,Premium
358,55,indoor,Nippon,Standard
555,68,wood,Robbialac Water Base,Standard
306,86,outdoor,MULTILAC 3IN1,Premium
439,69,indoor,Dulux,Premium
498,64,indoor,Dulux,Premium
329,85,outdoor,Nippon Flex 400 H/D Elastomeric,Standard
337,94,outdoor,Nippon Durafresh,Premium
236,99,outdoor,JAT Exterior,Premium
212,89,outdoor,JAT Exterior,Premium
383,42,indoor,Multilac,Economy
493,60,indoor,Nippon,Standard
492,84,outdoor,WAPP Waterproofing Paint,Standard
210,57,wood,Dulux Water Base,Economy
576,68,indoor,Asian Paints Causeway,Premium
336,79,wood,Dulux Water Base,Premium
160,65,outdoor,Multilac Nano Shield 900,Economy
221,82,outdoor,Dulux Superkote,Standard
149,69,wood,Nippolac Water Based,Standard
544,40,indoor,Robbialac,Economy
83,68,outdoor,MULTILAC MULTI PROTECTO,Economy
423,105,floor,Nippon Floor Paint,Premium
310,77,floor,Nippon Epoxy,Economy
515,63,wood,Robbialac Water Base,Standard
595,74,wood,Dulux Water Base,Premium
424,96,floor,Causeway,Standard
95,53,wood,Robbialac Water Base,Economy
266,99,outdoor,Multilac Nano Shield 900,Premium
539,62,wood,JAT Water Base,Standard
116,43,indoor,JAT,Economy
235,74,wood,JAT Water Base,Premium
322,55,indoor,Nippon,Standard
176,65,indoor,Multilac,Premium
424,53,wood,Robbialac Water Base,Economy
362,79,outdoor,Nippolac Weatherproof,Standard
341,46,indoor,Robbialac,Economy
129,58,indoor,Nippon,Standard
455,50,indoor,Nippon,Economy
454,85,outdoor,Nippon Durafresh,Standard
352,104,floor,Lankem Robbialac,Premium
598,99,outdoor,Dulux Aquatech,Premium
167,88,floor,Robbialac,Standard
314,66,indoor,Dulux,Premium
483,118,floor,Nippon Water Based,Premium
115,76,wood,JAT Water Base,Premium
236,114,floor,Causeway,Premium
312,54,indoor,Asian Paints Causeway,Standard
175,58,indoor,Dulux,Standard
436,73,outdoor,WAPP Waterproofing Paint,Economy
298,74,wood,Robbialac Water Base,Premium
161,88,floor,Robbialac,Standard
350,95,outdoor,Multilac Nano Shield 900,Premium
435,110,floor,Robbialac,Premium
409,58,indoor,Robbialac,Standard
346,82,outdoor,Causeway Weatherproof,Standard
591,119,floor,Nippon Epoxy,Premium
229,50,indoor,JAT,Economy
82,75,wood,Nippolac Water Based,Premium
317,73,outdoor,Nippon Atom 2 in 1,Economy
353,68,wood,Nippolac Water Based,Standard
583,72,wood,Nippon Water Base,Premium
475,58,indoor,Dulux,Standard
420,77,outdoor,Nippon Flex 400 H/D Elastomeric,Standard
470,92,outdoor,Multilac Weather Guard,Premium
357,72,wood,Dulux Water Base,Premium
399,95,floor,Robbialac,Standard
106,106,floor,Robbialac,Premium
284,77,wood,Robbialac Water Base,Premium
137,72,wood,Nippolac Water Based,Premium
460,76,wood,JAT Water Base,Premium
502,41,indoor,Asian Paints Causeway,Economy
582,65,indoor,Nippon,Premium
273,66,wood,Robbialac Water Base,Standard
276,66,indoor,Multilac,Premium
244,59,indoor,Robbialac,Standard
225,84,floor,Robbialac,Economy
484,91,floor,Nippon Water Based,Standard
422,56,indoor,Asian Paints Causeway,Standard
124,73,floor,Causeway,Economy
218,81,outdoor,Multilac Weather Guard,Standard
466,73,outdoor,MULTILAC 3IN1,Economy
596,72,outdoor,Nippon Atom 2 in 1,Economy
451,56,indoor,Asian Paints Causeway,Standard
150,95,outdoor,MULTILAC MULTI PROTECTO,Premium
125,63,wood,Nippolac Water Based,Standard
573,65,indoor,JAT,Premium
435,57,wood,Nippolac Water Based,Economy
246,68,outdoor,Dulux Superkote,Economy
594,99,outdoor,Nippon Flex 400 H/D Elastomeric,Premium
318,76,outdoor,MULTILAC MULTI PROTECTO,Standard
386,77,floor,Nippon Floor Paint,Economy
339,54,wood,Nippolac Water Based,Economy
86,60,indoor,Dulux,Standard
448,57,indoor,Nippon,Standard
414,42,indoor,Nippon,Economy
306,64,indoor,Robbialac,Premium
553,49,indoor,Multilac,Economy
461,60,wood,Dulux Water Base,Economy
80,58,indoor,Robbialac,Standard
549,80,wood,Nippon Water Base,Premium
306,95,floor,Dulux QD Floor Paints,Standard
97,68,indoor,JAT,Premium
590,107,floor,Lankem Robbialac,Premium
380,74,wood,Nippon Water Base,Premium
434,72,outdoor,Dulux Weathershield,Economy
340,100,outdoor,WAPP Waterproofing Paint,Premium
148,43,indoor,Dulux,Economy
258,92,outdoor,WAPP Waterproofing Paint,Premium
122,49,indoor,Nippon,Economy
435,72,floor,Causeway,Economy
483,73,floor,Causeway,Economy
451,69,indoor,Asian Paints Causeway,Premium
404,62,indoor,JAT,Premium
349,81,floor,Nippon Water Based,Economy
381,57,wood,JAT Water Base,Economy
600,90,floor,Nippon Water Based,Standard
284,89,floor,Causeway,Standard
431,118,floor,Dulux QD Floor Paints,Premium
405,44,indoor,Nippon,Economy
272,97,outdoor,MULTILAC 3IN1,Premium
560,60,indoor,Nippon,Standard
192,58,indoor,Nippon,Standard
511,87,floor,Robbialac,Standard
320,62,indoor,Robbialac,Premium
122,84,outdoor,Nippon Atom 2 in 1,Standard
389,68,wood,Nippolac Water Based,Standard
307,97,floor,Nippon Epoxy,Standard
442,91,floor,Nippon Epoxy,Standard
504,74,outdoor,Causeway SmartCare Aqua Safe,Economy
325,90,outdoor,Dulux Superkote,Premium
394,42,indoor,Nippon,Economy
466,69,wood,Dulux Water Base,Standard
266,77,wood,Robbialac Water Base,Premium
547,89,outdoor,MULTILAC 3IN1,Premium
82,52,indoor,Dulux,Standard
238,69,outdoor,Multilac Ultra Flex 1000,Economy
132,93,outdoor,Dulux Aquatech,Premium
537,49,indoor,Robbialac,Economy
554,79,outdoor,JAT Exterior,Standard
228,61,wood,JAT Water Base,Standard
492,72,floor,Dulux QD Floor Paints,Economy
251,69,indoor,Multilac,Premium
566,71,wood,Nippon Water Base,Premium
134,69,indoor,Asian Paints Causeway,Premium
323,50,indoor,Multilac,Economy
307,73,floor,Lankem Robbialac,Economy
472,43,indoor,Multilac,Economy
133,96,outdoor,WAPP Waterproofing Paint,Premium
422,98,outdoor,JAT Exterior,Premium
155,59,indoor,Asian Paints Causeway,Standard
567,87,outdoor,Causeway Weatherproof,Premium
416,82,outdoor,Multilac Nano Shield 900,Standard
204,86,floor,Nippon Water Based,Standard
410,59,indoor,Multilac,Standard
110,102,floor,Nippon Epoxy,Premium
512,68,outdoor,Dulux Weathershield,Economy
351,97,outdoor,Nippon Atom 2 in 1,Premium
232,94,outdoor,MULTILAC 3IN1,Premium
574,66,indoor,Asian Paints Causeway,Premium
235,56,indoor,Multilac,Standard
238,52,wood,Nippon Water Base,Economy
576,63,indoor,Robbialac,Premium
224,63,indoor,Dulux,Premium
457,78,outdoor,Nippon Atom 2 in 1,Standard
250,85,outdoor,Dulux Aquatech,Standard
577,49,indoor,Asian Paints Causeway,Economy
188,77,wood,JAT Water Base,Premium
598,77,wood,Robbialac Water Base,Premium
511,68,outdoor,Causeway SmartCare Aqua Safe,Economy
355,48,indoor,Asian Paints Causeway,Economy
339,82,outdoor,Multilac Ultra Flex 1000,Standard
556,78,wood,Nippon Water Base,Premium
205,79,wood,Dulux Water Base,Premium
323,46,indoor,Robbialac,Economy
517,51,indoor,JAT,Standard
369,74,wood,JAT Water Base,Premium
350,110,floor,Nippon Epoxy,Premium
515,79,outdoor,Dulux Weathershield,Standard
163,90,floor,Dulux QD Floor Paints,Standard
350,55,wood,Nippon Water Base,Economy
338,53,indoor,Nippon,Standard
101,97,floor,Robbialac,Standard
441,42,indoor,Nippon,Economy
500,107,floor,Lankem Robbialac,Premium
239,70,outdoor,MULTILAC MULTI PROTECTO,Economy
209,75,wood,Robbialac Water Base,Premium
366,60,wood,Nippolac Water Based,Economy
427,66,outdoor,Dulux Superkote,Economy
113,112,floor,Dulux QD Floor Paints,Premium
556,46,indoor,Multilac,Economy
592,70,wood,Nippon Water Base,Standard
457,62,wood,Dulux Water Base,Standard
543,68,indoor,Dulux,Premium
487,44,indoor,Multilac,Economy
201,67,outdoor,Dulux Weathershield,Economy
496,56,wood,Nippon Water Base,Economy
419,56,indoor,Multilac,Standard
395,52,indoor,Asian Paints Causeway,Standard
351,82,floor,Nippon Floor Wax Polish,Economy
278,61,indoor,Robbialac,Premium
579,66,outdoor,Multilac Ultra Flex 1000,Economy
331,76,wood,JAT Water Base,Premium
536,76,wood,JAT Water Base,Premium
526,72,wood,Robbialac Water Base,Premium
360,112,floor,Dulux QD Floor Paints,Premium
566,61,wood,Robbialac Water Base,Standard
169,111,floor,Lankem Robbialac,Premium
177,64,wood,JAT Water Base,Standard
111,80,wood,Nippon Water Base,Premium
125,56,wood,Nippon Water Base,Economy
344,95,floor,Dulux QD Floor Paints,Standard
408,44,indoor,Dulux,Economy
116,66,indoor,Multilac,Premium
443,73,floor,Nippon Floor Wax Polish,Economy
404,40,indoor,Asian Paints Causeway,Economy
557,72,outdoor,Dulux Superkote,Economy
527,93,floor,Nippon Floor Wax Polish,Standard
204,58,wood,Robbialac Water Base,Economy
242,97,floor,Robbialac,Standard
500,68,outdoor,Dulux Weathershield,Economy
289,73,floor,Robbialac,Economy
303,93,outdoor,Multilac Weather Guard,Premium
257,85,floor,Nippon Floor Wax Polish,Economy
517,80,wood,Nippolac Water Based,Premium
202,43,indoor,Robbialac,Economy
302,42,indoor,Asian Paints Causeway,Economy
529,54,wood,Nippolac Water Based,Economy
247,74,outdoor,Dulux Aquatech,Economy
254,71,wood,Robbialac Water Base,Premium
377,67,outdoor,Multilac Weather Guard,Economy
271,64,wood,Nippon Water Base,Standard
511,77,outdoor,Causeway SmartCare Aqua Safe,Standard
358,71,floor,Nippon Floor Paint,Economy
485,79,outdoor,Multilac Nano Sealer 700,Standard
213,77,wood,Nippon Water Base,Premium
166,95,floor,Nippon Water Based,Standard
286,92,outdoor,Multilac Nano Shield 900,Premium
584,59,indoor,Nippon,Standard
402,44,indoor,Dulux,Economy
588,86,outdoor,Multilac Weather Guard,Premium
425,49,indoor,Multilac,Economy
171,53,wood,Nippon Water Base,Economy
96,86,outdoor,MULTILAC MULTI PROTECTO,Premium
523,91,outdoor,Dulux Weathershield,Premium
297,75,outdoor,MULTILAC MULTI PROTECTO,Economy
510,57,wood,Robbialac Water Base,Economy
596,71,outdoor,Causeway SmartCare Aqua Safe,Economy
329,79,outdoor,JAT Exterior,Standard
444,57,indoor,Robbialac,Standard
460,41,indoor,Nippon,Economy
556,65,indoor,Dulux,Premium
382,56,wood,Nippon Water Base,Economy
147,62,indoor,Asian Paints Causeway,Premium
216,58,wood,JAT Water Base,Economy
493,71,floor,Nippon Water Based,Economy
213,87,floor,Robbialac,Standard
345,119,floor,Nippon Water Based,Premium
86,50,wood,Nippon Water Base,Economy
276,70,outdoor,Dulux Aquatech,Economy
463,89,outdoor,Causeway Weatherproof,Premium
273,53,wood,JAT Water Base,Economy
354,72,wood,Nippon Water Base,Premium
580,58,wood,Robbialac Water Base,Economy
192,74,outdoor,MULTILAC 3IN1,Economy
89,75,wood,Nippolac Water Based,Premium
116,76,floor,Dulux QD Floor Paints,Economy
206,69,indoor,Asian Paints Causeway,Premium
353,66,wood,Nippolac Water Based,Standard
386,40,indoor,Multilac,Economy
146,79,wood,Robbialac Water Base,Premium
423,66,wood,Nippon Water Base,Standard
215,67,wood,Dulux Water Base,Standard
281,78,floor,Nippon Epoxy,Economy
581,69,outdoor,WAPP Waterproofing Paint,Economy
286,50,wood,Robbialac Water Base,Economy
90,79,wood,Nippolac Water Based,Premium
590,78,outdoor,Multilac Nano Sealer 700,Standard
562,89,floor,Robbialac,Standard
419,81,outdoor,Dulux Superkote,Standard
194,81,outdoor,MULTILAC MULTI PROTECTO,Standard
150,41,indoor,Asian Paints Causeway,Economy
462,46,indoor,Nippon,Economy
234,108,floor,Nippon Epoxy,Premium
247,79,outdoor,Nippon Flex 400 H/D Elastomeric,Standard
530,68,indoor,Nippon,Premium
541,91,floor,Lankem Robbialac,Standard
99,63,indoor,Nippon,Premium
124,51,wood,Nippon Water Base,Economy
532,76,wood,Nippon Water Base,Premium
186,105,floor,Lankem Robbialac,Premium
233,89,outdoor,Causeway Weatherproof,Premium
592,60,indoor,Dulux,Standard
318,48,indoor,Dulux,Economy
526,67,indoor,Multilac,Premium
418,79,floor,Nippon Floor Paint,Economy
247,69,outdoor,Multilac Ultra Flex 1000,Economy
434,85,floor,Lankem Robbialac,Economy
499,78,floor,Dulux QD Floor Paints,Economy
343,53,indoor,Robbialac,Standard
353,79,outdoor,Dulux Superkote,Standard
165,61,indoor,Asian Paints Causeway,Premium
407,115,floor,Causeway,Premium
340,41,indoor,Nippon,Economy
347,50,wood,Dulux Water Base,Economy
380,81,outdoor,Nippon Durafresh,Standard
390,107,floor,Causeway,Premium
121,67,outdoor,Multilac Nano Sealer 700,Economy
102,51,indoor,Dulux,Standard
113,81,floor,Lankem Robbialac,Economy
299,49,indoor,Nippon,Economy
203,77,floor,Robbialac,Economy
469,84,outdoor,Multilac Ultra Flex 1000,Standard
517,78,wood,Dulux Water Base,Premium
528,67,indoor,JAT,Premium
497,78,outdoor,Multilac Nano Sealer 700,Standard
570,103,floor,Nippon Floor Wax Polish,Premium
144,77,wood,JAT Water Base,Premium
386,87,outdoor,MULTILAC 3IN1,Premium
320,101,floor,Lankem Robbialac,Premium
183,91,floor,Causeway,Standard
311,61,wood,Nippolac Water Based,Standard
98,53,wood,JAT Water Base,Economy
383,101,floor,Causeway,Premium
213,57,wood,JAT Water Base,Economy
497,79,outdoor,Dulux Weathershield,Standard
180,77,outdoor,Nippon Flex 400 H/D Elastomeric,Standard
596,74,wood,JAT Water Base,Premium
419,99,floor,Dulux QD Floor Paints,Standard
85,76,wood,JAT Water Base,Premium
320,70,indoor,Dulux,Premium
518,58,wood,JAT Water Base,Economy
141,110,floor,Lankem Robbialac,Premium
575,97,floor,Robbialac,Standard
275,72,wood,Nippolac Water Based,Premium
481,61,indoor,Asian Paints Causeway,Premium
131,67,wood,Robbialac Water Base,Standard
522,48,indoor,Nippon,Economy
590,51,indoor,Multilac,Standard
137,52,wood,Nippon Water Base,Economy
572,48,indoor,Dulux,Economy
449,113,floor,Dulux QD Floor Paints,Premium
214,68,wood,Nippon Water Base,Standard
410,101,floor,Nippon Floor Wax Polish,Premium
220,74,outdoor,Dulux Aquatech,Economy
455,62,wood,Robbialac Water Base,Standard
279,97,outdoor,Nippon Durafresh,Premium
148,58,wood,Dulux Water Base,Economy
418,111,floor,Nippon Floor Wax Polish,Premium
319,57,wood,JAT Water Base,Economy
218,74,wood,Nippon Water Base,Premium
557,100,outdoor,MULTILAC 3IN1,Premium
225,49,indoor,Dulux,Economy
470,84,outdoor,Multilac Ultra Flex 1000,Standard
330,72,wood,Nippolac Water Based,Premium
360,71,wood,Nippon Water Base,Premium
383,55,indoor,Robbialac,Standard
137,79,outdoor,Causeway Weatherproof,Standard
595,81,outdoor,MULTILAC MULTI PROTECTO,Standard
561,70,indoor,Nippon,Premium
299,93,outdoor,Nippon Atom 2 in 1,Premium
309,91,floor,Nippon Floor Wax Polish,Standard
544,82,outdoor,Multilac Ultra Flex 1000,Standard
191,60,wood,Dulux Water Base,Economy
144,47,indoor,Nippon,Economy
458,84,outdoor,Dulux Weathershield,Standard
577,90,floor,Nippon Floor Wax Polish,Standard
595,53,indoor,Dulux,Standard
368,77,floor,Dulux QD Floor Paints,Economy
510,88,outdoor,Multilac Nano Shield 900,Premium
450,44,indoor,Asian Paints Causeway,Economy
148,80,outdoor,MULTILAC 3IN1,Standard
346,105,floor,Causeway,Premium
487,114,floor,Lankem Robbialac,Premium
454,78,wood,Dulux Water Base,Premium
309,95,outdoor,Multilac Ultra Flex 1000,Premium
398,78,floor,Causeway,Economy
228,54,indoor,Multilac,Standard
472,53,indoor,Asian Paints Causeway,Standard
120,116,floor,Nippon Floor Paint,Premium
114,72,wood,Dulux Water Base,Premium
598,84,outdoor,Nippon Flex 100,Standard
496,55,indoor,Robbialac,Standard
96,55,wood,JAT Water Base,Economy
586,93,outdoor,MULTILAC 3IN1,Premium
146,65,indoor,Asian Paints Causeway,Premium
313,110,floor,Robbialac,Premium
305,83,outdoor,Multilac Nano Sealer 700,Standard
589,79,outdoor,Nippon Flex 400 H/D Elastomeric,Standard
336,40,indoor,Multilac,Economy
157,97,floor,Nippon Floor Paint,Standard
342,63,indoor,Robbialac,Premium
578,84,outdoor,Multilac Weather Guard,Standard
483,80,outdoor,Nippolac Weatherproof,Standard
319,62,indoor,Nippon,Premium
248,52,indoor,Nippon,Standard
521,119,floor,Nippon Floor Paint,Premium
351,53,wood,Nippolac Water Based,Economy
403,72,floor,Nippon Epoxy,Economy
492,51,wood,Robbialac Water Base,Economy
277,53,indoor,Multilac,Standard
308,92,outdoor,Nippon Flex 100,Premium
542,70,outdoor,Causeway SmartCare Aqua Safe,Economy
109,79,outdoor,Nippon Flex 100,Standard
217,97,floor,Dulux QD Floor Paints,Standard
311,120,floor,Nippon Floor Paint,Premium
316,75,outdoor,Nippon Flex 100,Economy
272,51,indoor,Nippon,Standard
156,59,indoor,JAT,Standard
86,102,floor,Nippon Epoxy,Premium
309,53,indoor,Asian Paints Causeway,Standard
478,80,wood,Robbialac Water Base,Premium
289,64,indoor,Nippon,Premium
432,82,outdoor,Dulux Superkote,Standard
512,50,wood,Nippolac Water Based,Economy
270,112,floor,Nippon Floor Wax Polish,Premium
412,116,floor,Lankem Robbialac,Premium
280,67,wood,Robbialac Water Base,Standard
