Price per cubic foot (LKR),Size (cu.ft),Wood Species,Wood Grade,Location,Building Type
1645,23.98,kubuk,B,Outdoor,Structural Framing
592,4.69,jak,C,Semi,Door/window
797,27.21,microo,B,Indoor,Door/window
202,11.9,ginisapu,B,Indoor,Door/window
369,18.01,ginisapu,B,Indoor,Roofing Components
813,17.8,teak,C,Semi,Structural Framing
1305,7.57,kempas,B,Semi,Door/window
390,14.8,pinewood,C,Indoor,Roofing Components
223,6.88,mango,C,Indoor,Structural Framing
647,4.57,jak,B,Semi,Door/window
600,13.09,burutha,A,Semi,Structural Framing
500,10.67,burutha,A,Semi,Door/window
750,15.27,mahoganii,A,Semi,Door/window
966,21.5,teak,B,Semi,Door/window
805,7.22,jak,B,Semi,Structural Framing
767,23.2,teak,C,Semi,Door/window
1198,17.5,kempas,B,Semi,Door/window
1365,25.27,kubuk,C,Outdoor,Structural Framing
1728,5.58,kubuk,B,Outdoor,Structural Framing
1200,1.45,teak,A,Semi,Door/window
339,18.74,lunumidella,C,Outdoor,Roofing Components
249,18.95,ginisapu,C,Indoor,Roofing Components
1285,17.35,kempas,B,Semi,Door/window
814,6.41,jak,B,Semi,Structural Framing
344,25.47,lunumidella,C,Outdoor,Roofing Components
500,27.71,lunumidella,A,Outdoor,Roofing Components
3000,21.38,thulan,A,Indoor,Structural Framing
856,12.71,thulan,C,Indoor,Door/window
837,3.59,jak,B,Semi,Structural Framing
850,20.51,jak,A,Semi,Door/window
500,26.23,lunumidella,A,Semi,Roofing Components
272,27.68,mango,C,Indoor,Structural Framing
349,9.25,pinewood,C,Indoor,Roofing Components
424,17.85,mahoganii,C,Semi,Door/window
450,3.54,ginisapu,A,Indoor,Roofing Components
1371,18.13,kubuk,C,Outdoor,Structural Framing
450,12.4,ginisapu,A,Indoor,Roofing Components
332,11.5,mango,B,Indoor,Structural Framing
402,7.92,ginisapu,B,Indoor,Roofing Components
400,28.84,mango,A,Indoor,Structural Framing
141,15.03,ginisapu,C,Indoor,Door/window
423,9.67,lunumidella,B,Indoor,Roofing Components
314,13.11,lunumidella,C,Outdoor,Roofing Components
347,27.27,ginisapu,B,Indoor,Roofing Components
1200,19.34,teak,A,Semi,Door/window
137,6.67,mango,C,Indoor,Door/window
372,4.99,ginisapu,B,Indoor,Roofing Components
1789,2.61,kempas,C,Semi,Structural Framing
1200,23.31,teak,A,Semi,Door/window
200,29.66,mango,A,Indoor,Door/window
850,6.05,jak,A,Semi,Door/window
2304,2.5,kempas,B,Semi,Structural Framing
437,6.96,lunumidella,B,Outdoor,Roofing Components
1200,28.94,kempas,A,Semi,Roofing Components
1200,11.1,kempas,A,Semi,Roofing Components
1069,2.36,teak,B,Semi,Structural Framing
850,25.05,jak,A,Semi,Door/window
538,5.02,burutha,B,Semi,Structural Framing
367,9.24,burutha,C,Semi,Structural Framing
3000,14.12,thulan,A,Indoor,Structural Framing
178,4.7,mango,B,Indoor,Door/window
400,3.07,pinewood,C,Indoor,Roofing Components
700,9.9,jak,B,Semi,Door/window
350,26.46,ginisapu,B,Indoor,Roofing Components
1050,27.81,mahoganii,A,Semi,Structural Framing
750,22.97,mahoganii,A,Semi,Door/window
429,15.07,lunumidella,B,Indoor,Roofing Components
895,3.4,jak,B,Semi,Structural Framing
960,24.64,thulan,C,Indoor,Door/window
422,15.15,lunumidella,B,Outdoor,Roofing Components
1549,24.31,kubuk,B,Outdoor,Structural Framing
151,20.63,ginisapu,C,Indoor,Door/window
401,25.2,ginisapu,B,Indoor,Roofing Components
1500,13.58,kempas,A,Semi,Door/window
341,7.49,lunumidella,C,Outdoor,Roofing Components
1033,22.21,kempas,B,Semi,Roofing Components
289,22.91,ginisapu,C,Indoor,Roofing Components
2477,10.46,kempas,B,Semi,Structural Framing
1200,4.57,kempas,A,Semi,Roofing Components
407,27.29,pinewood,C,Indoor,Roofing Components
1000,28.85,microo,A,Indoor,Door/window
250,25.84,ginisapu,A,Indoor,Door/window
346,7.94,ginisapu,B,Indoor,Roofing Components
2697,7.88,thulan,B,Indoor,Structural Framing
2117,1.24,kempas,B,Semi,Structural Framing
942,4.05,thulan,C,Indoor,Door/window
351,13.07,mango,B,Indoor,Structural Framing
500,22.38,burutha,A,Semi,Door/window
970,6.79,kempas,B,Semi,Roofing Components
880,17.55,kempas,C,Semi,Door/window
289,18.58,lunumidella,C,Outdoor,Roofing Components
850,23.34,jak,A,Semi,Door/window
1500,4.15,kempas,A,Semi,Door/window
974,5.59,kempas,B,Semi,Roofing Components
600,20.98,burutha,A,Semi,Structural Framing
1200,10.04,kempas,A,Semi,Roofing Components
850,27.62,jak,A,Semi,Door/window
836,22.23,teak,C,Semi,Structural Framing
2800,23.09,kempas,A,Semi,Structural Framing
380,4.89,ginisapu,B,Indoor,Roofing Components
127,17.7,mango,C,Indoor,Door/window
750,1.31,mahoganii,A,Semi,Door/window
400,27.49,mango,A,Indoor,Structural Framing
1200,3.69,kempas,A,Semi,Roofing Components
450,20.64,ginisapu,A,Indoor,Roofing Components
380,29.62,pinewood,C,Indoor,Roofing Components
200,19.97,mango,A,Indoor,Door/window
250,20.26,ginisapu,C,Indoor,Roofing Components
2469,27.61,kempas,B,Semi,Structural Framing
731,6.22,teak,C,Semi,Door/window
1793,1.65,microo,B,Indoor,Structural Framing
400,1.42,mango,A,Indoor,Structural Framing
387,28.01,ginisapu,B,Indoor,Roofing Components
1500,28.2,thulan,A,Indoor,Door/window
347,27.89,lunumidella,C,Outdoor,Roofing Components
450,9.93,ginisapu,A,Indoor,Roofing Components
460,9.16,burutha,B,Semi,Structural Framing
450,2.34,ginisapu,A,Indoor,Roofing Components
400,17.86,mango,A,Indoor,Structural Framing
375,13.21,lunumidella,B,Outdoor,Roofing Components
600,17.08,burutha,A,Semi,Structural Framing
120,16.18,mango,C,Indoor,Door/window
964,28.41,kempas,B,Semi,Roofing Components
887,10.42,jak,B,Semi,Structural Framing
702,16.66,teak,C,Semi,Door/window
920,6.56,mahoganii,B,Semi,Structural Framing
2800,8.7,kempas,A,Semi,Structural Framing
450,20.55,ginisapu,A,Indoor,Roofing Components
360,25.38,ginisapu,B,Indoor,Roofing Components
750,25.58,mahoganii,A,Semi,Door/window
320,6.73,mango,B,Indoor,Structural Framing
273,22.78,ginisapu,C,Indoor,Roofing Components
1000,15.8,microo,A,Indoor,Door/window
393,4.8,ginisapu,B,Indoor,Roofing Components
400,13.91,mango,A,Indoor,Structural Framing
446,14.38,lunumidella,B,Outdoor,Roofing Components
498,3.24,burutha,B,Semi,Structural Framing
1200,28.82,teak,A,Semi,Structural Framing
850,15.68,jak,A,Semi,Door/window
1050,3.2,mahoganii,A,Semi,Structural Framing
162,22.07,mango,B,Indoor,Door/window
400,10.94,mango,A,Indoor,Structural Framing
1564,21.36,microo,B,Indoor,Structural Framing
143,12.84,ginisapu,C,Indoor,Door/window
2800,14.8,kempas,A,Semi,Structural Framing
2800,11.79,kempas,A,Semi,Structural Framing
2365,4.6,kempas,B,Semi,Structural Framing
411,7.02,burutha,C,Semi,Structural Framing
1559,24.09,kubuk,B,Outdoor,Structural Framing
1665,5.82,microo,B,Indoor,Structural Framing
436,1.23,lunumidella,B,Indoor,Roofing Components
412,16.07,burutha,B,Semi,Door/window
2212,10.29,kempas,B,Semi,Structural Framing
2800,21.41,kempas,A,Semi,Structural Framing
702,21.11,kempas,C,Semi,Roofing Components
350,26.1,pinewood,C,Indoor,Roofing Components
364,19.66,ginisapu,B,Indoor,Roofing Components
850,7.86,jak,A,Semi,Door/window
600,26.07,pinewood,A,Indoor,Roofing Components
351,6.66,burutha,C,Semi,Structural Framing
1500,24.95,thulan,A,Indoor,Door/window
378,5.59,ginisapu,B,Indoor,Roofing Components
1200,4.32,teak,A,Semi,Door/window
425,9.6,lunumidella,B,Indoor,Roofing Components
1050,6.43,mahoganii,A,Semi,Structural Framing
2506,23.82,thulan,B,Indoor,Structural Framing
713,21.81,teak,C,Semi,Structural Framing
582,14.33,jak,C,Semi,Door/window
443,19.19,lunumidella,B,Indoor,Roofing Components
1860,25.86,kempas,C,Semi,Structural Framing
348,1.06,burutha,C,Semi,Structural Framing
1500,11.66,kempas,A,Semi,Door/window
370,12.5,ginisapu,B,Indoor,Roofing Components
869,14.94,microo,B,Indoor,Door/window
200,21.6,mango,A,Indoor,Door/window
467,12.84,burutha,B,Semi,Structural Framing
1613,15.45,kubuk,B,Outdoor,Structural Framing
500,28.71,burutha,A,Semi,Door/window
1000,11.97,microo,A,Indoor,Door/window
289,4.18,ginisapu,C,Indoor,Roofing Components
235,11.93,mango,C,Indoor,Structural Framing
850,13.48,jak,A,Semi,Door/window
446,27.38,lunumidella,B,Indoor,Roofing Components
845,27.86,thulan,C,Indoor,Door/window
618,3.94,mahoganii,C,Semi,Structural Framing
386,24.75,burutha,C,Semi,Structural Framing
3000,18.69,thulan,A,Indoor,Structural Framing
750,6.1,mahoganii,A,Semi,Door/window
350,22.85,ginisapu,B,Indoor,Roofing Components
500,21.14,lunumidella,A,Indoor,Roofing Components
782,24.79,teak,C,Semi,Door/window
1331,8.93,microo,C,Indoor,Structural Framing
122,22.14,mango,C,Indoor,Door/window
1744,20.17,kubuk,B,Outdoor,Structural Framing
500,29.52,burutha,A,Semi,Door/window
825,2.34,kempas,C,Semi,Roofing Components
378,18.16,ginisapu,B,Indoor,Roofing Components
962,24.82,kempas,B,Semi,Roofing Components
828,24.58,jak,B,Semi,Structural Framing
600,10.35,burutha,A,Semi,Structural Framing
448,19.89,burutha,B,Semi,Door/window
610,9.52,microo,C,Indoor,Door/window
158,28.51,ginisapu,C,Indoor,Door/window
2545,10.88,thulan,B,Indoor,Structural Framing
526,17.0,pinewood,B,Indoor,Roofing Components
645,6.76,mahoganii,B,Semi,Door/window
403,26.23,burutha,B,Semi,Door/window
900,24.67,teak,B,Semi,Structural Framing
294,7.39,lunumidella,C,Outdoor,Roofing Components
795,9.92,teak,C,Semi,Structural Framing
2000,17.13,microo,A,Indoor,Structural Framing
1500,8.13,thulan,A,Indoor,Door/window
302,11.55,lunumidella,C,Outdoor,Roofing Components
281,9.94,lunumidella,C,Indoor,Roofing Components
696,29.1,microo,C,Indoor,Door/window
400,14.35,mango,A,Indoor,Structural Framing
1236,10.42,kubuk,C,Outdoor,Structural Framing
600,28.82,pinewood,A,Indoor,Roofing Components
980,27.07,kempas,B,Semi,Roofing Components
400,17.33,mango,A,Indoor,Structural Framing
978,9.56,kempas,B,Semi,Roofing Components
500,2.6,lunumidella,A,Outdoor,Roofing Components
1632,12.92,kubuk,B,Outdoor,Structural Framing
301,12.38,lunumidella,C,Outdoor,Roofing Components
600,18.2,pinewood,A,Indoor,Roofing Components
726,10.27,mahoganii,C,Semi,Structural Framing
1200,15.33,teak,A,Semi,Door/window
1500,11.19,kempas,A,Semi,Door/window
600,21.14,pinewood,A,Indoor,Roofing Components
1394,29.24,microo,C,Indoor,Structural Framing
500,26.62,lunumidella,A,Outdoor,Roofing Components
125,12.14,mango,C,Indoor,Door/window
500,8.89,burutha,A,Semi,Door/window
450,7.46,ginisapu,A,Indoor,Roofing Components
332,6.57,lunumidella,C,Outdoor,Roofing Components
156,2.6,mango,B,Indoor,Door/window
611,15.89,mahoganii,B,Semi,Door/window
402,26.43,lunumidella,B,Indoor,Roofing Components
600,21.85,pinewood,A,Indoor,Roofing Components
1571,13.06,microo,B,Indoor,Structural Framing
1001,23.09,kempas,C,Semi,Door/window
1200,21.42,teak,A,Semi,Door/window
670,23.22,kempas,C,Semi,Roofing Components
391,10.99,lunumidella,B,Semi,Roofing Components
2000,17.88,kubuk,A,Outdoor,Structural Framing
2430,3.38,kempas,B,Semi,Structural Framing
3000,1.43,thulan,A,Indoor,Structural Framing
600,1.63,burutha,A,Semi,Structural Framing
1500,28.09,thulan,A,Indoor,Door/window
667,1.03,jak,B,Semi,Door/window
782,6.74,kempas,C,Semi,Roofing Components
951,1.72,kempas,B,Semi,Roofing Components
1500,2.81,kempas,A,Semi,Door/window
892,25.26,jak,B,Semi,Structural Framing
1200,7.41,kempas,A,Semi,Roofing Components
1500,12.85,kempas,A,Semi,Door/window
500,17.19,lunumidella,A,Outdoor,Roofing Components
1200,4.12,kempas,A,Semi,Roofing Components
363,13.61,pinewood,C,Indoor,Roofing Components
310,16.52,lunumidella,C,Semi,Roofing Components
687,29.81,microo,C,Indoor,Door/window
765,16.57,teak,C,Semi,Structural Framing
195,26.33,ginisapu,B,Indoor,Door/window
871,8.74,kempas,C,Semi,Door/window
450,5.37,ginisapu,A,Indoor,Roofing Components
888,3.84,mahoganii,B,Semi,Structural Framing
167,16.64,ginisapu,C,Indoor,Door/window
695,12.81,teak,C,Semi,Structural Framing
383,3.3,lunumidella,B,Semi,Roofing Components
1050,25.08,mahoganii,A,Semi,Structural Framing
1309,10.07,microo,C,Indoor,Structural Framing
500,23.09,burutha,A,Semi,Door/window
665,11.15,kempas,C,Semi,Roofing Components
450,13.34,ginisapu,A,Indoor,Roofing Components
364,16.33,ginisapu,B,Indoor,Roofing Components
150,1.86,mango,B,Indoor,Door/window
600,6.72,burutha,A,Semi,Structural Framing
730,6.81,jak,B,Semi,Door/window
1200,18.8,kempas,A,Semi,Roofing Components
450,15.27,ginisapu,A,Indoor,Roofing Components
569,10.33,microo,C,Indoor,Door/window
1000,7.59,microo,A,Indoor,Door/window
1200,9.29,kempas,A,Semi,Roofing Components
1200,11.52,teak,A,Semi,Door/window
454,14.05,pinewood,B,Indoor,Roofing Components
600,18.89,pinewood,A,Indoor,Roofing Components
187,28.5,ginisapu,B,Indoor,Door/window
343,11.2,lunumidella,C,Indoor,Roofing Components
600,14.6,pinewood,A,Indoor,Roofing Components
1233,22.07,thulan,B,Indoor,Door/window
255,19.27,ginisapu,C,Indoor,Roofing Components
308,18.19,lunumidella,C,Indoor,Roofing Components
910,27.46,kempas,C,Semi,Door/window
600,8.23,pinewood,A,Indoor,Roofing Components
500,9.97,burutha,A,Semi,Door/window
559,6.76,jak,C,Semi,Structural Framing
600,28.2,burutha,A,Semi,Structural Framing
573,7.29,jak,C,Semi,Door/window
154,18.48,ginisapu,C,Indoor,Door/window
600,24.73,burutha,A,Semi,Structural Framing
250,13.08,ginisapu,A,Indoor,Door/window
1714,18.35,kubuk,B,Outdoor,Structural Framing
474,1.38,mahoganii,C,Semi,Door/window
376,24.76,pinewood,C,Indoor,Roofing Components
577,29.08,mahoganii,C,Semi,Structural Framing
371,23.64,ginisapu,B,Indoor,Roofing Components
304,6.73,lunumidella,C,Indoor,Roofing Components
255,11.45,ginisapu,C,Indoor,Roofing Components
1200,6.3,teak,A,Semi,Structural Framing
478,16.85,pinewood,B,Indoor,Roofing Components
851,27.03,jak,B,Semi,Structural Framing
800,11.84,mahoganii,B,Semi,Structural Framing
1500,8.99,kempas,A,Semi,Door/window
1777,22.77,microo,B,Indoor,Structural Framing
500,28.78,lunumidella,A,Semi,Roofing Components
500,13.49,lunumidella,A,Indoor,Roofing Components
1166,1.49,kempas,B,Semi,Door/window
1140,27.74,kubuk,C,Outdoor,Structural Framing
731,14.71,teak,C,Semi,Door/window
1200,27.97,kempas,A,Semi,Roofing Components
1737,22.3,microo,B,Indoor,Structural Framing
766,4.72,jak,B,Semi,Structural Framing
1200,14.8,teak,A,Semi,Structural Framing
1500,22.12,kempas,A,Semi,Door/window
669,14.76,kempas,C,Semi,Roofing Components
250,2.9,ginisapu,A,Indoor,Door/window
1789,11.5,kubuk,B,Outdoor,Structural Framing
600,24.97,burutha,A,Semi,Structural Framing
349,29.55,ginisapu,B,Indoor,Roofing Components
600,8.63,pinewood,A,Indoor,Roofing Components
215,26.02,ginisapu,B,Indoor,Door/window
429,14.45,burutha,B,Semi,Door/window
1000,29.02,jak,A,Semi,Structural Framing
1038,3.99,teak,B,Semi,Structural Framing
290,13.03,ginisapu,C,Indoor,Roofing Components
1677,3.77,microo,B,Indoor,Structural Framing
600,16.61,pinewood,A,Indoor,Roofing Components
1200,13.47,teak,A,Semi,Structural Framing
500,14.59,burutha,A,Semi,Door/window
750,11.74,mahoganii,A,Semi,Door/window
1078,2.12,teak,B,Semi,Door/window
820,25.95,kempas,C,Semi,Roofing Components
2436,25.02,thulan,B,Indoor,Structural Framing
784,12.47,kempas,C,Semi,Roofing Components
600,9.73,pinewood,A,Indoor,Roofing Components
820,26.41,microo,B,Indoor,Door/window
269,7.83,mango,C,Indoor,Structural Framing
500,7.17,burutha,A,Semi,Door/window
500,18.57,lunumidella,A,Indoor,Roofing Components
1173,26.81,kubuk,C,Outdoor,Structural Framing
3000,22.47,thulan,A,Indoor,Structural Framing
1072,6.81,kempas,B,Semi,Roofing Components
1771,22.62,kubuk,B,Outdoor,Structural Framing
467,29.28,burutha,B,Semi,Structural Framing
294,12.33,burutha,C,Semi,Door/window
1200,5.83,kempas,A,Semi,Roofing Components
1892,6.61,thulan,C,Indoor,Structural Framing
1151,14.2,kubuk,C,Outdoor,Structural Framing
262,25.25,ginisapu,C,Indoor,Roofing Components
282,4.2,ginisapu,C,Indoor,Roofing Components
1200,22.16,teak,A,Semi,Door/window
650,10.75,jak,B,Semi,Door/window
933,10.31,teak,B,Semi,Structural Framing
600,10.67,pinewood,A,Indoor,Roofing Components
902,7.73,mahoganii,B,Semi,Structural Framing
1603,11.45,kempas,C,Semi,Structural Framing
3000,26.52,thulan,A,Indoor,Structural Framing
1500,19.26,thulan,A,Indoor,Door/window
500,20.06,lunumidella,A,Semi,Roofing Components
355,27.12,ginisapu,B,Indoor,Roofing Components
2000,23.4,microo,A,Indoor,Structural Framing
750,16.5,mahoganii,A,Semi,Door/window
600,6.17,burutha,A,Semi,Structural Framing
2388,18.79,kempas,B,Semi,Structural Framing
1200,28.5,teak,A,Semi,Door/window
828,23.21,mahoganii,B,Semi,Structural Framing
339,27.7,ginisapu,B,Indoor,Roofing Components
929,9.23,teak,B,Semi,Structural Framing
277,4.1,ginisapu,C,Indoor,Roofing Components
776,7.18,microo,B,Indoor,Door/window
3000,17.41,thulan,A,Indoor,Structural Framing
723,26.62,jak,B,Semi,Door/window
957,17.5,kempas,B,Semi,Roofing Components
664,12.96,jak,B,Semi,Door/window
874,17.99,jak,B,Semi,Structural Framing
855,26.46,jak,B,Semi,Structural Framing
750,21.27,mahoganii,A,Semi,Door/window
618,26.67,mahoganii,B,Semi,Door/window
172,19.47,mango,B,Indoor,Door/window
460,13.53,pinewood,B,Indoor,Roofing Components
862,15.22,mahoganii,B,Semi,Structural Framing
358,15.22,burutha,C,Semi,Structural Framing
1505,27.5,kubuk,B,Outdoor,Structural Framing
1200,29.77,kempas,A,Semi,Roofing Components
351,2.03,ginisapu,B,Indoor,Roofing Components
526,8.92,pinewood,B,Indoor,Roofing Components
476,27.24,pinewood,B,Indoor,Roofing Components
452,23.85,burutha,B,Semi,Structural Framing
173,18.92,mango,B,Indoor,Door/window
200,12.61,mango,A,Indoor,Door/window
719,11.09,kempas,C,Semi,Roofing Components
425,2.72,mahoganii,C,Semi,Door/window
200,2.9,mango,A,Indoor,Door/window
464,8.74,burutha,B,Semi,Structural Framing
677,6.74,kempas,C,Semi,Roofing Components
1283,28.13,kubuk,C,Outdoor,Structural Framing
295,9.82,lunumidella,C,Outdoor,Roofing Components
692,2.32,kempas,C,Semi,Roofing Components
660,29.9,kempas,C,Semi,Roofing Components
507,21.63,pinewood,B,Indoor,Roofing Components
396,25.92,burutha,C,Semi,Structural Framing
747,6.51,kempas,C,Semi,Roofing Components
169,4.26,ginisapu,C,Indoor,Door/window
525,13.38,burutha,B,Semi,Structural Framing
868,21.31,microo,B,Indoor,Door/window
750,28.81,mahoganii,A,Semi,Door/window
450,23.27,ginisapu,A,Indoor,Roofing Components
750,28.69,mahoganii,A,Semi,Door/window
450,13.14,ginisapu,A,Indoor,Roofing Components
750,5.81,mahoganii,A,Semi,Door/window
156,16.33,mango,B,Indoor,Door/window
500,16.27,lunumidella,A,Indoor,Roofing Components
600,15.32,burutha,A,Semi,Structural Framing
992,19.54,teak,B,Semi,Structural Framing
287,28.19,ginisapu,C,Indoor,Roofing Components
433,23.16,lunumidella,B,Outdoor,Roofing Components
294,18.6,ginisapu,C,Indoor,Roofing Components
334,10.17,mango,B,Indoor,Structural Framing
315,18.92,burutha,C,Semi,Door/window
553,24.28,jak,C,Semi,Door/window
306,5.13,burutha,C,Semi,Door/window
1200,16.51,teak,A,Semi,Structural Framing
884,4.88,thulan,C,Indoor,Door/window
450,25.29,ginisapu,A,Indoor,Roofing Components
351,7.82,burutha,C,Semi,Structural Framing
766,27.89,teak,C,Semi,Structural Framing
3000,17.45,thulan,A,Indoor,Structural Framing
664,1.44,teak,C,Semi,Structural Framing
1200,8.26,kempas,A,Semi,Roofing Components
369,25.53,burutha,C,Semi,Structural Framing
1047,6.97,thulan,C,Indoor,Door/window
1695,23.42,microo,B,Indoor,Structural Framing
383,17.39,ginisapu,B,Indoor,Roofing Components
600,28.72,burutha,A,Semi,Structural Framing
188,14.41,ginisapu,B,Indoor,Door/window
633,8.37,mahoganii,C,Semi,Structural Framing
500,13.98,mahoganii,C,Semi,Door/window
1000,9.07,microo,A,Indoor,Door/window
641,13.59,jak,C,Semi,Structural Framing
2397,18.81,thulan,B,Indoor,Structural Framing
272,28.48,ginisapu,C,Indoor,Roofing Components
400,13.0,burutha,B,Semi,Door/window
942,9.12,thulan,C,Indoor,Door/window
889,23.19,microo,B,Indoor,Door/window
850,24.35,jak,A,Semi,Door/window
500,2.58,lunumidella,A,Semi,Roofing Components
250,11.63,ginisapu,A,Indoor,Door/window
500,23.73,burutha,A,Semi,Door/window
801,16.36,microo,B,Indoor,Door/window
600,16.47,pinewood,A,Indoor,Roofing Components
725,18.19,teak,C,Semi,Door/window
1200,7.61,kempas,A,Semi,Roofing Components
600,14.16,burutha,A,Semi,Structural Framing
333,5.12,burutha,C,Semi,Structural Framing
199,29.44,ginisapu,B,Indoor,Door/window
1342,13.41,thulan,B,Indoor,Door/window
706,8.56,teak,C,Semi,Door/window
802,12.04,kempas,C,Semi,Roofing Components
2000,10.3,microo,A,Indoor,Structural Framing
2288,3.33,thulan,B,Indoor,Structural Framing
1000,29.09,microo,A,Indoor,Door/window
1236,16.18,kubuk,C,Outdoor,Structural Framing
708,3.56,teak,C,Semi,Door/window
600,22.34,pinewood,A,Indoor,Roofing Components
341,21.97,lunumidella,C,Indoor,Roofing Components
202,24.72,ginisapu,B,Indoor,Door/window
537,2.54,pinewood,B,Indoor,Roofing Components
526,19.31,jak,C,Semi,Door/window
295,7.26,lunumidella,C,Semi,Roofing Components
158,21.21,mango,B,Indoor,Door/window
200,22.7,mango,A,Indoor,Door/window
168,5.4,mango,B,Indoor,Door/window
778,22.5,teak,C,Semi,Structural Framing
1200,8.82,teak,A,Semi,Structural Framing
135,26.83,mango,C,Indoor,Door/window
1500,18.55,kempas,A,Semi,Door/window
282,27.02,burutha,C,Semi,Door/window
1616,22.06,kempas,C,Semi,Structural Framing
974,24.75,kempas,C,Semi,Door/window
1504,7.25,kubuk,B,Outdoor,Structural Framing
309,15.44,ginisapu,C,Indoor,Roofing Components
851,3.21,kempas,C,Semi,Door/window
368,26.03,burutha,C,Semi,Structural Framing
1050,19.53,mahoganii,A,Semi,Structural Framing
799,2.97,kempas,C,Semi,Roofing Components
850,1.73,thulan,C,Indoor,Door/window
354,8.63,pinewood,C,Indoor,Roofing Components
450,20.06,ginisapu,A,Indoor,Roofing Components
850,14.41,jak,A,Semi,Door/window
874,14.11,mahoganii,B,Semi,Structural Framing
657,10.36,microo,C,Indoor,Door/window
250,18.15,ginisapu,A,Indoor,Door/window
500,19.53,lunumidella,A,Semi,Roofing Components
956,22.5,teak,B,Semi,Door/window
2800,4.06,kempas,A,Semi,Structural Framing
2800,20.08,kempas,A,Semi,Structural Framing
1200,24.45,teak,A,Semi,Structural Framing
263,29.4,ginisapu,C,Indoor,Roofing Components
322,17.42,burutha,C,Semi,Door/window
1576,10.41,microo,B,Indoor,Structural Framing
2000,13.71,kubuk,A,Outdoor,Structural Framing
2000,3.85,kubuk,A,Outdoor,Structural Framing
600,7.26,burutha,A,Semi,Structural Framing
2000,1.92,kubuk,A,Outdoor,Structural Framing
355,4.01,ginisapu,B,Indoor,Roofing Components
361,17.89,pinewood,C,Indoor,Roofing Components
2040,9.73,thulan,C,Indoor,Structural Framing
248,22.24,ginisapu,C,Indoor,Roofing Components
500,13.77,lunumidella,A,Semi,Roofing Components
191,29.36,ginisapu,B,Indoor,Door/window
1276,11.34,kempas,B,Semi,Door/window
912,7.04,teak,B,Semi,Door/window
837,18.26,thulan,C,Indoor,Door/window
523,28.26,mahoganii,C,Semi,Door/window
259,11.91,ginisapu,C,Indoor,Roofing Components
480,29.31,burutha,B,Semi,Structural Framing
1200,6.64,kempas,A,Semi,Roofing Components
2000,23.19,microo,A,Indoor,Structural Framing
400,18.82,lunumidella,B,Outdoor,Roofing Components
2341,26.71,kempas,B,Semi,Structural Framing
340,8.37,pinewood,C,Indoor,Roofing Components
397,11.73,burutha,C,Semi,Structural Framing
294,17.24,ginisapu,C,Indoor,Roofing Components
345,4.1,ginisapu,B,Indoor,Roofing Components
339,23.63,ginisapu,B,Indoor,Roofing Components
1500,11.07,kempas,A,Semi,Door/window
790,15.13,microo,B,Indoor,Door/window
1000,25.34,microo,A,Indoor,Door/window
834,24.56,mahoganii,B,Semi,Structural Framing
2000,9.92,kubuk,A,Outdoor,Structural Framing
1500,25.36,kempas,A,Semi,Door/window
111,28.35,mango,C,Indoor,Door/window
1500,22.27,thulan,A,Indoor,Door/window
729,2.95,teak,C,Semi,Structural Framing
667,9.44,teak,C,Semi,Door/window
351,8.12,burutha,C,Semi,Structural Framing
145,16.83,ginisapu,C,Indoor,Door/window
500,14.39,burutha,A,Semi,Door/window
2363,10.45,kempas,B,Semi,Structural Framing
377,19.42,pinewood,C,Indoor,Roofing Components
400,19.92,mango,A,Indoor,Structural Framing
339,16.1,pinewood,C,Indoor,Roofing Components
250,21.08,ginisapu,A,Indoor,Door/window
1000,8.89,microo,A,Indoor,Door/window
805,29.17,microo,B,Indoor,Door/window
215,19.4,ginisapu,B,Indoor,Door/window
202,25.05,ginisapu,B,Indoor,Door/window
387,26.15,ginisapu,B,Indoor,Roofing Components
648,8.01,mahoganii,C,Semi,Structural Framing
902,15.84,kempas,B,Semi,Roofing Components
500,1.77,lunumidella,A,Outdoor,Roofing Components
1248,18.6,kempas,B,Semi,Door/window
326,18.55,burutha,C,Semi,Door/window
513,2.41,burutha,B,Semi,Structural Framing
933,25.05,teak,B,Semi,Structural Framing
869,2.46,thulan,C,Indoor,Door/window
307,28.89,lunumidella,C,Indoor,Roofing Components
500,15.1,burutha,A,Semi,Door/window
588,27.79,mahoganii,C,Semi,Structural Framing
600,9.09,pinewood,A,Indoor,Roofing Components
1211,11.53,thulan,B,Indoor,Door/window
480,22.22,mahoganii,C,Semi,Door/window
343,16.19,ginisapu,B,Indoor,Roofing Components
450,28.53,ginisapu,A,Indoor,Roofing Components
393,15.56,lunumidella,B,Indoor,Roofing Components
500,23.83,burutha,A,Semi,Door/window
383,13.85,lunumidella,B,Outdoor,Roofing Components
450,14.86,ginisapu,A,Indoor,Roofing Components
1173,9.12,thulan,B,Indoor,Door/window
271,29.22,mango,C,Indoor,Structural Framing
2386,27.42,thulan,B,Indoor,Structural Framing
250,28.9,ginisapu,A,Indoor,Door/window
132,3.42,mango,C,Indoor,Door/window
3000,17.32,thulan,A,Indoor,Structural Framing
1073,16.46,teak,B,Semi,Door/window
482,23.42,mahoganii,C,Semi,Door/window
2690,12.55,thulan,B,Indoor,Structural Framing
411,16.39,pinewood,C,Indoor,Roofing Components
1200,16.56,teak,A,Semi,Structural Framing
828,8.28,teak,C,Semi,Door/window
1200,19.89,kempas,A,Semi,Roofing Components
1000,16.81,kempas,B,Semi,Roofing Components
1235,7.72,kempas,B,Semi,Door/window
3000,16.71,thulan,A,Indoor,Structural Framing
792,7.39,mahoganii,B,Semi,Structural Framing
660,27.34,jak,B,Semi,Door/window
456,14.98,pinewood,B,Indoor,Roofing Components
581,20.41,mahoganii,B,Semi,Door/window
281,26.3,burutha,C,Semi,Door/window
750,12.9,mahoganii,A,Semi,Door/window
1000,13.14,microo,A,Indoor,Door/window
1653,13.47,microo,B,Indoor,Structural Framing
415,2.87,burutha,C,Semi,Structural Framing
1824,2.74,kempas,C,Semi,Structural Framing
404,10.94,lunumidella,B,Semi,Roofing Components
162,10.81,ginisapu,C,Indoor,Door/window
840,2.5,kempas,C,Semi,Door/window
1020,20.12,kempas,B,Semi,Roofing Components
200,10.83,mango,A,Indoor,Door/window
1569,27.04,kempas,C,Semi,Structural Framing
1057,17.12,kempas,B,Semi,Roofing Components
1721,22.15,thulan,C,Indoor,Structural Framing
390,1.86,ginisapu,B,Indoor,Roofing Components
365,23.33,pinewood,C,Indoor,Roofing Components
3000,17.47,thulan,A,Indoor,Structural Framing
400,2.0,mango,A,Indoor,Structural Framing
797,27.01,microo,B,Indoor,Door/window
600,28.54,pinewood,A,Indoor,Roofing Components
1048,3.61,teak,B,Semi,Door/window
325,2.34,lunumidella,C,Semi,Roofing Components
878,3.4,thulan,C,Indoor,Door/window
600,8.7,burutha,A,Semi,Structural Framing
421,18.89,burutha,B,Semi,Door/window
395,26.29,ginisapu,B,Indoor,Roofing Components
1149,14.77,kubuk,C,Outdoor,Structural Framing
2000,5.68,kubuk,A,Outdoor,Structural Framing
1000,21.47,jak,A,Semi,Structural Framing
835,22.35,kempas,C,Semi,Roofing Components
500,23.94,burutha,A,Semi,Door/window
229,16.15,mango,C,Indoor,Structural Framing
600,1.26,pinewood,A,Indoor,Roofing Components
450,25.86,ginisapu,A,Indoor,Roofing Components
802,14.57,mahoganii,B,Semi,Structural Framing
1596,1.84,kempas,C,Semi,Structural Framing
2800,28.23,kempas,A,Semi,Structural Framing
587,19.44,microo,C,Indoor,Door/window
200,21.75,mango,A,Indoor,Door/window
1675,8.52,microo,B,Indoor,Structural Framing
450,9.3,ginisapu,A,Indoor,Roofing Components
450,6.26,ginisapu,A,Indoor,Roofing Components
806,6.98,teak,C,Semi,Door/window
750,19.94,mahoganii,A,Semi,Door/window
1785,5.9,kubuk,B,Outdoor,Structural Framing
518,15.7,pinewood,B,Indoor,Roofing Components
289,10.09,ginisapu,C,Indoor,Roofing Components
746,3.24,jak,B,Semi,Door/window
300,13.09,ginisapu,C,Indoor,Roofing Components
1767,17.13,kempas,C,Semi,Structural Framing
300,8.94,mango,B,Indoor,Structural Framing
730,23.97,kempas,C,Semi,Roofing Components
500,1.13,lunumidella,A,Outdoor,Roofing Components
750,22.96,mahoganii,A,Semi,Door/window
292,15.35,lunumidella,C,Semi,Roofing Components
1050,2.51,mahoganii,A,Semi,Structural Framing
1500,21.94,thulan,A,Indoor,Door/window
745,28.16,kempas,C,Semi,Roofing Components
717,27.09,kempas,C,Semi,Roofing Components
340,26.07,burutha,C,Semi,Structural Framing
1202,4.17,kempas,B,Semi,Door/window
902,12.72,mahoganii,B,Semi,Structural Framing
850,4.21,jak,A,Semi,Door/window
967,21.86,teak,B,Semi,Structural Framing
779,9.17,teak,C,Semi,Structural Framing
937,19.95,teak,B,Semi,Door/window
855,18.94,microo,B,Indoor,Door/window
1000,7.1,jak,A,Semi,Structural Framing
898,3.18,jak,B,Semi,Structural Framing
992,2.37,kempas,B,Semi,Roofing Components
305,5.94,lunumidella,C,Indoor,Roofing Components
1050,3.1,mahoganii,A,Semi,Structural Framing
896,18.88,jak,B,Semi,Structural Framing
398,12.02,lunumidella,B,Indoor,Roofing Components
339,12.32,ginisapu,B,Indoor,Roofing Components
995,7.83,thulan,C,Indoor,Door/window
1172,27.08,kubuk,C,Outdoor,Structural Framing
1200,27.38,teak,A,Semi,Door/window
2407,9.98,thulan,B,Indoor,Structural Framing
853,25.59,microo,B,Indoor,Door/window
157,4.76,mango,B,Indoor,Door/window
469,28.15,jak,C,Semi,Door/window
600,1.76,burutha,A,Semi,Structural Framing
341,5.88,lunumidella,C,Semi,Roofing Components
221,26.36,ginisapu,B,Indoor,Door/window
500,25.26,lunumidella,A,Indoor,Roofing Components
291,7.5,burutha,C,Semi,Door/window
1953,25.67,thulan,C,Indoor,Structural Framing
1000,15.45,microo,A,Indoor,Door/window
450,15.07,ginisapu,A,Indoor,Roofing Components
250,12.81,ginisapu,A,Indoor,Door/window
416,25.6,burutha,B,Semi,Door/window
450,1.84,ginisapu,A,Indoor,Roofing Components
126,14.47,mango,C,Indoor,Door/window
662,16.35,jak,B,Semi,Door/window
750,2.9,mahoganii,A,Semi,Door/window
393,13.37,burutha,B,Semi,Door/window
155,7.01,ginisapu,C,Indoor,Door/window
1798,15.65,microo,B,Indoor,Structural Framing
346,16.86,pinewood,C,Indoor,Roofing Components
1000,23.66,microo,A,Indoor,Door/window
437,10.52,lunumidella,B,Outdoor,Roofing Components
413,12.6,burutha,B,Semi,Door/window
200,18.96,mango,A,Indoor,Door/window
397,15.63,ginisapu,B,Indoor,Roofing Components
524,23.72,burutha,B,Semi,Structural Framing
500,24.21,burutha,A,Semi,Door/window
600,7.82,pinewood,A,Indoor,Roofing Components
949,10.52,teak,B,Semi,Structural Framing
297,29.82,burutha,C,Semi,Door/window
584,4.53,mahoganii,C,Semi,Structural Framing
248,25.99,mango,C,Indoor,Structural Framing
696,26.27,jak,C,Semi,Structural Framing
1000,16.91,microo,A,Indoor,Door/window
871,11.42,jak,B,Semi,Structural Framing
600,3.46,pinewood,A,Indoor,Roofing Components
1012,21.0,kempas,B,Semi,Roofing Components
413,6.84,burutha,B,Semi,Door/window
1301,23.21,kubuk,C,Outdoor,Structural Framing
1296,21.4,microo,C,Indoor,Structural Framing
532,18.54,burutha,B,Semi,Structural Framing
1050,3.36,mahoganii,A,Semi,Structural Framing
939,19.41,kempas,B,Semi,Roofing Components
739,25.62,kempas,C,Semi,Roofing Components
505,5.95,pinewood,B,Indoor,Roofing Components
500,16.89,lunumidella,A,Indoor,Roofing Components
450,23.17,ginisapu,A,Indoor,Roofing Components
1659,21.24,kempas,C,Semi,Structural Framing
1136,7.3,kubuk,C,Outdoor,Structural Framing
200,22.08,mango,A,Indoor,Door/window
502,10.51,mahoganii,C,Semi,Door/window
1000,2.53,jak,A,Semi,Structural Framing
156,27.65,ginisapu,C,Indoor,Door/window
2800,12.95,kempas,A,Semi,Structural Framing
225,20.19,mango,C,Indoor,Structural Framing
200,20.92,ginisapu,B,Indoor,Door/window
1317,9.94,kempas,B,Semi,Door/window
591,14.26,jak,C,Semi,Structural Framing
1371,27.42,microo,C,Indoor,Structural Framing
1286,14.02,thulan,B,Indoor,Door/window
1588,7.02,kubuk,B,Outdoor,Structural Framing
1797,17.14,microo,B,Indoor,Structural Framing
450,23.72,ginisapu,A,Indoor,Roofing Components
460,16.91,burutha,B,Semi,Structural Framing
414,18.19,pinewood,C,Indoor,Roofing Components
349,19.86,burutha,C,Semi,Structural Framing
373,20.46,pinewood,C,Indoor,Roofing Components
1557,19.77,kempas,C,Semi,Structural Framing
2482,9.65,thulan,B,Indoor,Structural Framing
1880,6.37,thulan,C,Indoor,Structural Framing
450,26.73,ginisapu,A,Indoor,Roofing Components
2475,18.78,kempas,B,Semi,Structural Framing
693,20.39,jak,B,Semi,Door/window
2800,10.16,kempas,A,Semi,Structural Framing
3000,19.57,thulan,A,Indoor,Structural Framing
726,18.7,teak,C,Semi,Structural Framing
500,26.79,lunumidella,A,Outdoor,Roofing Components
359,11.4,burutha,C,Semi,Structural Framing
847,23.7,mahoganii,B,Semi,Structural Framing
312,4.36,mango,B,Indoor,Structural Framing
755,17.69,jak,B,Semi,Structural Framing
754,1.18,jak,B,Semi,Structural Framing
475,22.81,jak,C,Semi,Door/window
803,27.15,kempas,C,Semi,Roofing Components
308,11.21,mango,B,Indoor,Structural Framing
1200,12.93,teak,A,Semi,Door/window
250,9.6,ginisapu,A,Indoor,Door/window
267,27.93,ginisapu,C,Indoor,Roofing Components
2800,26.22,kempas,A,Semi,Structural Framing
165,25.56,ginisapu,C,Indoor,Door/window
638,19.25,mahoganii,B,Semi,Door/window
1065,14.27,teak,B,Semi,Structural Framing
157,24.54,ginisapu,C,Indoor,Door/window
850,12.08,jak,A,Semi,Door/window
1000,21.97,microo,A,Indoor,Door/window
842,28.79,mahoganii,B,Semi,Structural Framing
450,9.04,ginisapu,A,Indoor,Roofing Components
600,20.44,burutha,A,Semi,Structural Framing
312,11.89,ginisapu,C,Indoor,Roofing Components
2000,15.22,kubuk,A,Outdoor,Structural Framing
1767,1.76,kempas,C,Semi,Structural Framing
1368,3.1,microo,C,Indoor,Structural Framing
321,6.16,burutha,C,Semi,Door/window
320,29.68,lunumidella,C,Semi,Roofing Components
512,21.46,pinewood,B,Indoor,Roofing Components
811,20.19,mahoganii,B,Semi,Structural Framing
1313,6.69,thulan,B,Indoor,Door/window
2000,7.93,microo,A,Indoor,Structural Framing
427,17.63,burutha,B,Semi,Door/window
500,24.81,lunumidella,A,Semi,Roofing Components
708,18.13,teak,C,Semi,Door/window
600,4.99,burutha,A,Semi,Structural Framing
1895,4.1,kempas,C,Semi,Structural Framing
1030,12.0,teak,B,Semi,Structural Framing
450,10.17,ginisapu,A,Indoor,Roofing Components
329,28.04,lunumidella,C,Outdoor,Roofing Components
806,14.12,kempas,C,Semi,Roofing Components
345,3.02,ginisapu,B,Indoor,Roofing Components
1617,26.12,kempas,C,Semi,Structural Framing
2800,4.38,kempas,A,Semi,Structural Framing
745,5.78,teak,C,Semi,Structural Framing
1682,17.18,kempas,C,Semi,Structural Framing
750,28.15,mahoganii,A,Semi,Door/window
851,8.48,jak,B,Semi,Structural Framing
1011,6.77,kempas,B,Semi,Roofing Components
1000,17.45,jak,A,Semi,Structural Framing
302,5.92,lunumidella,C,Indoor,Roofing Components
975,23.11,kempas,B,Semi,Roofing Components
758,3.5,jak,B,Semi,Door/window
1033,21.46,kempas,B,Semi,Roofing Components
696,29.57,microo,C,Indoor,Door/window
387,11.54,lunumidella,B,Outdoor,Roofing Components
491,18.24,mahoganii,C,Semi,Door/window
884,27.53,mahoganii,B,Semi,Structural Framing
286,1.85,lunumidella,C,Semi,Roofing Components
1200,4.44,kempas,A,Semi,Roofing Components
921,6.69,teak,B,Semi,Structural Framing
1557,29.0,kubuk,B,Outdoor,Structural Framing
2295,19.72,thulan,B,Indoor,Structural Framing
311,22.18,ginisapu,C,Indoor,Roofing Components
309,25.28,ginisapu,C,Indoor,Roofing Components
500,26.98,lunumidella,A,Outdoor,Roofing Components
750,10.75,mahoganii,A,Semi,Door/window
473,4.52,pinewood,B,Indoor,Roofing Components
728,12.67,jak,B,Semi,Door/window
464,1.41,pinewood,B,Indoor,Roofing Components
785,19.28,teak,C,Semi,Door/window
1200,28.42,kempas,A,Semi,Roofing Components
948,14.28,kempas,C,Semi,Door/window
1000,9.46,microo,A,Indoor,Door/window
1200,6.72,kempas,A,Semi,Roofing Components
850,7.98,jak,A,Semi,Door/window
149,6.05,ginisapu,C,Indoor,Door/window
396,14.98,ginisapu,B,Indoor,Roofing Components
600,19.01,burutha,A,Semi,Structural Framing
1062,5.13,kempas,B,Semi,Roofing Components
200,21.36,mango,A,Indoor,Door/window
1200,4.42,teak,A,Semi,Structural Framing
691,28.92,kempas,C,Semi,Roofing Components
2509,14.69,kempas,B,Semi,Structural Framing
340,5.01,ginisapu,B,Indoor,Roofing Components
1000,2.42,jak,A,Semi,Structural Framing
1713,26.19,thulan,C,Indoor,Structural Framing
1706,9.64,kubuk,B,Outdoor,Structural Framing
287,14.12,ginisapu,C,Indoor,Roofing Components
1200,10.32,kempas,A,Semi,Roofing Components
525,3.16,pinewood,B,Indoor,Roofing Components
636,23.43,mahoganii,C,Semi,Structural Framing
750,10.91,mahoganii,A,Semi,Door/window
850,10.7,jak,A,Semi,Door/window
1500,29.23,kempas,A,Semi,Door/window
165,28.96,ginisapu,C,Indoor,Door/window
3000,22.33,thulan,A,Indoor,Structural Framing
369,11.49,burutha,C,Semi,Structural Framing
286,22.21,burutha,C,Semi,Door/window
3000,8.83,thulan,A,Indoor,Structural Framing
153,28.49,ginisapu,C,Indoor,Door/window
340,16.96,pinewood,C,Indoor,Roofing Components
250,7.53,ginisapu,A,Indoor,Door/window
1143,29.95,thulan,B,Indoor,Door/window
1200,27.9,teak,A,Semi,Structural Framing
631,21.07,jak,C,Semi,Structural Framing
1668,8.25,kubuk,B,Outdoor,Structural Framing
1743,18.18,kempas,C,Semi,Structural Framing
635,28.13,jak,C,Semi,Structural Framing
1500,21.39,kempas,A,Semi,Door/window
500,20.06,lunumidella,A,Semi,Roofing Components
600,1.43,burutha,A,Semi,Structural Framing
430,11.53,lunumidella,B,Indoor,Roofing Components
500,15.77,lunumidella,A,Indoor,Roofing Components
441,5.18,lunumidella,B,Indoor,Roofing Components
854,7.0,kempas,C,Semi,Door/window
521,26.94,pinewood,B,Indoor,Roofing Components
600,26.16,burutha,A,Semi,Structural Framing
386,20.31,lunumidella,B,Semi,Roofing Components
600,11.45,pinewood,A,Indoor,Roofing Components
2800,15.54,kempas,A,Semi,Structural Framing
1899,22.74,kempas,C,Semi,Structural Framing
1305,22.62,microo,C,Indoor,Structural Framing
353,28.45,ginisapu,B,Indoor,Roofing Components
1203,24.47,kempas,B,Semi,Door/window
1050,20.59,mahoganii,A,Semi,Structural Framing
492,25.94,jak,C,Semi,Door/window
440,25.91,lunumidella,B,Indoor,Roofing Components
2000,29.06,microo,A,Indoor,Structural Framing
833,19.0,teak,C,Semi,Structural Framing
889,3.54,kempas,C,Semi,Door/window
302,13.88,lunumidella,C,Semi,Roofing Components
144,23.57,ginisapu,C,Indoor,Door/window
156,29.56,mango,B,Indoor,Door/window
237,23.55,mango,C,Indoor,Structural Framing
918,28.74,kempas,B,Semi,Roofing Components
696,25.22,jak,C,Semi,Structural Framing
2000,7.85,microo,A,Indoor,Structural Framing
280,19.36,ginisapu,C,Indoor,Roofing Components
1200,15.04,teak,A,Semi,Door/window
600,9.87,pinewood,A,Indoor,Roofing Components
1840,3.27,kempas,C,Semi,Structural Framing
1733,29.8,microo,B,Indoor,Structural Framing
500,6.74,lunumidella,A,Outdoor,Roofing Components
451,25.57,pinewood,B,Indoor,Roofing Components
646,23.58,mahoganii,C,Semi,Structural Framing
344,4.35,pinewood,C,Indoor,Roofing Components
2000,26.59,microo,A,Indoor,Structural Framing
344,23.01,mango,B,Indoor,Structural Framing
839,22.61,teak,C,Semi,Structural Framing
1783,25.75,thulan,C,Indoor,Structural Framing
495,15.98,pinewood,B,Indoor,Roofing Components
1200,6.06,kempas,A,Semi,Roofing Components
217,9.9,ginisapu,B,Indoor,Door/window
1200,19.14,teak,A,Semi,Door/window
450,4.01,ginisapu,A,Indoor,Roofing Components
506,27.62,jak,C,Semi,Door/window
822,4.19,kempas,C,Semi,Roofing Components
124,14.23,mango,C,Indoor,Door/window
850,10.65,jak,A,Semi,Door/window
1668,20.61,microo,B,Indoor,Structural Framing
770,22.41,jak,B,Semi,Structural Framing
275,3.61,lunumidella,C,Outdoor,Roofing Components
500,20.18,burutha,A,Semi,Door/window
536,9.79,jak,C,Semi,Door/window
748,17.96,teak,C,Semi,Structural Framing
820,17.86,mahoganii,B,Semi,Structural Framing
500,23.3,burutha,A,Semi,Door/window
1815,28.93,kempas,C,Semi,Structural Framing
687,28.54,teak,C,Semi,Door/window
1050,19.92,mahoganii,A,Semi,Structural Framing
1549,11.73,kempas,C,Semi,Structural Framing
298,16.61,lunumidella,C,Semi,Roofing Components
879,12.4,jak,B,Semi,Structural Framing
378,22.28,lunumidella,B,Semi,Roofing Components
675,20.29,jak,B,Semi,Door/window
2000,16.4,kubuk,A,Outdoor,Structural Framing
322,23.92,lunumidella,C,Semi,Roofing Components
2401,19.54,thulan,B,Indoor,Structural Framing
2139,29.95,kempas,B,Semi,Structural Framing
163,27.06,mango,B,Indoor,Door/window
288,27.39,lunumidella,C,Indoor,Roofing Components
957,19.45,kempas,C,Semi,Door/window
430,12.56,burutha,B,Semi,Door/window
922,26.49,thulan,C,Indoor,Door/window
279,19.67,lunumidella,C,Semi,Roofing Components
387,8.79,pinewood,C,Indoor,Roofing Components
1500,11.69,thulan,A,Indoor,Door/window
500,29.75,lunumidella,A,Indoor,Roofing Components
1243,6.18,thulan,B,Indoor,Door/window
500,5.35,lunumidella,A,Outdoor,Roofing Components
1065,1.49,teak,B,Semi,Structural Framing
1020,11.87,kempas,B,Semi,Roofing Components
450,23.3,ginisapu,A,Indoor,Roofing Components
208,2.2,ginisapu,B,Indoor,Door/window
850,17.78,jak,A,Semi,Door/window
3000,9.85,thulan,A,Indoor,Structural Framing
1301,24.55,thulan,B,Indoor,Door/window
1659,21.39,microo,B,Indoor,Structural Framing
380,27.01,burutha,B,Semi,Door/window
250,11.2,ginisapu,A,Indoor,Door/window
1348,21.38,microo,C,Indoor,Structural Framing
2364,6.61,thulan,B,Indoor,Structural Framing
930,14.59,thulan,C,Indoor,Door/window
841,10.72,mahoganii,B,Semi,Structural Framing
567,18.89,jak,C,Semi,Structural Framing
1500,25.52,thulan,A,Indoor,Door/window
1037,7.33,kempas,B,Semi,Roofing Components
742,13.05,kempas,C,Semi,Roofing Components
1000,14.84,microo,A,Indoor,Door/window
210,3.04,ginisapu,B,Indoor,Door/window
1200,5.13,teak,A,Semi,Structural Framing
750,22.97,mahoganii,A,Semi,Door/window
683,4.9,jak,B,Semi,Door/window
500,24.85,lunumidella,A,Indoor,Roofing Components
2583,29.14,thulan,B,Indoor,Structural Framing
1701,12.93,microo,B,Indoor,Structural Framing
1001,10.75,teak,B,Semi,Door/window
600,3.67,pinewood,A,Indoor,Roofing Components
500,2.82,lunumidella,A,Semi,Roofing Components
809,12.92,teak,C,Semi,Door/window
1500,22.74,thulan,A,Indoor,Door/window
654,29.94,jak,B,Semi,Door/window
568,5.85,mahoganii,B,Semi,Door/window
715,6.0,mahoganii,C,Semi,Structural Framing
250,21.22,ginisapu,A,Indoor,Door/window
500,1.04,burutha,A,Semi,Door/window
1200,14.44,teak,A,Semi,Structural Framing
450,15.87,ginisapu,A,Indoor,Roofing Components
461,19.24,burutha,B,Semi,Structural Framing
855,7.67,kempas,C,Semi,Door/window
850,24.05,jak,A,Semi,Door/window
386,3.13,pinewood,C,Indoor,Roofing Components
680,19.48,mahoganii,C,Semi,Structural Framing
600,3.39,burutha,A,Semi,Structural Framing
786,8.03,jak,B,Semi,Structural Framing
600,22.77,pinewood,A,Indoor,Roofing Components
985,30.0,kempas,B,Semi,Roofing Components
1000,28.55,jak,A,Semi,Structural Framing
674,28.12,mahoganii,C,Semi,Structural Framing
1964,9.24,thulan,C,Indoor,Structural Framing
250,25.59,ginisapu,A,Indoor,Door/window
617,18.36,mahoganii,C,Semi,Structural Framing
830,3.42,teak,C,Semi,Door/window
2630,16.81,thulan,B,Indoor,Structural Framing
1200,16.67,kempas,A,Semi,Roofing Components
529,2.94,pinewood,B,Indoor,Roofing Components
266,10.42,mango,C,Indoor,Structural Framing
1249,3.54,kubuk,C,Outdoor,Structural Framing
276,1.97,lunumidella,C,Semi,Roofing Components
529,12.45,burutha,B,Semi,Structural Framing
500,25.69,burutha,A,Semi,Door/window
327,19.54,burutha,C,Semi,Door/window
358,4.31,mango,B,Indoor,Structural Framing
1144,24.97,thulan,B,Indoor,Door/window
341,16.53,mango,B,Indoor,Structural Framing
320,25.56,lunumidella,C,Outdoor,Roofing Components
634,29.69,microo,C,Indoor,Door/window
375,23.73,lunumidella,B,Indoor,Roofing Components
982,25.91,thulan,C,Indoor,Door/window
392,28.61,pinewood,C,Indoor,Roofing Components
806,5.27,mahoganii,B,Semi,Structural Framing
1000,15.29,jak,A,Semi,Structural Framing
732,15.37,teak,C,Semi,Door/window
1210,8.74,thulan,B,Indoor,Door/window
1500,16.96,kempas,A,Semi,Door/window
2000,11.52,microo,A,Indoor,Structural Framing
250,22.03,ginisapu,A,Indoor,Door/window
1500,19.09,thulan,A,Indoor,Door/window
330,28.1,lunumidella,C,Semi,Roofing Components
600,6.53,pinewood,A,Indoor,Roofing Components
1021,9.11,kempas,B,Semi,Roofing Components
375,19.29,burutha,C,Semi,Structural Framing
666,19.76,kempas,C,Semi,Roofing Components
1316,5.61,thulan,B,Indoor,Door/window
670,9.92,teak,C,Semi,Door/window
450,18.07,ginisapu,A,Indoor,Roofing Components
378,15.11,ginisapu,B,Indoor,Roofing Components
600,6.47,pinewood,A,Indoor,Roofing Components
924,26.16,thulan,C,Indoor,Door/window
1000,23.37,jak,A,Semi,Structural Framing
562,23.25,microo,C,Indoor,Door/window
1830,28.76,thulan,C,Indoor,Structural Framing
2800,25.66,kempas,A,Semi,Structural Framing
1751,1.65,thulan,C,Indoor,Structural Framing
1200,21.61,teak,A,Semi,Structural Framing
1200,22.39,kempas,A,Semi,Roofing Components
200,23.77,mango,A,Indoor,Door/window
167,23.94,mango,B,Indoor,Door/window
1000,5.12,microo,A,Indoor,Door/window
600,4.98,pinewood,A,Indoor,Roofing Components
1126,21.41,kempas,B,Semi,Door/window
249,22.89,ginisapu,C,Indoor,Roofing Components
1200,19.04,teak,A,Semi,Structural Framing
2018,27.84,thulan,C,Indoor,Structural Framing
1500,27.79,thulan,A,Indoor,Door/window
389,15.21,pinewood,C,Indoor,Roofing Components
600,2.49,burutha,A,Semi,Structural Framing
655,3.03,microo,C,Indoor,Door/window
327,23.56,mango,B,Indoor,Structural Framing
1580,7.73,kubuk,B,Outdoor,Structural Framing
924,26.37,teak,B,Semi,Door/window
402,26.78,lunumidella,B,Semi,Roofing Components
671,10.66,mahoganii,C,Semi,Structural Framing
788,22.17,teak,C,Semi,Structural Framing
997,19.55,teak,B,Semi,Door/window
646,2.87,mahoganii,B,Semi,Door/window
499,23.17,jak,C,Semi,Door/window
832,28.21,thulan,C,Indoor,Door/window
450,9.43,ginisapu,A,Indoor,Roofing Components
1657,26.11,kempas,C,Semi,Structural Framing
508,29.36,burutha,B,Semi,Structural Framing
957,29.0,kempas,B,Semi,Roofing Components
1060,18.95,teak,B,Semi,Structural Framing
348,22.31,mango,B,Indoor,Structural Framing
500,4.48,burutha,A,Semi,Door/window
862,9.42,thulan,C,Indoor,Door/window
200,16.27,mango,A,Indoor,Door/window
1046,22.12,teak,B,Semi,Structural Framing
1679,20.14,kempas,C,Semi,Structural Framing
1278,26.13,kubuk,C,Outdoor,Structural Framing
450,11.3,ginisapu,A,Indoor,Roofing Components
1200,19.71,teak,A,Semi,Structural Framing
382,21.38,ginisapu,B,Indoor,Roofing Components
306,9.25,ginisapu,C,Indoor,Roofing Components
333,16.19,pinewood,C,Indoor,Roofing Components
923,8.19,mahoganii,B,Semi,Structural Framing
600,21.37,pinewood,A,Indoor,Roofing Components
756,25.86,microo,B,Indoor,Door/window
200,19.61,mango,A,Indoor,Door/window
600,6.17,pinewood,A,Indoor,Roofing Components
663,7.45,teak,C,Semi,Structural Framing
1141,17.09,kubuk,C,Outdoor,Structural Framing
665,21.28,mahoganii,B,Semi,Door/window
829,7.83,jak,B,Semi,Structural Framing
1200,2.77,thulan,B,Indoor,Door/window
312,6.36,burutha,C,Semi,Door/window
353,22.87,pinewood,C,Indoor,Roofing Components
600,13.74,pinewood,A,Indoor,Roofing Components
600,5.87,pinewood,A,Indoor,Roofing Components
1673,8.38,microo,B,Indoor,Structural Framing
575,16.16,jak,C,Semi,Structural Framing
337,6.1,pinewood,C,Indoor,Roofing Components
261,11.99,mango,C,Indoor,Structural Framing
1919,2.1,kempas,C,Semi,Structural Framing
450,14.76,ginisapu,A,Indoor,Roofing Components
747,27.41,teak,C,Semi,Door/window
278,23.39,ginisapu,C,Indoor,Roofing Components
339,16.29,burutha,C,Semi,Structural Framing
944,20.85,teak,B,Semi,Door/window
688,14.35,kempas,C,Semi,Roofing Components
378,10.12,burutha,B,Semi,Door/window
1200,16.58,teak,A,Semi,Structural Framing
206,15.1,ginisapu,B,Indoor,Door/window
850,2.65,jak,A,Semi,Door/window
1258,4.46,microo,C,Indoor,Structural Framing
752,16.13,teak,C,Semi,Structural Framing
1000,7.59,jak,A,Semi,Structural Framing
1198,12.21,kempas,B,Semi,Door/window
1038,25.18,teak,B,Semi,Door/window
1301,20.2,thulan,B,Indoor,Door/window
263,25.97,mango,C,Indoor,Structural Framing
341,12.64,ginisapu,B,Indoor,Roofing Components
600,2.97,pinewood,A,Indoor,Roofing Components
500,2.96,lunumidella,A,Semi,Roofing Components
600,24.74,burutha,A,Semi,Structural Framing
500,10.8,burutha,A,Semi,Door/window
500,12.56,burutha,A,Semi,Door/window
250,12.11,ginisapu,A,Indoor,Door/window
850,2.78,jak,A,Semi,Door/window
291,10.17,ginisapu,C,Indoor,Roofing Components
312,1.52,ginisapu,C,Indoor,Roofing Components
200,25.82,mango,A,Indoor,Door/window
1500,6.24,thulan,A,Indoor,Door/window
368,29.9,burutha,C,Semi,Structural Framing
1100,5.39,microo,C,Indoor,Structural Framing
305,5.32,lunumidella,C,Semi,Roofing Components
1000,16.05,microo,A,Indoor,Door/window
1050,17.35,mahoganii,A,Semi,Structural Framing
450,19.09,ginisapu,A,Indoor,Roofing Components
640,5.04,mahoganii,B,Semi,Door/window
341,27.01,pinewood,C,Indoor,Roofing Components
3000,27.68,thulan,A,Indoor,Structural Framing
600,6.37,pinewood,A,Indoor,Roofing Components
410,11.92,lunumidella,B,Outdoor,Roofing Components
1500,16.67,thulan,A,Indoor,Door/window
480,7.51,burutha,B,Semi,Structural Framing
276,24.44,mango,C,Indoor,Structural Framing
2269,24.32,thulan,B,Indoor,Structural Framing
490,22.97,pinewood,B,Indoor,Roofing Components
1023,3.0,kempas,C,Semi,Door/window
600,7.07,pinewood,A,Indoor,Roofing Components
1106,5.66,microo,C,Indoor,Structural Framing
1667,12.68,kubuk,B,Outdoor,Structural Framing
3000,29.96,thulan,A,Indoor,Structural Framing
440,7.95,lunumidella,B,Indoor,Roofing Components
1050,10.34,mahoganii,A,Semi,Structural Framing
925,26.11,teak,B,Semi,Door/window
457,25.13,pinewood,B,Indoor,Roofing Components
1000,23.64,jak,A,Semi,Structural Framing
836,23.11,kempas,C,Semi,Roofing Components
1200,9.17,kempas,A,Semi,Roofing Components
1500,12.98,kempas,A,Semi,Door/window
1500,26.87,thulan,A,Indoor,Door/window
1200,29.5,teak,A,Semi,Door/window
640,25.27,mahoganii,C,Semi,Structural Framing
462,14.19,pinewood,B,Indoor,Roofing Components
475,22.41,pinewood,B,Indoor,Roofing Components
906,5.32,teak,B,Semi,Structural Framing
823,16.91,teak,C,Semi,Structural Framing
350,8.86,pinewood,C,Indoor,Roofing Components
250,10.86,ginisapu,A,Indoor,Door/window
1200,7.66,teak,A,Semi,Structural Framing
1160,14.42,microo,C,Indoor,Structural Framing
450,19.59,ginisapu,A,Indoor,Roofing Components
500,25.12,lunumidella,A,Outdoor,Roofing Components
422,15.54,burutha,B,Semi,Door/window
368,12.32,ginisapu,B,Indoor,Roofing Components
638,29.43,mahoganii,B,Semi,Door/window
363,15.97,ginisapu,B,Indoor,Roofing Components
450,19.82,ginisapu,A,Indoor,Roofing Components
660,19.51,jak,B,Semi,Door/window
250,13.06,ginisapu,A,Indoor,Door/window
2374,9.69,kempas,B,Semi,Structural Framing
685,25.96,jak,C,Semi,Structural Framing
392,8.87,lunumidella,B,Semi,Roofing Components
1061,7.64,teak,B,Semi,Structural Framing
500,25.95,jak,C,Semi,Door/window
861,2.5,jak,B,Semi,Structural Framing
784,19.02,kempas,C,Semi,Roofing Components
2000,4.8,kubuk,A,Outdoor,Structural Framing
2800,7.98,kempas,A,Semi,Structural Framing
600,8.1,burutha,A,Semi,Structural Framing
661,1.61,jak,C,Semi,Structural Framing
469,26.13,jak,C,Semi,Door/window
1200,1.41,kempas,A,Semi,Roofing Components
400,20.01,mango,A,Indoor,Structural Framing
2387,26.75,thulan,B,Indoor,Structural Framing
500,21.02,lunumidella,A,Indoor,Roofing Components
389,28.66,burutha,C,Semi,Structural Framing
860,12.14,thulan,C,Indoor,Door/window
451,27.77,burutha,B,Semi,Structural Framing
377,25.25,burutha,C,Semi,Structural Framing
283,13.19,burutha,C,Semi,Door/window
1041,1.61,kempas,B,Semi,Roofing Components
285,1.11,lunumidella,C,Indoor,Roofing Components
903,5.87,kempas,B,Semi,Roofing Components
422,28.92,lunumidella,B,Indoor,Roofing Components
2415,14.34,kempas,B,Semi,Structural Framing
750,23.76,jak,B,Semi,Door/window
1000,22.66,jak,A,Semi,Structural Framing
120,10.62,mango,C,Indoor,Door/window
1584,23.89,microo,B,Indoor,Structural Framing
628,18.87,mahoganii,B,Semi,Door/window
450,12.83,ginisapu,A,Indoor,Roofing Components
1806,11.84,thulan,C,Indoor,Structural Framing
1000,21.23,thulan,C,Indoor,Door/window
1181,15.08,microo,C,Indoor,Structural Framing
1331,3.5,microo,C,Indoor,Structural Framing
1138,9.1,thulan,B,Indoor,Door/window
1603,3.36,microo,B,Indoor,Structural Framing
1021,4.24,thulan,C,Indoor,Door/window
400,6.05,mango,A,Indoor,Structural Framing
709,14.41,jak,B,Semi,Door/window
338,21.25,burutha,C,Semi,Structural Framing
450,6.1,ginisapu,A,Indoor,Roofing Components
250,16.67,ginisapu,A,Indoor,Door/window
312,25.72,lunumidella,C,Semi,Roofing Components
733,24.67,kempas,C,Semi,Roofing Components
419,17.79,burutha,C,Semi,Structural Framing
689,8.31,mahoganii,C,Semi,Structural Framing
623,2.05,microo,C,Indoor,Door/window
3000,6.6,thulan,A,Indoor,Structural Framing
600,26.21,pinewood,A,Indoor,Roofing Components
250,11.74,ginisapu,A,Indoor,Door/window
1001,7.02,kempas,C,Semi,Door/window
1049,10.34,teak,B,Semi,Structural Framing
413,14.39,lunumidella,B,Semi,Roofing Components
117,2.72,mango,C,Indoor,Door/window
1050,29.74,mahoganii,A,Semi,Structural Framing
261,17.93,mango,C,Indoor,Structural Framing
989,5.14,teak,B,Semi,Structural Framing
750,11.4,mahoganii,A,Semi,Door/window
934,13.93,thulan,C,Indoor,Door/window
217,16.13,ginisapu,B,Indoor,Door/window
137,8.14,mango,C,Indoor,Door/window
664,28.6,jak,C,Semi,Structural Framing
517,18.49,pinewood,B,Indoor,Roofing Components
732,22.37,kempas,C,Semi,Roofing Components
278,21.6,lunumidella,C,Outdoor,Roofing Components
400,13.09,mango,A,Indoor,Structural Framing
275,15.41,lunumidella,C,Indoor,Roofing Components
500,6.2,lunumidella,A,Indoor,Roofing Components
1050,13.19,mahoganii,A,Semi,Structural Framing
1251,21.3,microo,C,Indoor,Structural Framing
343,21.63,ginisapu,B,Indoor,Roofing Components
200,29.54,mango,A,Indoor,Door/window
241,2.99,mango,C,Indoor,Structural Framing
1317,23.2,kubuk,C,Outdoor,Structural Framing
266,9.04,mango,C,Indoor,Structural Framing
870,5.67,jak,B,Semi,Structural Framing
1648,15.09,kempas,C,Semi,Structural Framing
935,12.28,mahoganii,B,Semi,Structural Framing
250,2.16,ginisapu,A,Indoor,Door/window
2800,29.25,kempas,A,Semi,Structural Framing
623,19.48,mahoganii,B,Semi,Door/window
1500,7.99,thulan,A,Indoor,Door/window
538,27.75,burutha,B,Semi,Structural Framing
600,9.31,burutha,A,Semi,Structural Framing
836,3.0,thulan,C,Indoor,Door/window
556,5.05,jak,C,Semi,Door/window
880,14.43,kempas,C,Semi,Door/window
290,5.45,ginisapu,C,Indoor,Roofing Components
1050,7.63,mahoganii,A,Semi,Structural Framing
1828,9.35,kempas,C,Semi,Structural Framing
178,20.81,mango,B,Indoor,Door/window
1225,6.44,thulan,B,Indoor,Door/window
345,24.16,mango,B,Indoor,Structural Framing
1200,11.44,kempas,A,Semi,Roofing Components
828,22.4,kempas,C,Semi,Door/window
693,9.39,jak,B,Semi,Door/window
556,13.5,jak,C,Semi,Structural Framing
1114,15.65,microo,C,Indoor,Structural Framing
175,23.69,mango,B,Indoor,Door/window
851,22.78,kempas,C,Semi,Door/window
1200,12.34,kempas,A,Semi,Roofing Components
432,17.13,lunumidella,B,Outdoor,Roofing Components
492,25.7,burutha,B,Semi,Structural Framing
215,10.51,ginisapu,B,Indoor,Door/window
397,23.85,ginisapu,B,Indoor,Roofing Components
707,23.17,kempas,C,Semi,Roofing Components
1551,23.59,microo,B,Indoor,Structural Framing
408,19.2,pinewood,C,Indoor,Roofing Components
1152,2.26,kubuk,C,Outdoor,Structural Framing
731,12.13,teak,C,Semi,Door/window
404,5.78,ginisapu,B,Indoor,Roofing Components
381,21.85,burutha,C,Semi,Structural Framing
266,8.4,ginisapu,C,Indoor,Roofing Components
217,19.68,ginisapu,B,Indoor,Door/window
556,6.9,microo,C,Indoor,Door/window
972,17.19,kempas,B,Semi,Roofing Components
378,20.04,pinewood,C,Indoor,Roofing Components
998,9.23,kempas,B,Semi,Roofing Components
347,23.56,burutha,C,Semi,Structural Framing
524,6.29,pinewood,B,Indoor,Roofing Components
282,21.54,ginisapu,C,Indoor,Roofing Components
600,11.16,burutha,A,Semi,Structural Framing
331,22.42,burutha,C,Semi,Door/window
892,20.55,microo,B,Indoor,Door/window
450,9.79,ginisapu,A,Indoor,Roofing Components
176,21.79,mango,B,Indoor,Door/window
382,11.22,ginisapu,B,Indoor,Roofing Components
337,3.83,mango,B,Indoor,Structural Framing
436,27.03,lunumidella,B,Outdoor,Roofing Components
1000,16.52,jak,A,Semi,Structural Framing
291,7.81,ginisapu,C,Indoor,Roofing Components
270,19.46,mango,C,Indoor,Structural Framing
528,19.41,pinewood,B,Indoor,Roofing Components
417,25.38,burutha,C,Semi,Structural Framing
445,17.22,lunumidella,B,Indoor,Roofing Components
470,24.2,burutha,B,Semi,Structural Framing
388,14.27,pinewood,C,Indoor,Roofing Components
681,27.86,jak,B,Semi,Door/window
801,3.9,kempas,C,Semi,Roofing Components
600,5.44,pinewood,A,Indoor,Roofing Components
304,15.47,mango,B,Indoor,Structural Framing
929,19.17,kempas,C,Semi,Door/window
222,10.09,ginisapu,B,Indoor,Door/window
398,21.73,burutha,B,Semi,Door/window
1200,8.45,teak,A,Semi,Structural Framing
387,27.76,lunumidella,B,Semi,Roofing Components
940,8.96,teak,B,Semi,Structural Framing
1731,24.81,microo,B,Indoor,Structural Framing
2000,18.59,microo,A,Indoor,Structural Framing
600,21.69,pinewood,A,Indoor,Roofing Components
472,22.18,pinewood,B,Indoor,Roofing Components
500,24.35,lunumidella,A,Outdoor,Roofing Components
423,12.18,lunumidella,B,Outdoor,Roofing Components
686,4.59,teak,C,Semi,Structural Framing
2000,4.04,microo,A,Indoor,Structural Framing
600,16.77,burutha,A,Semi,Structural Framing
383,29.87,ginisapu,B,Indoor,Roofing Components
1786,10.17,kubuk,B,Outdoor,Structural Framing
342,24.25,lunumidella,C,Semi,Roofing Components
2302,20.35,kempas,B,Semi,Structural Framing
250,22.28,ginisapu,A,Indoor,Door/window
414,27.59,mahoganii,C,Semi,Door/window
1192,20.56,thulan,B,Indoor,Door/window
296,3.66,burutha,C,Semi,Door/window
960,28.34,kempas,C,Semi,Door/window
134,14.05,mango,C,Indoor,Door/window
1000,16.49,jak,A,Semi,Structural Framing
1200,20.33,kempas,A,Semi,Roofing Components
1200,12.14,kempas,A,Semi,Roofing Components
297,26.13,lunumidella,C,Semi,Roofing Components
593,2.9,mahoganii,C,Semi,Structural Framing
708,20.01,kempas,C,Semi,Roofing Components
1257,22.0,kempas,B,Semi,Door/window
829,21.27,kempas,C,Semi,Door/window
218,27.37,ginisapu,B,Indoor,Door/window
934,26.05,mahoganii,B,Semi,Structural Framing
1200,14.84,kempas,A,Semi,Roofing Components
850,28.29,jak,A,Semi,Door/window
1285,6.96,microo,C,Indoor,Structural Framing
734,19.81,kempas,C,Semi,Roofing Components
1000,9.48,microo,A,Indoor,Door/window
987,11.67,kempas,B,Semi,Roofing Components
500,16.54,lunumidella,A,Indoor,Roofing Components
500,6.26,burutha,A,Semi,Door/window
769,23.56,microo,B,Indoor,Door/window
1276,18.42,kempas,B,Semi,Door/window
1050,24.96,mahoganii,A,Semi,Structural Framing
688,20.68,kempas,C,Semi,Roofing Components
116,23.62,mango,C,Indoor,Door/window
850,22.13,jak,A,Semi,Door/window
761,16.93,microo,B,Indoor,Door/window
359,2.32,pinewood,C,Indoor,Roofing Components
450,24.96,ginisapu,A,Indoor,Roofing Components
943,8.87,thulan,C,Indoor,Door/window
1050,17.87,mahoganii,A,Semi,Structural Framing
674,20.2,jak,B,Semi,Door/window
359,19.79,ginisapu,B,Indoor,Roofing Components
1565,18.58,microo,B,Indoor,Structural Framing
816,5.66,kempas,C,Semi,Roofing Components
1029,10.43,kempas,C,Semi,Door/window
944,23.22,mahoganii,B,Semi,Structural Framing
531,27.81,burutha,B,Semi,Structural Framing
148,23.24,ginisapu,C,Indoor,Door/window
1050,29.89,mahoganii,A,Semi,Structural Framing
600,14.09,pinewood,A,Indoor,Roofing Components
1022,16.94,kempas,C,Semi,Door/window
1049,5.77,kempas,B,Semi,Roofing Components
3000,1.07,thulan,A,Indoor,Structural Framing
2000,8.54,microo,A,Indoor,Structural Framing
2433,28.31,thulan,B,Indoor,Structural Framing
653,2.53,mahoganii,B,Semi,Door/window
850,18.1,jak,A,Semi,Door/window
615,25.2,jak,C,Semi,Structural Framing
1000,27.72,jak,A,Semi,Structural Framing
1200,2.88,kempas,A,Semi,Roofing Components
500,11.81,lunumidella,A,Semi,Roofing Components
568,11.19,jak,C,Semi,Door/window
718,16.54,jak,B,Semi,Door/window
1053,5.81,teak,B,Semi,Door/window
2353,4.89,kempas,B,Semi,Structural Framing
1000,5.69,microo,A,Indoor,Door/window
1050,11.89,mahoganii,A,Semi,Structural Framing
823,2.22,teak,C,Semi,Structural Framing
500,6.37,burutha,A,Semi,Door/window
750,20.91,mahoganii,A,Semi,Door/window
188,17.91,ginisapu,B,Indoor,Door/window
1500,1.64,kempas,A,Semi,Door/window
1825,15.2,kempas,C,Semi,Structural Framing
1500,11.28,thulan,A,Indoor,Door/window
727,9.2,jak,B,Semi,Door/window
2567,6.35,thulan,B,Indoor,Structural Framing
450,5.76,ginisapu,A,Indoor,Roofing Components
450,4.8,ginisapu,A,Indoor,Roofing Components
455,5.32,pinewood,B,Indoor,Roofing Components
1160,10.95,microo,C,Indoor,Structural Framing
421,24.62,lunumidella,B,Semi,Roofing Components
1260,11.38,thulan,B,Indoor,Door/window
607,27.75,microo,C,Indoor,Door/window
425,16.73,lunumidella,B,Indoor,Roofing Components
600,11.81,pinewood,A,Indoor,Roofing Components
467,3.1,pinewood,B,Indoor,Roofing Components
1013,22.18,kempas,B,Semi,Roofing Components
986,10.51,thulan,C,Indoor,Door/window
675,13.63,microo,C,Indoor,Door/window
589,23.68,mahoganii,B,Semi,Door/window
2000,15.6,kubuk,A,Outdoor,Structural Framing
389,8.02,burutha,B,Semi,Door/window
380,26.27,ginisapu,B,Indoor,Roofing Components
456,2.9,burutha,B,Semi,Structural Framing
1502,16.8,microo,B,Indoor,Structural Framing
396,10.55,lunumidella,B,Indoor,Roofing Components
565,28.8,microo,C,Indoor,Door/window
337,20.52,mango,B,Indoor,Structural Framing
960,15.6,kempas,B,Semi,Roofing Components
260,27.89,ginisapu,C,Indoor,Roofing Components
388,13.35,ginisapu,B,Indoor,Roofing Components
1200,16.38,teak,A,Semi,Door/window
409,17.37,lunumidella,B,Outdoor,Roofing Components
1749,3.72,microo,B,Indoor,Structural Framing
348,20.81,ginisapu,B,Indoor,Roofing Components
1028,17.82,kempas,C,Semi,Door/window
834,21.82,microo,B,Indoor,Door/window
913,13.8,teak,B,Semi,Structural Framing
1200,2.2,kempas,A,Semi,Roofing Components
280,4.5,lunumidella,C,Indoor,Roofing Components
1015,26.64,teak,B,Semi,Door/window
618,6.66,mahoganii,C,Semi,Structural Framing
1123,1.62,microo,C,Indoor,Structural Framing
409,11.07,burutha,B,Semi,Door/window
500,6.47,lunumidella,A,Outdoor,Roofing Components
506,22.85,mahoganii,C,Semi,Door/window
250,6.31,ginisapu,A,Indoor,Door/window
539,22.38,pinewood,B,Indoor,Roofing Components
850,7.65,jak,A,Semi,Door/window
3000,16.1,thulan,A,Indoor,Structural Framing
133,4.89,mango,C,Indoor,Door/window
1134,19.04,thulan,B,Indoor,Door/window
997,21.1,kempas,B,Semi,Roofing Components
312,19.28,mango,B,Indoor,Structural Framing
3000,6.73,thulan,A,Indoor,Structural Framing
417,28.11,lunumidella,B,Semi,Roofing Components
315,24.59,mango,B,Indoor,Structural Framing
400,5.96,mango,A,Indoor,Structural Framing
922,23.41,teak,B,Semi,Door/window
646,17.61,microo,C,Indoor,Door/window
2114,19.8,kempas,B,Semi,Structural Framing
170,23.23,mango,B,Indoor,Door/window
1676,9.16,kubuk,B,Outdoor,Structural Framing
277,5.74,ginisapu,C,Indoor,Roofing Components
307,18.02,lunumidella,C,Indoor,Roofing Components
1721,1.61,microo,B,Indoor,Structural Framing
766,14.93,jak,B,Semi,Structural Framing
800,9.26,microo,B,Indoor,Door/window
750,24.09,mahoganii,A,Semi,Door/window
600,9.76,pinewood,A,Indoor,Roofing Components
1150,9.45,kubuk,C,Outdoor,Structural Framing
775,5.1,kempas,C,Semi,Roofing Components
438,18.01,lunumidella,B,Indoor,Roofing Components
450,25.2,ginisapu,A,Indoor,Roofing Components
450,5.2,ginisapu,A,Indoor,Roofing Components
318,6.72,mango,B,Indoor,Structural Framing
2693,23.99,thulan,B,Indoor,Structural Framing
850,4.19,jak,A,Semi,Door/window
2227,2.95,kempas,B,Semi,Structural Framing
1768,21.49,thulan,C,Indoor,Structural Framing
826,14.26,thulan,C,Indoor,Door/window
1200,7.1,teak,A,Semi,Structural Framing
502,6.99,burutha,B,Semi,Structural Framing
920,28.59,kempas,B,Semi,Roofing Components
763,19.51,kempas,C,Semi,Roofing Components
710,16.7,teak,C,Semi,Structural Framing
384,15.22,lunumidella,B,Semi,Roofing Components
509,22.44,pinewood,B,Indoor,Roofing Components
1583,2.15,kempas,C,Semi,Structural Framing
468,18.7,pinewood,B,Indoor,Roofing Components
1200,28.51,teak,A,Semi,Door/window
381,25.28,lunumidella,B,Outdoor,Roofing Components
218,18.21,ginisapu,B,Indoor,Door/window
1050,10.27,mahoganii,A,Semi,Structural Framing
1749,16.11,kubuk,B,Outdoor,Structural Framing
450,2.37,ginisapu,A,Indoor,Roofing Components
1000,24.89,microo,A,Indoor,Door/window
500,29.41,lunumidella,A,Indoor,Roofing Components
1625,15.95,kubuk,B,Outdoor,Structural Framing
850,14.44,jak,A,Semi,Door/window
884,3.51,jak,B,Semi,Structural Framing
1394,16.42,microo,C,Indoor,Structural Framing
156,19.84,mango,B,Indoor,Door/window
772,11.1,kempas,C,Semi,Roofing Components
750,9.37,mahoganii,A,Semi,Door/window
200,23.17,mango,A,Indoor,Door/window
200,16.63,mango,A,Indoor,Door/window
500,9.63,lunumidella,A,Semi,Roofing Components
850,20.05,jak,A,Semi,Door/window
304,6.0,mango,B,Indoor,Structural Framing
519,2.3,pinewood,B,Indoor,Roofing Components
440,6.76,lunumidella,B,Indoor,Roofing Components
344,12.78,ginisapu,B,Indoor,Roofing Components
2000,8.84,microo,A,Indoor,Structural Framing
471,15.06,jak,C,Semi,Door/window
1200,29.06,teak,A,Semi,Structural Framing
1029,14.64,teak,B,Semi,Door/window
1681,24.51,thulan,C,Indoor,Structural Framing
1069,7.9,teak,B,Semi,Door/window
500,24.9,lunumidella,A,Semi,Roofing Components
1203,17.68,microo,C,Indoor,Structural Framing
262,21.21,mango,C,Indoor,Structural Framing
1140,7.28,thulan,B,Indoor,Door/window
283,19.74,lunumidella,C,Semi,Roofing Components
450,18.88,ginisapu,A,Indoor,Roofing Components
474,5.14,pinewood,B,Indoor,Roofing Components
170,29.86,mango,B,Indoor,Door/window
662,4.57,microo,C,Indoor,Door/window
171,24.68,mango,B,Indoor,Door/window
1033,8.01,kempas,B,Semi,Roofing Components
968,12.01,kempas,B,Semi,Roofing Components
1028,15.25,kempas,C,Semi,Door/window
600,19.99,pinewood,A,Indoor,Roofing Components
161,29.18,ginisapu,C,Indoor,Door/window
2800,16.46,kempas,A,Semi,Structural Framing
1000,20.94,jak,A,Semi,Structural Framing
812,28.19,teak,C,Semi,Door/window
559,29.07,microo,C,Indoor,Door/window
783,22.1,microo,B,Indoor,Door/window
1269,8.66,microo,C,Indoor,Structural Framing
1285,17.54,kempas,B,Semi,Door/window
1200,12.22,teak,A,Semi,Structural Framing
962,24.04,thulan,C,Indoor,Door/window
344,21.45,mango,B,Indoor,Structural Framing
500,29.12,burutha,A,Semi,Door/window
450,10.74,ginisapu,A,Indoor,Roofing Components
371,2.05,pinewood,C,Indoor,Roofing Components
500,2.42,burutha,A,Semi,Door/window
231,13.46,mango,C,Indoor,Structural Framing
631,15.48,jak,C,Semi,Structural Framing
1200,9.53,kempas,A,Semi,Roofing Components
1500,20.08,thulan,A,Indoor,Door/window
347,9.18,ginisapu,B,Indoor,Roofing Components
2423,7.38,kempas,B,Semi,Structural Framing
228,6.14,mango,C,Indoor,Structural Framing
600,25.46,pinewood,A,Indoor,Roofing Components
932,14.38,kempas,B,Semi,Roofing Components
2384,4.53,thulan,B,Indoor,Structural Framing
2000,12.01,kubuk,A,Outdoor,Structural Framing
200,23.94,mango,A,Indoor,Door/window
433,14.33,lunumidella,B,Semi,Roofing Components
850,4.14,jak,A,Semi,Door/window
323,4.89,lunumidella,C,Outdoor,Roofing Components
1500,8.32,kempas,A,Semi,Door/window
750,1.5,mahoganii,A,Semi,Door/window
1199,21.63,thulan,B,Indoor,Door/window
600,25.1,pinewood,A,Indoor,Roofing Components
450,27.91,ginisapu,A,Indoor,Roofing Components
784,11.26,kempas,C,Semi,Roofing Components
450,18.82,ginisapu,A,Indoor,Roofing Components
450,29.19,ginisapu,A,Indoor,Roofing Components
626,8.6,mahoganii,B,Semi,Door/window
522,1.29,mahoganii,C,Semi,Door/window
3000,26.89,thulan,A,Indoor,Structural Framing
383,7.84,ginisapu,B,Indoor,Roofing Components
838,8.16,mahoganii,B,Semi,Structural Framing
450,3.48,ginisapu,A,Indoor,Roofing Components
728,18.04,kempas,C,Semi,Roofing Components
1000,20.5,microo,A,Indoor,Door/window
200,18.17,mango,A,Indoor,Door/window
400,1.17,mango,A,Indoor,Structural Framing
440,14.6,lunumidella,B,Indoor,Roofing Components
750,29.94,mahoganii,A,Semi,Door/window
1164,17.59,microo,C,Indoor,Structural Framing
158,11.85,ginisapu,C,Indoor,Door/window
513,13.24,pinewood,B,Indoor,Roofing Components
505,26.61,jak,C,Semi,Door/window
366,20.21,burutha,C,Semi,Structural Framing
385,27.5,pinewood,C,Indoor,Roofing Components
179,14.35,mango,B,Indoor,Door/window
202,28.95,ginisapu,B,Indoor,Door/window
854,21.93,microo,B,Indoor,Door/window
440,10.43,mahoganii,C,Semi,Door/window
497,24.24,pinewood,B,Indoor,Roofing Components
1788,11.05,thulan,C,Indoor,Structural Framing
1313,10.08,kempas,B,Semi,Door/window
1551,14.84,microo,B,Indoor,Structural Framing
464,19.05,pinewood,B,Indoor,Roofing Components
1500,24.18,thulan,A,Indoor,Door/window
192,26.44,ginisapu,B,Indoor,Door/window
500,28.14,lunumidella,A,Outdoor,Roofing Components
600,26.78,pinewood,A,Indoor,Roofing Components
397,19.96,burutha,C,Semi,Structural Framing
450,17.72,ginisapu,A,Indoor,Roofing Components
850,14.87,jak,A,Semi,Door/window
2000,17.12,kubuk,A,Outdoor,Structural Framing
3000,12.81,thulan,A,Indoor,Structural Framing
1500,10.59,kempas,A,Semi,Door/window
709,27.59,mahoganii,C,Semi,Structural Framing
1500,8.18,kempas,A,Semi,Door/window
450,25.59,ginisapu,A,Indoor,Roofing Components
630,12.58,mahoganii,C,Semi,Structural Framing
600,23.48,pinewood,A,Indoor,Roofing Components
592,26.05,mahoganii,C,Semi,Structural Framing
450,17.03,ginisapu,A,Indoor,Roofing Components
622,1.35,jak,C,Semi,Structural Framing
513,16.95,jak,C,Semi,Door/window
1268,13.66,kubuk,C,Outdoor,Structural Framing
395,14.43,burutha,B,Semi,Door/window
450,5.73,ginisapu,A,Indoor,Roofing Components
805,9.96,teak,C,Semi,Structural Framing
1024,17.63,kempas,C,Semi,Door/window
671,21.71,teak,C,Semi,Structural Framing
328,12.37,burutha,C,Semi,Door/window
450,22.51,ginisapu,A,Indoor,Roofing Components
503,29.25,pinewood,B,Indoor,Roofing Components
533,8.08,pinewood,B,Indoor,Roofing Components
1055,25.51,kempas,B,Semi,Roofing Components
195,12.84,ginisapu,B,Indoor,Door/window
200,25.15,mango,A,Indoor,Door/window
718,21.66,mahoganii,C,Semi,Structural Framing
1500,11.81,kempas,A,Semi,Door/window
1038,25.53,thulan,C,Indoor,Door/window
965,24.48,kempas,B,Semi,Roofing Components
1500,3.79,thulan,A,Indoor,Door/window
1000,5.9,jak,A,Semi,Structural Framing
334,20.12,burutha,C,Semi,Door/window
664,8.33,mahoganii,B,Semi,Door/window
1706,1.73,kempas,C,Semi,Structural Framing
2000,7.02,microo,A,Indoor,Structural Framing
1251,9.81,thulan,B,Indoor,Door/window
1200,14.21,teak,A,Semi,Door/window
783,7.4,teak,C,Semi,Structural Framing
600,27.86,pinewood,A,Indoor,Roofing Components
200,19.67,mango,A,Indoor,Door/window
1502,6.39,kubuk,B,Outdoor,Structural Framing
649,11.4,mahoganii,C,Semi,Structural Framing
2800,9.33,kempas,A,Semi,Structural Framing
250,11.51,ginisapu,A,Indoor,Door/window
1500,26.65,kempas,A,Semi,Door/window
1020,9.81,teak,B,Semi,Structural Framing
1281,4.8,thulan,B,Indoor,Door/window
1000,28.93,jak,A,Semi,Structural Framing
895,18.2,thulan,C,Indoor,Door/window
200,10.39,mango,A,Indoor,Door/window
455,7.34,pinewood,B,Indoor,Roofing Components
890,4.48,kempas,C,Semi,Door/window
416,3.67,burutha,B,Semi,Door/window
1000,5.59,microo,A,Indoor,Door/window
309,4.85,lunumidella,C,Semi,Roofing Components
200,21.31,mango,A,Indoor,Door/window
944,25.16,teak,B,Semi,Structural Framing
500,28.31,burutha,A,Semi,Door/window
313,20.97,burutha,C,Semi,Door/window
969,12.99,kempas,B,Semi,Roofing Components
1020,3.8,teak,B,Semi,Structural Framing
2800,19.32,kempas,A,Semi,Structural Framing
503,25.78,pinewood,B,Indoor,Roofing Components
712,25.95,kempas,C,Semi,Roofing Components
486,19.71,burutha,B,Semi,Structural Framing
1200,20.87,teak,A,Semi,Structural Framing
1566,9.97,kempas,C,Semi,Structural Framing
958,29.62,kempas,B,Semi,Roofing Components
2642,22.09,thulan,B,Indoor,Structural Framing
1000,7.97,teak,B,Semi,Door/window
489,28.1,mahoganii,C,Semi,Door/window
1050,17.08,mahoganii,A,Semi,Structural Framing
791,29.95,microo,B,Indoor,Door/window
500,6.23,lunumidella,A,Outdoor,Roofing Components
395,13.12,burutha,C,Semi,Structural Framing
144,5.49,ginisapu,C,Indoor,Door/window
1200,1.44,kempas,A,Semi,Roofing Components
336,11.55,pinewood,C,Indoor,Roofing Components
500,1.77,burutha,A,Semi,Door/window
1500,4.91,kempas,A,Semi,Door/window
209,11.61,ginisapu,B,Indoor,Door/window
318,2.55,mango,B,Indoor,Structural Framing
1053,8.71,kempas,B,Semi,Roofing Components
1644,4.12,kempas,C,Semi,Structural Framing
1500,17.75,kempas,A,Semi,Door/window
200,17.83,mango,A,Indoor,Door/window
160,13.51,mango,B,Indoor,Door/window
1000,27.67,microo,A,Indoor,Door/window
442,6.14,mahoganii,C,Semi,Door/window
690,2.42,jak,B,Semi,Door/window
405,8.61,pinewood,C,Indoor,Roofing Components
500,19.62,lunumidella,A,Indoor,Roofing Components
1244,18.57,thulan,B,Indoor,Door/window
683,14.63,jak,B,Semi,Door/window
200,19.9,mango,A,Indoor,Door/window
699,23.74,jak,C,Semi,Structural Framing
426,10.02,lunumidella,B,Indoor,Roofing Components
992,28.87,kempas,B,Semi,Roofing Components
1200,25.94,kempas,A,Semi,Roofing Components
750,18.98,mahoganii,A,Semi,Door/window
1133,25.28,kubuk,C,Outdoor,Structural Framing
200,9.91,mango,A,Indoor,Door/window
2324,28.29,kempas,B,Semi,Structural Framing
786,24.87,teak,C,Semi,Structural Framing
2683,23.97,thulan,B,Indoor,Structural Framing
1050,6.56,mahoganii,A,Semi,Structural Framing
233,26.91,mango,C,Indoor,Structural Framing
1500,6.55,thulan,A,Indoor,Door/window
275,24.4,mango,C,Indoor,Structural Framing
243,25.45,mango,C,Indoor,Structural Framing
450,16.49,ginisapu,A,Indoor,Roofing Components
471,18.97,burutha,B,Semi,Structural Framing
460,10.14,pinewood,B,Indoor,Roofing Components
781,3.29,kempas,C,Semi,Roofing Components
388,3.97,lunumidella,B,Outdoor,Roofing Components
1200,24.05,kempas,A,Semi,Roofing Components
663,17.39,kempas,C,Semi,Roofing Components
988,26.08,teak,B,Semi,Structural Framing
3000,13.82,thulan,A,Indoor,Structural Framing
345,13.95,burutha,C,Semi,Door/window
2648,10.58,thulan,B,Indoor,Structural Framing
1500,18.59,thulan,A,Indoor,Door/window
500,13.15,burutha,A,Semi,Door/window
500,8.29,burutha,A,Semi,Door/window
513,25.69,jak,C,Semi,Door/window
978,16.57,kempas,B,Semi,Roofing Components
1110,21.49,microo,C,Indoor,Structural Framing
720,14.55,kempas,C,Semi,Roofing Components
578,19.48,microo,C,Indoor,Door/window
600,12.61,burutha,A,Semi,Structural Framing
568,18.44,jak,C,Semi,Door/window
1200,24.54,teak,A,Semi,Structural Framing
496,3.31,jak,C,Semi,Door/window
617,24.45,jak,C,Semi,Structural Framing
949,4.91,kempas,C,Semi,Door/window
599,20.66,mahoganii,B,Semi,Door/window
378,20.47,lunumidella,B,Indoor,Roofing Components
152,15.08,mango,B,Indoor,Door/window
381,1.33,lunumidella,B,Semi,Roofing Components
373,13.99,pinewood,C,Indoor,Roofing Components
315,25.11,lunumidella,C,Indoor,Roofing Components
165,3.14,mango,B,Indoor,Door/window
1500,27.41,kempas,A,Semi,Door/window
1314,22.83,kubuk,C,Outdoor,Structural Framing
1380,17.25,microo,C,Indoor,Structural Framing
450,16.04,ginisapu,A,Indoor,Roofing Components
647,25.15,mahoganii,C,Semi,Structural Framing
450,27.33,ginisapu,A,Indoor,Roofing Components
810,29.9,kempas,C,Semi,Roofing Components
1200,5.25,kempas,A,Semi,Roofing Components
393,3.72,lunumidella,B,Outdoor,Roofing Components
500,17.69,lunumidella,A,Indoor,Roofing Components
400,15.15,mango,A,Indoor,Structural Framing
1200,22.69,teak,A,Semi,Door/window
450,13.5,ginisapu,A,Indoor,Roofing Components
600,3.94,burutha,A,Semi,Structural Framing
439,27.29,burutha,B,Semi,Door/window
600,28.99,pinewood,A,Indoor,Roofing Components
1741,11.72,thulan,C,Indoor,Structural Framing
995,12.2,kempas,B,Semi,Roofing Components
450,6.29,pinewood,B,Indoor,Roofing Components
148,1.88,ginisapu,C,Indoor,Door/window
206,15.25,ginisapu,B,Indoor,Door/window
1050,27.91,mahoganii,A,Semi,Structural Framing
1200,2.05,teak,A,Semi,Door/window
1013,20.49,kempas,B,Semi,Roofing Components
705,2.4,kempas,C,Semi,Roofing Components
1903,14.63,thulan,C,Indoor,Structural Framing
674,8.24,microo,C,Indoor,Door/window
2800,21.87,kempas,A,Semi,Structural Framing
1200,8.45,kempas,A,Semi,Roofing Components
837,16.73,mahoganii,B,Semi,Structural Framing
1200,22.94,kempas,A,Semi,Roofing Components
600,2.94,burutha,A,Semi,Structural Framing
375,29.82,burutha,C,Semi,Structural Framing
2433,4.0,kempas,B,Semi,Structural Framing
1200,29.09,kempas,A,Semi,Roofing Components
600,7.46,pinewood,A,Indoor,Roofing Components
1200,22.77,teak,A,Semi,Door/window
985,22.98,teak,B,Semi,Door/window
750,19.05,mahoganii,A,Semi,Door/window
278,18.49,lunumidella,C,Semi,Roofing Components
413,1.72,mahoganii,C,Semi,Door/window
347,10.88,burutha,C,Semi,Door/window
1791,6.09,microo,B,Indoor,Structural Framing
2800,20.51,kempas,A,Semi,Structural Framing
2146,16.26,kempas,B,Semi,Structural Framing
2800,22.75,kempas,A,Semi,Structural Framing
540,28.83,jak,C,Semi,Door/window
2298,29.27,kempas,B,Semi,Structural Framing
264,16.79,mango,C,Indoor,Structural Framing
454,2.15,pinewood,B,Indoor,Roofing Components
1674,15.5,kubuk,B,Outdoor,Structural Framing
428,11.65,burutha,B,Semi,Door/window
2000,19.88,microo,A,Indoor,Structural Framing
450,21.22,ginisapu,A,Indoor,Roofing Components
700,17.87,jak,B,Semi,Door/window
450,2.96,ginisapu,A,Indoor,Roofing Components
498,20.81,pinewood,B,Indoor,Roofing Components
1699,21.11,thulan,C,Indoor,Structural Framing
1634,16.33,microo,B,Indoor,Structural Framing
1050,6.21,mahoganii,A,Semi,Structural Framing
342,16.89,ginisapu,B,Indoor,Roofing Components
1274,27.68,kempas,B,Semi,Door/window
864,22.17,microo,B,Indoor,Door/window
444,28.82,lunumidella,B,Indoor,Roofing Components
303,5.95,lunumidella,C,Semi,Roofing Components
2000,6.34,microo,A,Indoor,Structural Framing
1000,21.01,microo,A,Indoor,Door/window
299,7.02,ginisapu,C,Indoor,Roofing Components
1344,15.78,thulan,B,Indoor,Door/window
612,1.71,mahoganii,C,Semi,Structural Framing
411,6.13,pinewood,C,Indoor,Roofing Components
440,21.03,burutha,B,Semi,Door/window
605,4.02,mahoganii,C,Semi,Structural Framing
2000,21.33,microo,A,Indoor,Structural Framing
796,7.24,kempas,C,Semi,Roofing Components
929,11.88,kempas,B,Semi,Roofing Components
812,26.13,microo,B,Indoor,Door/window
152,5.88,mango,B,Indoor,Door/window
860,17.26,jak,B,Semi,Structural Framing
314,23.34,burutha,C,Semi,Door/window
484,29.52,mahoganii,C,Semi,Door/window
427,21.7,lunumidella,B,Semi,Roofing Components
600,18.57,pinewood,A,Indoor,Roofing Components
305,14.89,lunumidella,C,Indoor,Roofing Components
352,13.28,ginisapu,B,Indoor,Roofing Components
600,15.33,pinewood,A,Indoor,Roofing Components
711,20.55,teak,C,Semi,Door/window
1567,2.39,kubuk,B,Outdoor,Structural Framing
2000,20.74,kubuk,A,Outdoor,Structural Framing
1304,2.37,thulan,B,Indoor,Door/window
1114,25.84,microo,C,Indoor,Structural Framing
1500,20.28,thulan,A,Indoor,Door/window
400,5.76,mango,A,Indoor,Structural Framing
504,8.38,pinewood,B,Indoor,Roofing Components
250,13.8,ginisapu,A,Indoor,Door/window
1500,17.22,thulan,A,Indoor,Door/window
342,6.01,pinewood,C,Indoor,Roofing Components
469,24.67,pinewood,B,Indoor,Roofing Components
400,22.43,mango,A,Indoor,Structural Framing
761,5.16,jak,B,Semi,Door/window
200,12.41,mango,A,Indoor,Door/window
320,15.63,lunumidella,C,Outdoor,Roofing Components
435,12.84,lunumidella,B,Semi,Roofing Components
398,18.79,lunumidella,B,Indoor,Roofing Components
469,21.0,pinewood,B,Indoor,Roofing Components
301,17.62,lunumidella,C,Semi,Roofing Components
1200,23.01,kempas,A,Semi,Roofing Components
1218,9.27,thulan,B,Indoor,Door/window
318,3.38,lunumidella,C,Semi,Roofing Components
600,21.48,burutha,A,Semi,Structural Framing
1841,25.35,kempas,C,Semi,Structural Framing
361,24.15,pinewood,C,Indoor,Roofing Components
2419,5.63,thulan,B,Indoor,Structural Framing
341,4.08,lunumidella,C,Outdoor,Roofing Components
692,4.07,kempas,C,Semi,Roofing Components
750,21.24,mahoganii,A,Semi,Door/window
393,22.27,burutha,B,Semi,Door/window
450,29.23,ginisapu,A,Indoor,Roofing Components
1213,23.93,microo,C,Indoor,Structural Framing
1146,20.47,kempas,B,Semi,Door/window
1200,24.6,teak,A,Semi,Structural Framing
490,16.78,burutha,B,Semi,Structural Framing
600,4.37,burutha,A,Semi,Structural Framing
600,2.57,pinewood,A,Indoor,Roofing Components
1000,25.07,microo,A,Indoor,Door/window
340,19.12,ginisapu,B,Indoor,Roofing Components
366,24.93,ginisapu,B,Indoor,Roofing Components
1200,4.68,teak,A,Semi,Structural Framing
410,28.79,lunumidella,B,Semi,Roofing Components
1846,26.29,thulan,C,Indoor,Structural Framing
500,28.88,lunumidella,A,Outdoor,Roofing Components
1940,17.22,thulan,C,Indoor,Structural Framing
1574,9.5,kubuk,B,Outdoor,Structural Framing
175,15.6,mango,B,Indoor,Door/window
250,23.74,ginisapu,A,Indoor,Door/window
301,16.99,lunumidella,C,Semi,Roofing Components
313,12.25,burutha,C,Semi,Door/window
200,1.81,mango,A,Indoor,Door/window
266,28.52,ginisapu,C,Indoor,Roofing Components
450,17.98,ginisapu,A,Indoor,Roofing Components
437,11.38,lunumidella,B,Semi,Roofing Components
340,20.67,burutha,C,Semi,Structural Framing
260,16.26,ginisapu,C,Indoor,Roofing Components
200,19.79,mango,A,Indoor,Door/window
519,21.41,pinewood,B,Indoor,Roofing Components
835,17.95,microo,B,Indoor,Door/window
476,1.64,pinewood,B,Indoor,Roofing Components
675,19.59,microo,C,Indoor,Door/window
2800,15.42,kempas,A,Semi,Structural Framing
313,3.57,burutha,C,Semi,Door/window
1200,26.47,kempas,A,Semi,Roofing Components
600,10.41,pinewood,A,Indoor,Roofing Components
223,18.13,mango,C,Indoor,Structural Framing
587,12.19,jak,C,Semi,Structural Framing
524,13.16,mahoganii,C,Semi,Door/window
856,5.74,microo,B,Indoor,Door/window
889,23.75,mahoganii,B,Semi,Structural Framing
481,4.18,pinewood,B,Indoor,Roofing Components
500,8.88,lunumidella,A,Semi,Roofing Components
289,8.75,ginisapu,C,Indoor,Roofing Components
275,15.7,mango,C,Indoor,Structural Framing
435,6.92,lunumidella,B,Outdoor,Roofing Components
1695,16.87,kubuk,B,Outdoor,Structural Framing
1826,4.77,kempas,C,Semi,Structural Framing
450,11.48,ginisapu,A,Indoor,Roofing Components
337,5.23,burutha,C,Semi,Door/window
1050,5.72,mahoganii,A,Semi,Structural Framing
313,16.69,lunumidella,C,Indoor,Roofing Components
600,4.15,pinewood,A,Indoor,Roofing Components
758,8.02,microo,B,Indoor,Door/window
1527,1.41,microo,B,Indoor,Structural Framing
302,11.76,ginisapu,C,Indoor,Roofing Components
1050,21.67,mahoganii,A,Semi,Structural Framing
600,8.74,pinewood,A,Indoor,Roofing Components
750,6.83,mahoganii,A,Semi,Door/window
250,5.25,ginisapu,A,Indoor,Door/window
1000,16.82,jak,A,Semi,Structural Framing
399,6.37,burutha,B,Semi,Door/window
1200,17.69,teak,A,Semi,Door/window
1075,2.58,kempas,B,Semi,Roofing Components
2567,19.1,thulan,B,Indoor,Structural Framing
1725,16.84,kempas,C,Semi,Structural Framing
380,15.32,ginisapu,B,Indoor,Roofing Components
797,3.76,teak,C,Semi,Structural Framing
1620,13.28,microo,B,Indoor,Structural Framing
1861,25.25,thulan,C,Indoor,Structural Framing
1072,11.51,kempas,B,Semi,Roofing Components
337,17.74,ginisapu,B,Indoor,Roofing Components
2800,18.85,kempas,A,Semi,Structural Framing
222,6.15,ginisapu,B,Indoor,Door/window
910,3.08,kempas,C,Semi,Door/window
600,19.86,pinewood,A,Indoor,Roofing Components
450,23.73,ginisapu,A,Indoor,Roofing Components
393,14.88,pinewood,C,Indoor,Roofing Components
447,8.02,lunumidella,B,Outdoor,Roofing Components
1500,6.37,thulan,A,Indoor,Door/window
821,23.15,kempas,C,Semi,Roofing Components
1059,16.19,kempas,B,Semi,Roofing Components
125,25.9,mango,C,Indoor,Door/window
600,22.34,pinewood,A,Indoor,Roofing Components
726,27.38,teak,C,Semi,Door/window
270,1.46,mango,C,Indoor,Structural Framing
1595,1.95,microo,B,Indoor,Structural Framing
837,15.47,kempas,C,Semi,Roofing Components
809,1.17,teak,C,Semi,Structural Framing
742,26.46,teak,C,Semi,Door/window
900,26.19,kempas,B,Semi,Roofing Components
1611,22.3,kempas,C,Semi,Structural Framing
482,28.98,pinewood,B,Indoor,Roofing Components
1200,29.9,teak,A,Semi,Door/window
325,27.0,burutha,C,Semi,Door/window
764,11.69,jak,B,Semi,Structural Framing
500,4.85,lunumidella,A,Outdoor,Roofing Components
996,10.44,teak,B,Semi,Structural Framing
652,10.31,mahoganii,B,Semi,Door/window
1500,24.46,thulan,A,Indoor,Door/window
1310,15.29,thulan,B,Indoor,Door/window
1000,3.73,jak,A,Semi,Structural Framing
600,28.2,burutha,A,Semi,Structural Framing
249,24.1,ginisapu,C,Indoor,Roofing Components
500,10.68,lunumidella,A,Indoor,Roofing Components
1000,12.47,microo,A,Indoor,Door/window
370,2.48,ginisapu,B,Indoor,Roofing Components
246,20.17,mango,C,Indoor,Structural Framing
200,23.7,mango,A,Indoor,Door/window
250,17.51,ginisapu,A,Indoor,Door/window
500,16.26,burutha,A,Semi,Door/window
209,23.91,ginisapu,B,Indoor,Door/window
401,21.41,ginisapu,B,Indoor,Roofing Components
594,12.57,mahoganii,B,Semi,Door/window
982,10.71,kempas,B,Semi,Roofing Components
448,8.44,lunumidella,B,Indoor,Roofing Components
822,7.8,kempas,C,Semi,Roofing Components
303,10.51,burutha,C,Semi,Door/window
1314,21.84,microo,C,Indoor,Structural Framing
1500,9.16,kempas,A,Semi,Door/window
2243,27.56,kempas,B,Semi,Structural Framing
301,4.05,mango,B,Indoor,Structural Framing
1000,24.94,microo,A,Indoor,Door/window
304,2.17,ginisapu,C,Indoor,Roofing Components
2800,22.74,kempas,A,Semi,Structural Framing
501,20.01,jak,C,Semi,Door/window
1162,14.15,kempas,B,Semi,Door/window
168,19.26,mango,B,Indoor,Door/window
750,27.2,mahoganii,A,Semi,Door/window
600,24.12,pinewood,A,Indoor,Roofing Components
2800,26.88,kempas,A,Semi,Structural Framing
1348,15.83,thulan,B,Indoor,Door/window
450,11.57,ginisapu,A,Indoor,Roofing Components
191,15.1,ginisapu,B,Indoor,Door/window
600,27.98,burutha,A,Semi,Structural Framing
1574,23.35,kubuk,B,Outdoor,Structural Framing
450,27.74,ginisapu,A,Indoor,Roofing Components
762,29.93,kempas,C,Semi,Roofing Components
450,11.41,ginisapu,A,Indoor,Roofing Components
1000,28.73,jak,A,Semi,Structural Framing
389,20.81,ginisapu,B,Indoor,Roofing Components
1200,17.0,kempas,A,Semi,Roofing Components
850,11.99,jak,A,Semi,Door/window
789,2.64,microo,B,Indoor,Door/window
500,16.21,lunumidella,A,Outdoor,Roofing Components
465,23.1,burutha,B,Semi,Structural Framing
385,3.06,burutha,C,Semi,Structural Framing
1000,3.04,microo,A,Indoor,Door/window
250,13.71,ginisapu,A,Indoor,Door/window
633,28.33,microo,C,Indoor,Door/window
600,14.6,pinewood,A,Indoor,Roofing Components
1789,11.98,kubuk,B,Outdoor,Structural Framing
1000,5.96,jak,A,Semi,Structural Framing
600,15.03,pinewood,A,Indoor,Roofing Components
707,18.75,teak,C,Semi,Structural Framing
631,2.38,jak,C,Semi,Structural Framing
1050,15.1,mahoganii,A,Semi,Structural Framing
652,12.03,jak,B,Semi,Door/window
2800,8.84,kempas,A,Semi,Structural Framing
1024,29.61,kempas,B,Semi,Roofing Components
1500,27.92,thulan,A,Indoor,Door/window
557,26.48,jak,C,Semi,Structural Framing
1059,4.29,kempas,B,Semi,Roofing Components
958,18.58,kempas,B,Semi,Roofing Components
850,26.46,jak,A,Semi,Door/window
362,25.35,ginisapu,B,Indoor,Roofing Components
509,8.56,jak,C,Semi,Door/window
250,14.91,ginisapu,A,Indoor,Door/window
600,24.12,burutha,A,Semi,Structural Framing
1200,4.18,teak,A,Semi,Door/window
396,28.66,lunumidella,B,Indoor,Roofing Components
1908,2.16,kempas,C,Semi,Structural Framing
814,2.78,kempas,C,Semi,Roofing Components
500,9.63,burutha,A,Semi,Door/window
200,23.2,mango,A,Indoor,Door/window
1030,10.76,kempas,B,Semi,Roofing Components
502,28.17,pinewood,B,Indoor,Roofing Components
131,6.98,mango,C,Indoor,Door/window
400,12.27,mango,A,Indoor,Structural Framing
400,19.61,mango,A,Indoor,Structural Framing
450,28.68,ginisapu,A,Indoor,Roofing Components
250,12.63,ginisapu,A,Indoor,Door/window
3000,20.78,thulan,A,Indoor,Structural Framing
750,13.21,mahoganii,A,Semi,Door/window
600,15.26,pinewood,A,Indoor,Roofing Components
122,21.07,mango,C,Indoor,Door/window
778,8.04,jak,B,Semi,Structural Framing
2800,16.35,kempas,A,Semi,Structural Framing
439,16.44,mahoganii,C,Semi,Door/window
318,4.31,lunumidella,C,Outdoor,Roofing Components
994,2.71,teak,B,Semi,Door/window
500,22.94,burutha,A,Semi,Door/window
398,8.51,ginisapu,B,Indoor,Roofing Components
435,21.18,lunumidella,B,Outdoor,Roofing Components
879,28.35,microo,B,Indoor,Door/window
406,8.58,burutha,C,Semi,Structural Framing
600,26.59,burutha,A,Semi,Structural Framing
1958,23.89,kempas,C,Semi,Structural Framing
2000,18.76,microo,A,Indoor,Structural Framing
1569,14.65,kubuk,B,Outdoor,Structural Framing
1200,18.97,teak,A,Semi,Door/window
153,7.29,mango,B,Indoor,Door/window
1711,12.08,microo,B,Indoor,Structural Framing
656,9.19,jak,C,Semi,Structural Framing
605,18.56,mahoganii,C,Semi,Structural Framing
517,27.84,pinewood,B,Indoor,Roofing Components
2358,14.0,kempas,B,Semi,Structural Framing
512,4.1,pinewood,B,Indoor,Roofing Components
458,13.57,pinewood,B,Indoor,Roofing Components
795,14.8,jak,B,Semi,Structural Framing
550,22.68,jak,C,Semi,Door/window
1207,1.97,kubuk,C,Outdoor,Structural Framing
600,10.11,pinewood,A,Indoor,Roofing Components
794,25.56,kempas,C,Semi,Roofing Components
500,27.74,burutha,A,Semi,Door/window
356,16.67,pinewood,C,Indoor,Roofing Components
1035,20.29,kempas,C,Semi,Door/window
350,22.57,pinewood,C,Indoor,Roofing Components
284,2.49,ginisapu,C,Indoor,Roofing Components
856,6.47,microo,B,Indoor,Door/window
420,28.81,burutha,B,Semi,Door/window
365,15.77,ginisapu,B,Indoor,Roofing Components
316,17.83,lunumidella,C,Indoor,Roofing Components
656,27.8,jak,C,Semi,Structural Framing
500,18.05,lunumidella,A,Semi,Roofing Components
684,21.81,kempas,C,Semi,Roofing Components
1200,4.39,teak,A,Semi,Structural Framing
1512,28.33,kubuk,B,Outdoor,Structural Framing
322,22.56,burutha,C,Semi,Door/window
341,29.81,ginisapu,B,Indoor,Roofing Components
1200,26.53,kempas,A,Semi,Roofing Components
978,18.62,teak,B,Semi,Door/window
1164,17.6,kubuk,C,Outdoor,Structural Framing
200,25.85,mango,A,Indoor,Door/window
971,24.83,teak,B,Semi,Structural Framing
1000,8.16,microo,A,Indoor,Door/window
450,17.13,ginisapu,A,Indoor,Roofing Components
500,28.82,burutha,A,Semi,Door/window
349,19.49,lunumidella,C,Semi,Roofing Components
938,1.87,kempas,B,Semi,Roofing Components
376,25.23,burutha,B,Semi,Door/window
239,21.06,mango,C,Indoor,Structural Framing
248,21.62,mango,C,Indoor,Structural Framing
314,7.26,mango,B,Indoor,Structural Framing
1141,26.7,kubuk,C,Outdoor,Structural Framing
500,7.64,lunumidella,A,Indoor,Roofing Components
384,11.13,lunumidella,B,Outdoor,Roofing Components
429,2.31,lunumidella,B,Indoor,Roofing Components
500,4.53,lunumidella,A,Indoor,Roofing Components
506,19.25,pinewood,B,Indoor,Roofing Components
510,8.97,pinewood,B,Indoor,Roofing Components
782,9.98,jak,B,Semi,Structural Framing
353,6.74,pinewood,C,Indoor,Roofing Components
487,12.99,mahoganii,C,Semi,Door/window
600,15.77,pinewood,A,Indoor,Roofing Components
397,22.01,burutha,C,Semi,Structural Framing
500,13.91,lunumidella,A,Outdoor,Roofing Components
464,1.09,pinewood,B,Indoor,Roofing Components
1637,15.59,microo,B,Indoor,Structural Framing
1500,4.36,kempas,A,Semi,Door/window
408,3.82,burutha,C,Semi,Structural Framing
407,27.01,burutha,C,Semi,Structural Framing
1266,23.45,kempas,B,Semi,Door/window
1564,4.11,kubuk,B,Outdoor,Structural Framing
450,17.28,ginisapu,A,Indoor,Roofing Components
269,2.99,ginisapu,C,Indoor,Roofing Components
1219,11.19,thulan,B,Indoor,Door/window
850,27.5,jak,A,Semi,Door/window
339,28.03,mango,B,Indoor,Structural Framing
2000,20.43,kubuk,A,Outdoor,Structural Framing
692,6.61,teak,C,Semi,Structural Framing
325,23.91,burutha,C,Semi,Door/window
278,19.02,ginisapu,C,Indoor,Roofing Components
1197,8.01,kempas,B,Semi,Door/window
1159,5.29,thulan,B,Indoor,Door/window
972,14.96,kempas,B,Semi,Roofing Components
1145,10.0,microo,C,Indoor,Structural Framing
187,16.7,ginisapu,B,Indoor,Door/window
400,13.75,mango,A,Indoor,Structural Framing
200,5.63,mango,A,Indoor,Door/window
324,3.65,lunumidella,C,Indoor,Roofing Components
767,3.21,jak,B,Semi,Structural Framing
267,1.13,ginisapu,C,Indoor,Roofing Components
352,1.37,pinewood,C,Indoor,Roofing Components
450,12.42,ginisapu,A,Indoor,Roofing Components
1000,20.41,microo,A,Indoor,Door/window
2414,12.36,thulan,B,Indoor,Structural Framing
1252,26.07,kubuk,C,Outdoor,Structural Framing
750,9.6,mahoganii,A,Semi,Door/window
155,28.92,mango,B,Indoor,Door/window
358,15.59,burutha,C,Semi,Structural Framing
1055,20.71,kempas,B,Semi,Roofing Components
998,19.21,kempas,B,Semi,Roofing Components
299,2.13,lunumidella,C,Outdoor,Roofing Components
2800,11.38,kempas,A,Semi,Structural Framing
418,2.55,mahoganii,C,Semi,Door/window
277,24.62,lunumidella,C,Outdoor,Roofing Components
2639,7.95,thulan,B,Indoor,Structural Framing
833,28.84,mahoganii,B,Semi,Structural Framing
353,18.95,burutha,C,Semi,Structural Framing
3000,22.76,thulan,A,Indoor,Structural Framing
2800,22.84,kempas,A,Semi,Structural Framing
539,29.59,jak,C,Semi,Door/window
909,1.94,kempas,B,Semi,Roofing Components
600,12.92,pinewood,A,Indoor,Roofing Components
663,15.02,mahoganii,B,Semi,Door/window
157,23.44,mango,B,Indoor,Door/window
577,22.71,jak,C,Semi,Structural Framing
787,1.79,kempas,C,Semi,Roofing Components
600,21.31,pinewood,A,Indoor,Roofing Components
570,10.94,jak,C,Semi,Door/window
637,7.22,mahoganii,C,Semi,Structural Framing
1101,22.01,kubuk,C,Outdoor,Structural Framing
133,11.32,mango,C,Indoor,Door/window
400,10.55,mango,A,Indoor,Structural Framing
1000,12.93,jak,A,Semi,Structural Framing
1285,21.32,kubuk,C,Outdoor,Structural Framing
605,16.36,mahoganii,C,Semi,Structural Framing
958,3.84,kempas,C,Semi,Door/window
399,8.53,burutha,C,Semi,Structural Framing
1875,29.75,thulan,C,Indoor,Structural Framing
1000,2.39,jak,A,Semi,Structural Framing
600,8.86,pinewood,A,Indoor,Roofing Components
866,14.08,mahoganii,B,Semi,Structural Framing
353,1.69,ginisapu,B,Indoor,Roofing Components
444,7.69,lunumidella,B,Indoor,Roofing Components
1200,1.19,teak,A,Semi,Structural Framing
415,5.24,burutha,C,Semi,Structural Framing
500,29.35,lunumidella,A,Outdoor,Roofing Components
861,7.67,jak,B,Semi,Structural Framing
854,4.36,mahoganii,B,Semi,Structural Framing
861,15.38,thulan,C,Indoor,Door/window
450,16.73,ginisapu,A,Indoor,Roofing Components
600,27.27,pinewood,A,Indoor,Roofing Components
141,13.72,ginisapu,C,Indoor,Door/window
2174,8.71,kempas,B,Semi,Structural Framing
878,7.48,mahoganii,B,Semi,Structural Framing
351,18.36,ginisapu,B,Indoor,Roofing Components
1034,19.02,teak,B,Semi,Structural Framing
2800,25.35,kempas,A,Semi,Structural Framing
3000,6.48,thulan,A,Indoor,Structural Framing
316,3.08,burutha,C,Semi,Door/window
337,10.31,mango,B,Indoor,Structural Framing
2000,14.55,kubuk,A,Outdoor,Structural Framing
285,23.17,burutha,C,Semi,Door/window
603,27.85,microo,C,Indoor,Door/window
470,18.48,mahoganii,C,Semi,Door/window
750,9.16,mahoganii,A,Semi,Door/window
1500,24.11,thulan,A,Indoor,Door/window
500,21.16,lunumidella,A,Outdoor,Roofing Components
148,2.59,ginisapu,C,Indoor,Door/window
773,4.68,microo,B,Indoor,Door/window
2344,6.5,kempas,B,Semi,Structural Framing
553,21.71,microo,C,Indoor,Door/window
431,16.29,lunumidella,B,Indoor,Roofing Components
120,19.98,mango,C,Indoor,Door/window
362,13.07,ginisapu,B,Indoor,Roofing Components
1050,3.06,mahoganii,A,Semi,Structural Framing
878,1.21,thulan,C,Indoor,Door/window
600,11.52,burutha,A,Semi,Structural Framing
446,21.92,lunumidella,B,Outdoor,Roofing Components
377,14.22,burutha,B,Semi,Door/window
695,5.24,teak,C,Semi,Structural Framing
600,8.74,burutha,A,Semi,Structural Framing
1308,22.05,kempas,B,Semi,Door/window
385,25.27,burutha,C,Semi,Structural Framing
989,1.1,kempas,B,Semi,Roofing Components
750,15.94,mahoganii,A,Semi,Door/window
450,22.62,ginisapu,A,Indoor,Roofing Components
2000,17.5,microo,A,Indoor,Structural Framing
885,4.95,mahoganii,B,Semi,Structural Framing
1200,21.7,teak,A,Semi,Door/window
382,24.09,lunumidella,B,Outdoor,Roofing Components
750,19.38,mahoganii,A,Semi,Door/window
617,13.3,microo,C,Indoor,Door/window
385,27.75,ginisapu,B,Indoor,Roofing Components
489,25.13,pinewood,B,Indoor,Roofing Components
342,26.58,pinewood,C,Indoor,Roofing Components
377,21.41,burutha,B,Semi,Door/window
500,1.37,lunumidella,A,Semi,Roofing Components
411,17.98,pinewood,C,Indoor,Roofing Components
600,29.43,pinewood,A,Indoor,Roofing Components
600,15.92,burutha,A,Semi,Structural Framing
771,15.17,teak,C,Semi,Structural Framing
1332,2.54,thulan,B,Indoor,Door/window
582,25.92,mahoganii,B,Semi,Door/window
200,15.1,mango,A,Indoor,Door/window
145,13.84,ginisapu,C,Indoor,Door/window
1000,7.83,microo,A,Indoor,Door/window
564,1.74,mahoganii,B,Semi,Door/window
2000,16.89,microo,A,Indoor,Structural Framing
611,1.47,mahoganii,C,Semi,Structural Framing
948,18.85,thulan,C,Indoor,Door/window
600,23.35,burutha,A,Semi,Structural Framing
1702,4.22,thulan,C,Indoor,Structural Framing
393,2.65,lunumidella,B,Outdoor,Roofing Components
288,10.86,ginisapu,C,Indoor,Roofing Components
1078,16.25,kempas,B,Semi,Roofing Components
640,19.68,mahoganii,C,Semi,Structural Framing
363,11.05,pinewood,C,Indoor,Roofing Components
2800,3.59,kempas,A,Semi,Structural Framing
450,5.4,ginisapu,A,Indoor,Roofing Components
1336,12.37,kempas,B,Semi,Door/window
520,14.95,burutha,B,Semi,Structural Framing
384,10.12,lunumidella,B,Indoor,Roofing Components
508,23.0,pinewood,B,Indoor,Roofing Components
868,15.0,jak,B,Semi,Structural Framing
1000,4.16,microo,A,Indoor,Door/window
1200,27.08,kempas,A,Semi,Roofing Components
1200,16.17,kempas,A,Semi,Roofing Components
292,28.93,ginisapu,C,Indoor,Roofing Components
927,28.57,teak,B,Semi,Structural Framing
758,8.51,microo,B,Indoor,Door/window
1000,29.96,microo,A,Indoor,Door/window
1200,18.48,kempas,A,Semi,Roofing Components
1231,26.04,thulan,B,Indoor,Door/window
356,29.29,pinewood,C,Indoor,Roofing Components
600,1.84,burutha,A,Semi,Structural Framing
297,27.46,ginisapu,C,Indoor,Roofing Components
250,6.57,ginisapu,A,Indoor,Door/window
550,29.21,microo,C,Indoor,Door/window
179,13.32,mango,B,Indoor,Door/window
1171,3.46,microo,C,Indoor,Structural Framing
665,9.65,mahoganii,B,Semi,Door/window
123,10.82,mango,C,Indoor,Door/window
1625,3.08,kubuk,B,Outdoor,Structural Framing
167,20.95,mango,B,Indoor,Door/window
984,22.42,thulan,C,Indoor,Door/window
3000,4.52,thulan,A,Indoor,Structural Framing
355,20.85,mango,B,Indoor,Structural Framing
1280,7.69,microo,C,Indoor,Structural Framing
726,24.67,jak,B,Semi,Door/window
689,7.45,microo,C,Indoor,Door/window
1178,6.18,microo,C,Indoor,Structural Framing
521,9.2,pinewood,B,Indoor,Roofing Components
450,12.5,ginisapu,A,Indoor,Roofing Components
1000,13.33,jak,A,Semi,Structural Framing
676,17.03,teak,C,Semi,Door/window
715,25.99,jak,B,Semi,Door/window
1392,14.27,kubuk,C,Outdoor,Structural Framing
2172,16.95,kempas,B,Semi,Structural Framing
292,24.59,ginisapu,C,Indoor,Roofing Components
290,7.44,lunumidella,C,Indoor,Roofing Components
450,28.19,ginisapu,A,Indoor,Roofing Components
500,25.76,burutha,A,Semi,Door/window
343,29.07,lunumidella,C,Outdoor,Roofing Components
413,16.16,burutha,C,Semi,Structural Framing
750,16.03,mahoganii,A,Semi,Door/window
622,12.9,microo,C,Indoor,Door/window
221,19.88,ginisapu,B,Indoor,Door/window
1000,26.56,kempas,C,Semi,Door/window
132,17.64,mango,C,Indoor,Door/window
750,10.86,mahoganii,A,Semi,Door/window
456,19.25,pinewood,B,Indoor,Roofing Components
200,4.77,mango,A,Indoor,Door/window
1029,21.42,thulan,C,Indoor,Door/window
1933,22.79,kempas,C,Semi,Structural Framing
2000,26.69,kubuk,A,Outdoor,Structural Framing
717,9.45,kempas,C,Semi,Roofing Components
1590,9.07,microo,B,Indoor,Structural Framing
2000,19.69,microo,A,Indoor,Structural Framing
323,11.94,lunumidella,C,Outdoor,Roofing Components
133,11.02,mango,C,Indoor,Door/window
528,6.95,burutha,B,Semi,Structural Framing
200,10.32,mango,A,Indoor,Door/window
201,11.31,ginisapu,B,Indoor,Door/window
1500,10.41,kempas,A,Semi,Door/window
415,23.38,lunumidella,B,Outdoor,Roofing Components
1732,27.35,microo,B,Indoor,Structural Framing
419,21.89,lunumidella,B,Outdoor,Roofing Components
642,13.16,jak,B,Semi,Door/window
439,15.54,lunumidella,B,Semi,Roofing Components
421,12.66,burutha,B,Semi,Door/window
750,16.46,mahoganii,A,Semi,Door/window
500,27.41,burutha,A,Semi,Door/window
690,19.15,microo,C,Indoor,Door/window
401,25.47,lunumidella,B,Indoor,Roofing Components
983,17.25,thulan,C,Indoor,Door/window
200,27.69,ginisapu,B,Indoor,Door/window
1500,23.24,kempas,A,Semi,Door/window
474,8.35,burutha,B,Semi,Structural Framing
1500,2.82,kempas,A,Semi,Door/window
1200,4.29,teak,A,Semi,Door/window
792,15.31,kempas,C,Semi,Roofing Components
1200,20.41,kempas,A,Semi,Roofing Components
600,18.0,pinewood,A,Indoor,Roofing Components
1200,3.19,teak,A,Semi,Structural Framing
1200,7.58,teak,A,Semi,Structural Framing
600,7.02,pinewood,A,Indoor,Roofing Components
1525,3.86,microo,B,Indoor,Structural Framing
1369,26.25,kubuk,C,Outdoor,Structural Framing
392,1.26,ginisapu,B,Indoor,Roofing Components
3000,15.19,thulan,A,Indoor,Structural Framing
167,15.71,ginisapu,C,Indoor,Door/window
396,24.21,ginisapu,B,Indoor,Roofing Components
172,29.38,mango,B,Indoor,Door/window
500,28.99,lunumidella,A,Indoor,Roofing Components
2070,19.18,thulan,C,Indoor,Structural Framing
1200,15.43,teak,A,Semi,Door/window
404,29.6,ginisapu,B,Indoor,Roofing Components
394,10.12,ginisapu,B,Indoor,Roofing Components
996,11.53,kempas,B,Semi,Roofing Components
465,13.31,mahoganii,C,Semi,Door/window
2800,28.62,kempas,A,Semi,Structural Framing
3000,23.15,thulan,A,Indoor,Structural Framing
337,11.84,burutha,C,Semi,Structural Framing
2000,5.92,microo,A,Indoor,Structural Framing
210,26.01,ginisapu,B,Indoor,Door/window
250,21.17,ginisapu,A,Indoor,Door/window
1224,24.51,kempas,B,Semi,Door/window
292,22.26,burutha,C,Semi,Door/window
200,13.42,mango,A,Indoor,Door/window
600,26.86,pinewood,A,Indoor,Roofing Components
344,22.22,ginisapu,B,Indoor,Roofing Components
207,19.18,ginisapu,B,Indoor,Door/window
378,12.69,pinewood,C,Indoor,Roofing Components
1167,22.06,thulan,B,Indoor,Door/window
1553,19.27,microo,B,Indoor,Structural Framing
1076,25.72,teak,B,Semi,Structural Framing
291,13.06,lunumidella,C,Indoor,Roofing Components
1215,5.29,microo,C,Indoor,Structural Framing
1050,12.81,mahoganii,A,Semi,Structural Framing
395,4.12,lunumidella,B,Semi,Roofing Components
377,25.62,ginisapu,B,Indoor,Roofing Components
600,19.26,pinewood,A,Indoor,Roofing Components
858,26.89,mahoganii,B,Semi,Structural Framing
750,7.03,mahoganii,A,Semi,Door/window
827,5.42,teak,C,Semi,Door/window
600,7.53,burutha,A,Semi,Structural Framing
500,5.34,burutha,A,Semi,Door/window
1500,19.29,kempas,A,Semi,Door/window
896,3.56,thulan,C,Indoor,Door/window
1000,8.18,jak,A,Semi,Structural Framing
1500,23.69,thulan,A,Indoor,Door/window
701,6.61,mahoganii,C,Semi,Structural Framing
753,28.92,kempas,C,Semi,Roofing Components
500,8.44,lunumidella,A,Outdoor,Roofing Components
1040,15.34,kempas,B,Semi,Roofing Components
418,6.15,pinewood,C,Indoor,Roofing Components
1300,2.25,kempas,B,Semi,Door/window
352,21.62,burutha,C,Semi,Structural Framing
996,25.78,teak,B,Semi,Door/window
814,14.96,jak,B,Semi,Structural Framing
1050,25.49,mahoganii,A,Semi,Structural Framing
327,23.2,mango,B,Indoor,Structural Framing
271,11.62,ginisapu,C,Indoor,Roofing Components
524,21.32,jak,C,Semi,Door/window
167,13.9,ginisapu,C,Indoor,Door/window
295,18.12,lunumidella,C,Outdoor,Roofing Components
248,19.03,ginisapu,C,Indoor,Roofing Components
2000,23.18,kubuk,A,Outdoor,Structural Framing
1258,26.48,thulan,B,Indoor,Door/window
662,15.43,teak,C,Semi,Structural Framing
500,3.12,lunumidella,A,Outdoor,Roofing Components
693,16.77,teak,C,Semi,Door/window
609,22.31,jak,C,Semi,Structural Framing
1128,28.89,thulan,B,Indoor,Door/window
612,8.79,microo,C,Indoor,Door/window
427,20.05,lunumidella,B,Semi,Roofing Components
500,10.45,lunumidella,A,Indoor,Roofing Components
633,19.29,jak,C,Semi,Structural Framing
2448,11.49,kempas,B,Semi,Structural Framing
348,20.35,pinewood,C,Indoor,Roofing Components
1640,12.64,kubuk,B,Outdoor,Structural Framing
415,26.93,burutha,C,Semi,Structural Framing
703,4.96,jak,B,Semi,Door/window
696,10.48,kempas,C,Semi,Roofing Components
600,15.85,pinewood,A,Indoor,Roofing Components
377,15.88,burutha,B,Semi,Door/window
860,21.44,mahoganii,B,Semi,Structural Framing
332,29.89,pinewood,C,Indoor,Roofing Components
898,27.82,jak,B,Semi,Structural Framing
689,8.89,teak,C,Semi,Door/window
362,26.06,ginisapu,B,Indoor,Roofing Components
1650,27.48,thulan,C,Indoor,Structural Framing
1943,26.02,thulan,C,Indoor,Structural Framing
2000,1.35,kubuk,A,Outdoor,Structural Framing
250,6.19,ginisapu,A,Indoor,Door/window
377,6.78,lunumidella,B,Outdoor,Roofing Components
792,8.88,teak,C,Semi,Door/window
276,28.0,mango,C,Indoor,Structural Framing
206,10.6,ginisapu,B,Indoor,Door/window
155,3.0,ginisapu,C,Indoor,Door/window
500,3.05,burutha,A,Semi,Door/window
171,6.39,mango,B,Indoor,Door/window
463,6.04,pinewood,B,Indoor,Roofing Components
1200,17.73,kempas,A,Semi,Roofing Components
1200,28.7,kempas,A,Semi,Roofing Components
687,22.17,jak,C,Semi,Structural Framing
1130,18.7,microo,C,Indoor,Structural Framing
379,20.4,lunumidella,B,Semi,Roofing Components
379,4.27,lunumidella,B,Semi,Roofing Components
1545,11.22,kubuk,B,Outdoor,Structural Framing
1358,5.45,microo,C,Indoor,Structural Framing
403,23.14,pinewood,C,Indoor,Roofing Components
341,9.69,pinewood,C,Indoor,Roofing Components
483,17.25,jak,C,Semi,Door/window
1000,26.53,jak,A,Semi,Structural Framing
400,19.7,mango,A,Indoor,Structural Framing
367,29.04,pinewood,C,Indoor,Roofing Components
867,10.71,jak,B,Semi,Structural Framing
2000,4.39,microo,A,Indoor,Structural Framing
304,15.81,ginisapu,C,Indoor,Roofing Components
732,26.84,kempas,C,Semi,Roofing Components
426,15.28,lunumidella,B,Semi,Roofing Components
827,14.28,jak,B,Semi,Structural Framing
1050,4.3,mahoganii,A,Semi,Structural Framing
1050,7.14,mahoganii,A,Semi,Structural Framing
1786,11.53,microo,B,Indoor,Structural Framing
450,22.45,ginisapu,A,Indoor,Roofing Components
1162,26.54,microo,C,Indoor,Structural Framing
499,16.26,pinewood,B,Indoor,Roofing Components
850,14.93,jak,A,Semi,Door/window
2192,17.2,kempas,B,Semi,Structural Framing
438,24.73,lunumidella,B,Semi,Roofing Components
600,4.71,pinewood,A,Indoor,Roofing Components
600,15.86,pinewood,A,Indoor,Roofing Components
1200,24.44,kempas,A,Semi,Roofing Components
378,11.03,lunumidella,B,Outdoor,Roofing Components
830,26.7,kempas,C,Semi,Roofing Components
636,10.9,jak,C,Semi,Structural Framing
977,3.81,kempas,B,Semi,Roofing Components
1000,27.63,jak,A,Semi,Structural Framing
600,19.27,burutha,A,Semi,Structural Framing
372,25.54,pinewood,C,Indoor,Roofing Components
162,4.0,mango,B,Indoor,Door/window
261,4.31,ginisapu,C,Indoor,Roofing Components
204,2.62,ginisapu,B,Indoor,Door/window
1547,1.52,microo,B,Indoor,Structural Framing
487,29.15,pinewood,B,Indoor,Roofing Components
1033,24.1,kempas,C,Semi,Door/window
357,29.01,mango,B,Indoor,Structural Framing
1750,15.91,kubuk,B,Outdoor,Structural Framing
1200,12.9,kempas,A,Semi,Roofing Components
407,14.11,burutha,B,Semi,Door/window
500,29.43,lunumidella,A,Semi,Roofing Components
280,23.53,ginisapu,C,Indoor,Roofing Components
498,9.3,pinewood,B,Indoor,Roofing Components
1500,20.87,thulan,A,Indoor,Door/window
1392,14.39,kubuk,C,Outdoor,Structural Framing
515,19.33,pinewood,B,Indoor,Roofing Components
250,29.14,ginisapu,A,Indoor,Door/window
285,20.79,burutha,C,Semi,Door/window
317,22.16,mango,B,Indoor,Structural Framing
625,28.76,mahoganii,C,Semi,Structural Framing
458,28.74,burutha,B,Semi,Structural Framing
1050,11.4,mahoganii,A,Semi,Structural Framing
135,26.75,mango,C,Indoor,Door/window
450,24.05,ginisapu,A,Indoor,Roofing Components
932,9.87,thulan,C,Indoor,Door/window
176,29.18,mango,B,Indoor,Door/window
687,11.91,microo,C,Indoor,Door/window
577,29.0,microo,C,Indoor,Door/window
519,27.51,pinewood,B,Indoor,Roofing Components
697,20.82,mahoganii,C,Semi,Structural Framing
948,21.71,teak,B,Semi,Structural Framing
600,26.31,pinewood,A,Indoor,Roofing Components
600,26.28,pinewood,A,Indoor,Roofing Components
1200,29.57,kempas,A,Semi,Roofing Components
1644,8.88,kempas,C,Semi,Structural Framing
1248,28.55,kempas,B,Semi,Door/window
869,18.6,mahoganii,B,Semi,Structural Framing
763,13.72,teak,C,Semi,Door/window
294,25.38,lunumidella,C,Semi,Roofing Components
636,16.88,jak,C,Semi,Structural Framing
298,7.14,lunumidella,C,Outdoor,Roofing Components
426,6.84,lunumidella,B,Outdoor,Roofing Components
1331,16.11,kempas,B,Semi,Door/window
320,10.53,mango,B,Indoor,Structural Framing
450,15.27,ginisapu,A,Indoor,Roofing Components
500,2.31,lunumidella,A,Indoor,Roofing Components
200,5.94,mango,A,Indoor,Door/window
1009,5.9,teak,B,Semi,Structural Framing
600,13.51,pinewood,A,Indoor,Roofing Components
2800,20.16,kempas,A,Semi,Structural Framing
450,2.79,ginisapu,A,Indoor,Roofing Components
338,26.47,ginisapu,B,Indoor,Roofing Components
1200,18.88,kempas,A,Semi,Roofing Components
200,26.7,mango,A,Indoor,Door/window
850,19.02,jak,A,Semi,Door/window
249,21.94,mango,C,Indoor,Structural Framing
433,6.97,lunumidella,B,Semi,Roofing Components
1015,23.8,kempas,B,Semi,Roofing Components
850,17.39,jak,A,Semi,Door/window
764,20.45,jak,B,Semi,Door/window
2000,16.72,microo,A,Indoor,Structural Framing
500,15.64,lunumidella,A,Semi,Roofing Components
502,1.65,mahoganii,C,Semi,Door/window
1200,26.08,teak,A,Semi,Door/window
402,21.07,burutha,C,Semi,Structural Framing
974,26.14,thulan,C,Indoor,Door/window
561,8.44,jak,C,Semi,Door/window
178,5.5,mango,B,Indoor,Door/window
2581,4.47,thulan,B,Indoor,Structural Framing
361,11.28,ginisapu,B,Indoor,Roofing Components
1240,12.39,kubuk,C,Outdoor,Structural Framing
600,27.79,burutha,A,Semi,Structural Framing
1019,27.94,kempas,B,Semi,Roofing Components
291,26.91,lunumidella,C,Outdoor,Roofing Components
318,28.94,lunumidella,C,Outdoor,Roofing Components
3000,11.49,thulan,A,Indoor,Structural Framing
2000,15.5,kubuk,A,Outdoor,Structural Framing
322,5.18,lunumidella,C,Outdoor,Roofing Components
677,26.68,kempas,C,Semi,Roofing Components
530,1.39,burutha,B,Semi,Structural Framing
267,21.19,ginisapu,C,Indoor,Roofing Components
699,19.43,teak,C,Semi,Structural Framing
277,24.76,lunumidella,C,Indoor,Roofing Components
600,28.44,burutha,A,Semi,Structural Framing
381,7.62,lunumidella,B,Outdoor,Roofing Components
883,26.25,jak,B,Semi,Structural Framing
218,21.18,ginisapu,B,Indoor,Door/window
810,15.4,kempas,C,Semi,Roofing Components
775,5.56,kempas,C,Semi,Roofing Components
413,29.34,pinewood,C,Indoor,Roofing Components
850,19.63,jak,A,Semi,Door/window
1278,6.86,thulan,B,Indoor,Door/window
2800,9.55,kempas,A,Semi,Structural Framing
345,23.72,pinewood,C,Indoor,Roofing Components
365,5.89,burutha,C,Semi,Structural Framing
1174,16.72,kubuk,C,Outdoor,Structural Framing
1500,15.83,kempas,A,Semi,Door/window
1200,20.19,teak,A,Semi,Structural Framing
1970,8.11,thulan,C,Indoor,Structural Framing
316,6.35,lunumidella,C,Indoor,Roofing Components
268,14.08,ginisapu,C,Indoor,Roofing Components
563,16.32,mahoganii,B,Semi,Door/window
600,22.81,pinewood,A,Indoor,Roofing Components
600,25.2,burutha,A,Semi,Structural Framing
348,21.83,ginisapu,B,Indoor,Roofing Components
2586,25.91,thulan,B,Indoor,Structural Framing
1739,11.94,kubuk,B,Outdoor,Structural Framing
1200,21.8,teak,A,Semi,Door/window
984,1.78,kempas,B,Semi,Roofing Components
1275,27.74,kubuk,C,Outdoor,Structural Framing
2800,7.36,kempas,A,Semi,Structural Framing
1349,28.59,kempas,B,Semi,Door/window
250,11.84,ginisapu,A,Indoor,Door/window
2598,27.6,thulan,B,Indoor,Structural Framing
609,2.04,jak,C,Semi,Structural Framing
1200,20.55,teak,A,Semi,Structural Framing
743,18.55,kempas,C,Semi,Roofing Components
672,2.59,jak,B,Semi,Door/window
1500,21.82,kempas,A,Semi,Door/window
1616,13.84,kubuk,B,Outdoor,Structural Framing
1688,25.01,kempas,C,Semi,Structural Framing
354,6.58,mango,B,Indoor,Structural Framing
1049,3.01,teak,B,Semi,Door/window
1280,4.87,thulan,B,Indoor,Door/window
500,9.16,burutha,A,Semi,Door/window
849,9.43,thulan,C,Indoor,Door/window
954,8.64,kempas,B,Semi,Roofing Components
1200,12.26,teak,A,Semi,Door/window
321,22.8,lunumidella,C,Semi,Roofing Components
513,22.01,mahoganii,C,Semi,Door/window
1345,8.7,kempas,B,Semi,Door/window
735,7.2,kempas,C,Semi,Roofing Components
600,5.5,pinewood,A,Indoor,Roofing Components
384,20.38,lunumidella,B,Semi,Roofing Components
395,2.41,burutha,B,Semi,Door/window
2000,23.72,microo,A,Indoor,Structural Framing
2000,22.25,microo,A,Indoor,Structural Framing
381,15.95,pinewood,C,Indoor,Roofing Components
1721,2.46,microo,B,Indoor,Structural Framing
250,26.85,ginisapu,A,Indoor,Door/window
222,28.32,ginisapu,B,Indoor,Door/window
378,15.53,ginisapu,B,Indoor,Roofing Components
904,21.09,kempas,B,Semi,Roofing Components
699,11.39,microo,C,Indoor,Door/window
976,7.75,kempas,C,Semi,Door/window
923,10.87,mahoganii,B,Semi,Structural Framing
2800,29.03,kempas,A,Semi,Structural Framing
1281,21.98,microo,C,Indoor,Structural Framing
370,15.48,ginisapu,B,Indoor,Roofing Components
454,3.69,pinewood,B,Indoor,Roofing Components
334,2.93,lunumidella,C,Semi,Roofing Components
1500,16.58,kempas,A,Semi,Door/window
853,22.04,jak,B,Semi,Structural Framing
2800,22.85,kempas,A,Semi,Structural Framing
1893,16.26,kempas,C,Semi,Structural Framing
753,11.48,teak,C,Semi,Door/window
1228,8.65,microo,C,Indoor,Structural Framing
779,2.0,microo,B,Indoor,Door/window
695,15.92,teak,C,Semi,Door/window
600,6.14,pinewood,A,Indoor,Roofing Components
340,28.32,lunumidella,C,Semi,Roofing Components
1682,9.12,kubuk,B,Outdoor,Structural Framing
2800,7.57,kempas,A,Semi,Structural Framing
348,21.29,ginisapu,B,Indoor,Roofing Components
314,27.93,ginisapu,C,Indoor,Roofing Components
250,15.35,ginisapu,A,Indoor,Door/window
417,7.02,burutha,C,Semi,Structural Framing
307,5.37,mango,B,Indoor,Structural Framing
2168,27.47,kempas,B,Semi,Structural Framing
450,9.44,ginisapu,A,Indoor,Roofing Components
2800,9.16,kempas,A,Semi,Structural Framing
668,22.81,teak,C,Semi,Structural Framing
506,22.57,pinewood,B,Indoor,Roofing Components
271,20.45,ginisapu,C,Indoor,Roofing Components
240,6.46,mango,C,Indoor,Structural Framing
1000,14.99,jak,A,Semi,Structural Framing
1192,14.26,kempas,B,Semi,Door/window
567,28.01,mahoganii,B,Semi,Door/window
1200,22.85,teak,A,Semi,Structural Framing
1050,11.72,mahoganii,A,Semi,Structural Framing
443,24.84,lunumidella,B,Outdoor,Roofing Components
2800,15.6,kempas,A,Semi,Structural Framing
2000,4.99,kubuk,A,Outdoor,Structural Framing
307,20.92,lunumidella,C,Semi,Roofing Components
1064,28.0,teak,B,Semi,Structural Framing
400,8.99,mango,A,Indoor,Structural Framing
678,6.12,mahoganii,C,Semi,Structural Framing
423,8.93,lunumidella,B,Semi,Roofing Components
1322,5.11,kubuk,C,Outdoor,Structural Framing
362,15.4,burutha,C,Semi,Structural Framing
333,20.73,burutha,C,Semi,Structural Framing
910,14.33,kempas,B,Semi,Roofing Components
1705,8.75,kubuk,B,Outdoor,Structural Framing
600,27.84,burutha,A,Semi,Structural Framing
609,17.24,mahoganii,C,Semi,Structural Framing
584,2.55,mahoganii,B,Semi,Door/window
512,21.28,pinewood,B,Indoor,Roofing Components
3000,29.64,thulan,A,Indoor,Structural Framing
259,29.69,mango,C,Indoor,Structural Framing
2000,7.47,microo,A,Indoor,Structural Framing
449,11.96,lunumidella,B,Semi,Roofing Components
465,4.19,mahoganii,C,Semi,Door/window
380,11.6,pinewood,C,Indoor,Roofing Components
450,14.89,ginisapu,A,Indoor,Roofing Components
400,29.72,mango,A,Indoor,Structural Framing
925,24.55,kempas,B,Semi,Roofing Components
673,27.43,jak,B,Semi,Door/window
600,29.78,pinewood,A,Indoor,Roofing Components
1200,4.36,kempas,A,Semi,Roofing Components
394,23.59,pinewood,C,Indoor,Roofing Components
850,7.11,jak,A,Semi,Door/window
389,5.42,lunumidella,B,Indoor,Roofing Components
383,8.0,lunumidella,B,Indoor,Roofing Components
930,5.46,kempas,C,Semi,Door/window
414,16.96,pinewood,C,Indoor,Roofing Components
992,20.61,thulan,C,Indoor,Door/window
388,21.25,ginisapu,B,Indoor,Roofing Components
908,20.42,kempas,B,Semi,Roofing Components
2800,15.7,kempas,A,Semi,Structural Framing
805,8.2,kempas,C,Semi,Roofing Components
371,11.02,ginisapu,B,Indoor,Roofing Components
1000,26.29,microo,A,Indoor,Door/window
1173,9.67,microo,C,Indoor,Structural Framing
303,17.01,ginisapu,C,Indoor,Roofing Components
2000,23.17,kubuk,A,Outdoor,Structural Framing
2463,4.5,kempas,B,Semi,Structural Framing
738,2.75,jak,B,Semi,Door/window
2234,5.59,kempas,B,Semi,Structural Framing
209,1.55,ginisapu,B,Indoor,Door/window
822,26.85,kempas,C,Semi,Roofing Components
942,10.74,mahoganii,B,Semi,Structural Framing
500,10.29,burutha,A,Semi,Door/window
413,4.41,burutha,B,Semi,Door/window
1200,16.62,teak,A,Semi,Door/window
869,7.17,kempas,C,Semi,Door/window
891,1.58,mahoganii,B,Semi,Structural Framing
856,22.36,mahoganii,B,Semi,Structural Framing
518,2.81,pinewood,B,Indoor,Roofing Components
314,27.84,ginisapu,C,Indoor,Roofing Components
2800,11.43,kempas,A,Semi,Structural Framing
1545,1.09,kubuk,B,Outdoor,Structural Framing
703,16.77,mahoganii,C,Semi,Structural Framing
347,6.63,ginisapu,B,Indoor,Roofing Components
1549,4.44,microo,B,Indoor,Structural Framing
390,26.17,lunumidella,B,Indoor,Roofing Components
295,3.34,burutha,C,Semi,Door/window
600,20.68,pinewood,A,Indoor,Roofing Components
250,16.59,ginisapu,A,Indoor,Door/window
145,22.88,ginisapu,C,Indoor,Door/window
885,4.01,jak,B,Semi,Structural Framing
257,1.57,ginisapu,C,Indoor,Roofing Components
318,24.47,mango,B,Indoor,Structural Framing
934,25.45,mahoganii,B,Semi,Structural Framing
600,29.97,pinewood,A,Indoor,Roofing Components
2000,10.08,microo,A,Indoor,Structural Framing
978,18.14,teak,B,Semi,Door/window
600,20.25,burutha,A,Semi,Structural Framing
1603,28.91,microo,B,Indoor,Structural Framing
500,11.54,lunumidella,A,Outdoor,Roofing Components
1200,21.23,kempas,A,Semi,Roofing Components
393,3.33,pinewood,C,Indoor,Roofing Components
550,10.45,jak,C,Semi,Door/window
1200,23.92,teak,A,Semi,Door/window
738,19.15,teak,C,Semi,Structural Framing
563,25.0,jak,C,Semi,Structural Framing
1669,18.91,kubuk,B,Outdoor,Structural Framing
1041,16.27,thulan,C,Indoor,Door/window
635,21.56,mahoganii,B,Semi,Door/window
1500,29.3,kempas,A,Semi,Door/window
450,8.99,ginisapu,A,Indoor,Roofing Components
879,1.84,kempas,C,Semi,Door/window
703,6.54,teak,C,Semi,Door/window
450,25.18,ginisapu,A,Indoor,Roofing Components
920,11.91,kempas,B,Semi,Roofing Components
267,29.12,ginisapu,C,Indoor,Roofing Components
164,7.13,mango,B,Indoor,Door/window
390,3.75,lunumidella,B,Indoor,Roofing Components
351,6.96,pinewood,C,Indoor,Roofing Components
1200,13.9,kempas,A,Semi,Roofing Components
642,24.37,mahoganii,C,Semi,Structural Framing
1831,20.81,thulan,C,Indoor,Structural Framing
250,15.21,ginisapu,A,Indoor,Door/window
750,27.26,mahoganii,A,Semi,Door/window
1200,5.3,kempas,A,Semi,Roofing Components
600,12.18,pinewood,A,Indoor,Roofing Components
649,25.9,microo,C,Indoor,Door/window
400,6.31,lunumidella,B,Semi,Roofing Components
600,22.71,pinewood,A,Indoor,Roofing Components
500,9.66,lunumidella,A,Outdoor,Roofing Components
622,10.9,jak,C,Semi,Structural Framing
1500,16.51,kempas,A,Semi,Door/window
250,6.67,ginisapu,A,Indoor,Door/window
1005,29.14,kempas,C,Semi,Door/window
2000,11.33,microo,A,Indoor,Structural Framing
620,13.86,mahoganii,C,Semi,Structural Framing
1500,27.74,thulan,A,Indoor,Door/window
1200,11.37,teak,A,Semi,Structural Framing
435,4.94,lunumidella,B,Outdoor,Roofing Components
669,28.29,jak,C,Semi,Structural Framing
1348,6.7,thulan,B,Indoor,Door/window
922,25.57,teak,B,Semi,Door/window
1666,11.6,microo,B,Indoor,Structural Framing
450,19.02,ginisapu,A,Indoor,Roofing Components
206,27.82,ginisapu,B,Indoor,Door/window
927,13.3,mahoganii,B,Semi,Structural Framing
1128,8.31,kubuk,C,Outdoor,Structural Framing
452,27.71,mahoganii,C,Semi,Door/window
366,10.15,pinewood,C,Indoor,Roofing Components
284,25.78,ginisapu,C,Indoor,Roofing Components
489,9.26,pinewood,B,Indoor,Roofing Components
155,11.21,ginisapu,C,Indoor,Door/window
1000,16.48,microo,A,Indoor,Door/window
450,13.44,ginisapu,A,Indoor,Roofing Components
1000,9.7,microo,A,Indoor,Door/window
605,14.37,mahoganii,C,Semi,Structural Framing
661,16.48,mahoganii,B,Semi,Door/window
500,27.46,lunumidella,A,Indoor,Roofing Components
2800,7.25,kempas,A,Semi,Structural Framing
1128,12.18,microo,C,Indoor,Structural Framing
283,28.37,lunumidella,C,Semi,Roofing Components
454,14.31,mahoganii,C,Semi,Door/window
112,26.53,mango,C,Indoor,Door/window
591,17.68,jak,C,Semi,Structural Framing
318,15.79,lunumidella,C,Semi,Roofing Components
989,4.24,teak,B,Semi,Door/window
1050,7.38,mahoganii,A,Semi,Structural Framing
272,20.64,mango,C,Indoor,Structural Framing
196,20.34,ginisapu,B,Indoor,Door/window
850,7.94,jak,A,Semi,Door/window
2499,28.84,thulan,B,Indoor,Structural Framing
426,14.53,lunumidella,B,Indoor,Roofing Components
121,1.5,mango,C,Indoor,Door/window
1545,15.38,microo,B,Indoor,Structural Framing
1500,27.68,thulan,A,Indoor,Door/window
2446,29.55,thulan,B,Indoor,Structural Framing
500,19.6,burutha,A,Semi,Door/window
500,13.69,lunumidella,A,Outdoor,Roofing Components
1000,18.28,jak,A,Semi,Structural Framing
1274,8.81,thulan,B,Indoor,Door/window
330,18.58,lunumidella,C,Outdoor,Roofing Components
1200,26.67,kempas,A,Semi,Roofing Components
1200,3.82,teak,A,Semi,Door/window
500,24.45,lunumidella,A,Outdoor,Roofing Components
1137,25.98,thulan,B,Indoor,Door/window
500,21.03,lunumidella,A,Semi,Roofing Components
422,29.9,burutha,B,Semi,Door/window
500,3.02,lunumidella,A,Outdoor,Roofing Components
1239,19.15,kubuk,C,Outdoor,Structural Framing
684,23.03,jak,B,Semi,Door/window
400,6.38,mango,A,Indoor,Structural Framing
416,22.42,pinewood,C,Indoor,Roofing Components
500,18.26,lunumidella,A,Semi,Roofing Components
508,6.43,mahoganii,C,Semi,Door/window
258,8.62,mango,C,Indoor,Structural Framing
589,13.03,mahoganii,B,Semi,Door/window
200,12.76,mango,A,Indoor,Door/window
1772,11.12,microo,B,Indoor,Structural Framing
379,9.03,pinewood,C,Indoor,Roofing Components
266,13.13,ginisapu,C,Indoor,Roofing Components
494,12.78,mahoganii,C,Semi,Door/window
2428,13.64,kempas,B,Semi,Structural Framing
407,1.0,lunumidella,B,Semi,Roofing Components
824,22.79,mahoganii,B,Semi,Structural Framing
868,3.72,jak,B,Semi,Structural Framing
258,1.06,ginisapu,C,Indoor,Roofing Components
2000,26.41,kubuk,A,Outdoor,Structural Framing
500,26.82,lunumidella,A,Semi,Roofing Components
1500,21.45,kempas,A,Semi,Door/window
941,21.35,teak,B,Semi,Structural Framing
780,17.91,kempas,C,Semi,Roofing Components
450,21.02,ginisapu,A,Indoor,Roofing Components
1050,27.15,mahoganii,A,Semi,Structural Framing
480,25.35,burutha,B,Semi,Structural Framing
405,4.61,pinewood,C,Indoor,Roofing Components
164,17.66,ginisapu,C,Indoor,Door/window
1520,27.8,kubuk,B,Outdoor,Structural Framing
450,25.21,ginisapu,A,Indoor,Roofing Components
1500,20.94,kempas,A,Semi,Door/window
600,19.31,burutha,A,Semi,Structural Framing
850,17.66,jak,A,Semi,Door/window
972,28.44,teak,B,Semi,Structural Framing
457,16.06,burutha,B,Semi,Structural Framing
977,16.53,kempas,B,Semi,Roofing Components
418,10.8,burutha,B,Semi,Door/window
1200,25.31,kempas,A,Semi,Roofing Components
2000,9.78,kubuk,A,Outdoor,Structural Framing
1734,11.55,microo,B,Indoor,Structural Framing
500,9.44,lunumidella,A,Outdoor,Roofing Components
349,29.94,mango,B,Indoor,Structural Framing
1692,11.95,microo,B,Indoor,Structural Framing
1671,24.21,microo,B,Indoor,Structural Framing
130,21.15,mango,C,Indoor,Door/window
950,7.36,teak,B,Semi,Door/window
402,3.07,pinewood,C,Indoor,Roofing Components
750,13.4,mahoganii,A,Semi,Door/window
836,15.69,teak,C,Semi,Structural Framing
913,8.35,teak,B,Semi,Door/window
966,22.03,teak,B,Semi,Door/window
1200,6.36,kempas,A,Semi,Roofing Components
933,16.28,kempas,B,Semi,Roofing Components
2263,3.89,kempas,B,Semi,Structural Framing
439,22.38,lunumidella,B,Outdoor,Roofing Components
250,24.86,ginisapu,A,Indoor,Door/window
3000,12.97,thulan,A,Indoor,Structural Framing
1500,12.16,thulan,A,Indoor,Door/window
1500,1.79,kempas,A,Semi,Door/window
294,12.84,ginisapu,C,Indoor,Roofing Components
775,13.19,microo,B,Indoor,Door/window
266,12.7,mango,C,Indoor,Structural Framing
1000,20.39,jak,A,Semi,Structural Framing
1305,18.19,kubuk,C,Outdoor,Structural Framing
1896,5.33,kempas,C,Semi,Structural Framing
1200,13.59,teak,A,Semi,Door/window
704,25.78,kempas,C,Semi,Roofing Components
693,24.91,kempas,C,Semi,Roofing Components
775,2.38,jak,B,Semi,Structural Framing
500,9.27,lunumidella,A,Semi,Roofing Components
850,28.44,jak,A,Semi,Door/window
945,14.3,kempas,C,Semi,Door/window
572,9.84,microo,C,Indoor,Door/window
1632,10.72,kubuk,B,Outdoor,Structural Framing
1177,23.94,kempas,B,Semi,Door/window
2266,15.09,thulan,B,Indoor,Structural Framing
801,7.78,microo,B,Indoor,Door/window
3000,22.94,thulan,A,Indoor,Structural Framing
499,5.3,pinewood,B,Indoor,Roofing Components
200,6.88,mango,A,Indoor,Door/window
384,26.01,lunumidella,B,Semi,Roofing Components
1918,14.21,thulan,C,Indoor,Structural Framing
420,28.4,lunumidella,B,Outdoor,Roofing Components
336,15.66,pinewood,C,Indoor,Roofing Components
1200,7.03,teak,A,Semi,Structural Framing
208,4.32,ginisapu,B,Indoor,Door/window
693,2.05,jak,B,Semi,Door/window
499,21.14,jak,C,Semi,Door/window
1161,14.93,kubuk,C,Outdoor,Structural Framing
1235,27.01,kubuk,C,Outdoor,Structural Framing
744,16.92,teak,C,Semi,Door/window
656,16.52,mahoganii,C,Semi,Structural Framing
1281,13.52,kempas,B,Semi,Door/window
450,18.62,ginisapu,A,Indoor,Roofing Components
1500,22.91,kempas,A,Semi,Door/window
250,6.77,ginisapu,A,Indoor,Door/window
189,5.63,ginisapu,B,Indoor,Door/window
1134,25.77,thulan,B,Indoor,Door/window
1200,20.71,teak,A,Semi,Door/window
1050,8.16,kempas,B,Semi,Roofing Components
600,19.33,pinewood,A,Indoor,Roofing Components
1181,27.74,microo,C,Indoor,Structural Framing
416,3.56,pinewood,C,Indoor,Roofing Components
671,13.11,kempas,C,Semi,Roofing Components
250,18.17,ginisapu,A,Indoor,Door/window
500,29.47,lunumidella,A,Indoor,Roofing Components
3000,4.69,thulan,A,Indoor,Structural Framing
563,19.54,mahoganii,B,Semi,Door/window
1575,8.97,kempas,C,Semi,Structural Framing
828,2.45,thulan,C,Indoor,Door/window
1200,10.88,teak,A,Semi,Structural Framing
489,6.13,burutha,B,Semi,Structural Framing
278,19.22,lunumidella,C,Indoor,Roofing Components
2064,2.84,thulan,C,Indoor,Structural Framing
129,8.07,mango,C,Indoor,Door/window
297,5.13,lunumidella,C,Semi,Roofing Components
502,28.43,mahoganii,C,Semi,Door/window
424,3.33,lunumidella,B,Indoor,Roofing Components
600,21.72,pinewood,A,Indoor,Roofing Components
382,11.21,pinewood,C,Indoor,Roofing Components
850,22.84,jak,A,Semi,Door/window
382,26.48,pinewood,C,Indoor,Roofing Components
1678,18.67,kempas,C,Semi,Structural Framing
464,21.13,mahoganii,C,Semi,Door/window
1020,2.44,thulan,C,Indoor,Door/window
1000,13.72,microo,A,Indoor,Door/window
911,2.9,kempas,C,Semi,Door/window
2000,10.72,kubuk,A,Outdoor,Structural Framing
467,27.6,burutha,B,Semi,Structural Framing
311,8.51,burutha,C,Semi,Door/window
2307,9.5,thulan,B,Indoor,Structural Framing
600,4.2,pinewood,A,Indoor,Roofing Components
912,7.34,kempas,B,Semi,Roofing Components
500,28.22,lunumidella,A,Indoor,Roofing Components
600,29.17,pinewood,A,Indoor,Roofing Components
524,13.93,burutha,B,Semi,Structural Framing
2432,8.78,thulan,B,Indoor,Structural Framing
600,23.01,pinewood,A,Indoor,Roofing Components
1500,8.96,thulan,A,Indoor,Door/window
343,27.24,ginisapu,B,Indoor,Roofing Components
505,14.25,burutha,B,Semi,Structural Framing
382,21.11,lunumidella,B,Indoor,Roofing Components
126,2.91,mango,C,Indoor,Door/window
399,1.91,pinewood,C,Indoor,Roofing Components
150,19.9,mango,B,Indoor,Door/window
1614,17.2,kempas,C,Semi,Structural Framing
1200,12.73,teak,A,Semi,Door/window
1056,7.28,teak,B,Semi,Door/window
1281,22.66,kempas,B,Semi,Door/window
1225,24.11,kubuk,C,Outdoor,Structural Framing
1383,19.58,kubuk,C,Outdoor,Structural Framing
327,5.27,mango,B,Indoor,Structural Framing
303,23.68,lunumidella,C,Indoor,Roofing Components
301,8.16,burutha,C,Semi,Door/window
600,22.32,pinewood,A,Indoor,Roofing Components
1200,11.63,teak,A,Semi,Door/window
295,3.06,ginisapu,C,Indoor,Roofing Components
1283,26.66,kubuk,C,Outdoor,Structural Framing
1694,21.64,microo,B,Indoor,Structural Framing
2000,25.51,kubuk,A,Outdoor,Structural Framing
1717,10.93,kempas,C,Semi,Structural Framing
848,4.88,microo,B,Indoor,Door/window
1049,28.99,kempas,C,Semi,Door/window
796,6.23,jak,B,Semi,Structural Framing
311,16.44,ginisapu,C,Indoor,Roofing Components
472,15.55,jak,C,Semi,Door/window
611,9.22,microo,C,Indoor,Door/window
705,17.48,teak,C,Semi,Door/window
750,19.42,mahoganii,A,Semi,Door/window
955,26.83,teak,B,Semi,Door/window
1200,23.94,kempas,A,Semi,Roofing Components
342,7.49,lunumidella,C,Semi,Roofing Components
113,8.31,mango,C,Indoor,Door/window
600,8.86,pinewood,A,Indoor,Roofing Components
1050,2.0,mahoganii,A,Semi,Structural Framing
639,17.7,mahoganii,C,Semi,Structural Framing
646,16.04,mahoganii,C,Semi,Structural Framing
795,2.34,jak,B,Semi,Structural Framing
359,19.32,burutha,C,Semi,Structural Framing
600,15.2,burutha,A,Semi,Structural Framing
1200,20.96,kempas,A,Semi,Roofing Components
922,14.46,kempas,C,Semi,Door/window
1068,8.11,teak,B,Semi,Door/window
330,21.29,pinewood,C,Indoor,Roofing Components
1500,14.79,kempas,A,Semi,Door/window
1500,3.94,kempas,A,Semi,Door/window
400,24.03,mango,A,Indoor,Structural Framing
1129,5.21,kempas,B,Semi,Door/window
794,16.69,mahoganii,B,Semi,Structural Framing
377,16.47,pinewood,C,Indoor,Roofing Components
397,2.76,ginisapu,B,Indoor,Roofing Components
1299,8.88,kempas,B,Semi,Door/window
504,14.99,pinewood,B,Indoor,Roofing Components
706,5.65,kempas,C,Semi,Roofing Components
831,11.66,kempas,C,Semi,Roofing Components
1000,13.7,microo,A,Indoor,Door/window
336,23.66,mango,B,Indoor,Structural Framing
1221,27.78,kubuk,C,Outdoor,Structural Framing
674,9.51,jak,B,Semi,Door/window
419,28.3,pinewood,C,Indoor,Roofing Components
474,4.74,pinewood,B,Indoor,Roofing Components
3000,13.38,thulan,A,Indoor,Structural Framing
910,23.34,mahoganii,B,Semi,Structural Framing
1000,13.49,microo,A,Indoor,Door/window
3000,3.8,thulan,A,Indoor,Structural Framing
1593,15.71,microo,B,Indoor,Structural Framing
1050,5.04,mahoganii,A,Semi,Structural Framing
750,3.02,mahoganii,A,Semi,Door/window
400,2.36,mango,A,Indoor,Structural Framing
986,25.79,kempas,B,Semi,Roofing Components
1050,3.83,mahoganii,A,Semi,Structural Framing
753,7.1,microo,B,Indoor,Door/window
1200,15.51,kempas,A,Semi,Roofing Components
2000,14.35,kubuk,A,Outdoor,Structural Framing
453,8.98,pinewood,B,Indoor,Roofing Components
278,28.76,ginisapu,C,Indoor,Roofing Components
600,18.77,pinewood,A,Indoor,Roofing Components
214,4.3,ginisapu,B,Indoor,Door/window
301,16.79,lunumidella,C,Indoor,Roofing Components
482,16.11,pinewood,B,Indoor,Roofing Components
1023,22.56,teak,B,Semi,Door/window
450,21.14,ginisapu,A,Indoor,Roofing Components
2539,8.59,thulan,B,Indoor,Structural Framing
198,10.53,ginisapu,B,Indoor,Door/window
1033,29.25,kempas,C,Semi,Door/window
225,2.98,mango,C,Indoor,Structural Framing
450,10.69,ginisapu,A,Indoor,Roofing Components
2557,15.74,thulan,B,Indoor,Structural Framing
855,25.72,microo,B,Indoor,Door/window
600,11.73,mahoganii,C,Semi,Structural Framing
514,7.0,mahoganii,C,Semi,Door/window
581,25.38,mahoganii,C,Semi,Structural Framing
2000,4.07,microo,A,Indoor,Structural Framing
1239,10.52,kempas,B,Semi,Door/window
364,2.96,ginisapu,B,Indoor,Roofing Components
1500,25.66,thulan,A,Indoor,Door/window
794,12.45,kempas,C,Semi,Roofing Components
1200,14.91,kempas,A,Semi,Roofing Components
1200,25.73,teak,A,Semi,Structural Framing
500,26.11,burutha,A,Semi,Door/window
200,10.85,mango,A,Indoor,Door/window
285,24.48,lunumidella,C,Semi,Roofing Components
600,1.1,pinewood,A,Indoor,Roofing Components
1200,11.27,teak,A,Semi,Door/window
1200,18.34,teak,A,Semi,Door/window
510,28.93,burutha,B,Semi,Structural Framing
600,5.43,pinewood,A,Indoor,Roofing Components
1024,7.43,kempas,B,Semi,Roofing Components
2173,28.85,kempas,B,Semi,Structural Framing
452,10.58,burutha,B,Semi,Structural Framing
344,1.85,burutha,C,Semi,Door/window
1500,3.41,kempas,A,Semi,Door/window
1384,29.79,kubuk,C,Outdoor,Structural Framing
450,20.1,ginisapu,A,Indoor,Roofing Components
503,2.19,pinewood,B,Indoor,Roofing Components
1139,20.34,microo,C,Indoor,Structural Framing
456,17.04,pinewood,B,Indoor,Roofing Components
1050,9.01,mahoganii,A,Semi,Structural Framing
719,6.29,kempas,C,Semi,Roofing Components
400,1.12,mango,A,Indoor,Structural Framing
500,29.25,lunumidella,A,Semi,Roofing Components
281,26.2,ginisapu,C,Indoor,Roofing Components
500,12.93,lunumidella,A,Semi,Roofing Components
1045,19.44,kempas,B,Semi,Roofing Components
152,11.92,ginisapu,C,Indoor,Door/window
453,13.02,mahoganii,C,Semi,Door/window
483,29.95,burutha,B,Semi,Structural Framing
922,4.21,kempas,C,Semi,Door/window
947,22.46,teak,B,Semi,Door/window
200,22.08,mango,A,Indoor,Door/window
570,20.3,jak,C,Semi,Structural Framing
1500,14.97,kempas,A,Semi,Door/window
2272,20.22,kempas,B,Semi,Structural Framing
524,1.21,jak,C,Semi,Door/window
303,24.21,ginisapu,C,Indoor,Roofing Components
177,25.34,mango,B,Indoor,Door/window
589,5.49,jak,C,Semi,Door/window
222,25.75,mango,C,Indoor,Structural Framing
2000,1.37,microo,A,Indoor,Structural Framing
2333,6.42,thulan,B,Indoor,Structural Framing
1269,26.9,microo,C,Indoor,Structural Framing
1805,27.19,thulan,C,Indoor,Structural Framing
152,26.84,ginisapu,C,Indoor,Door/window
341,28.09,ginisapu,B,Indoor,Roofing Components
1052,18.17,teak,B,Semi,Door/window
450,4.78,ginisapu,A,Indoor,Roofing Components
933,13.62,kempas,C,Semi,Door/window
945,18.16,kempas,B,Semi,Roofing Components
1200,1.86,kempas,A,Semi,Roofing Components
1500,24.75,kempas,A,Semi,Door/window
3000,29.73,thulan,A,Indoor,Structural Framing
750,26.62,mahoganii,A,Semi,Door/window
2000,29.7,kubuk,A,Outdoor,Structural Framing
600,15.48,burutha,A,Semi,Structural Framing
850,12.11,jak,A,Semi,Door/window
600,18.04,burutha,A,Semi,Structural Framing
1200,5.53,kempas,A,Semi,Roofing Components
839,7.13,kempas,C,Semi,Roofing Components
347,2.29,lunumidella,C,Outdoor,Roofing Components
315,2.63,burutha,C,Semi,Door/window
972,17.07,teak,B,Semi,Door/window
500,19.4,burutha,A,Semi,Door/window
906,17.34,teak,B,Semi,Structural Framing
432,4.24,lunumidella,B,Semi,Roofing Components
1050,12.75,mahoganii,A,Semi,Structural Framing
1333,2.53,kubuk,C,Outdoor,Structural Framing
1200,7.52,kempas,A,Semi,Roofing Components
159,4.65,mango,B,Indoor,Door/window
600,27.46,pinewood,A,Indoor,Roofing Components
948,26.23,teak,B,Semi,Door/window
500,5.21,burutha,A,Semi,Door/window
411,23.9,lunumidella,B,Outdoor,Roofing Components
1011,12.13,teak,B,Semi,Structural Framing
1050,16.67,mahoganii,A,Semi,Structural Framing
600,13.75,pinewood,A,Indoor,Roofing Components
407,2.16,lunumidella,B,Outdoor,Roofing Components
1050,3.0,mahoganii,A,Semi,Structural Framing
344,16.23,pinewood,C,Indoor,Roofing Components
600,23.04,pinewood,A,Indoor,Roofing Components
597,20.51,jak,C,Semi,Structural Framing
1802,14.11,kempas,C,Semi,Structural Framing
500,2.05,burutha,A,Semi,Door/window
535,7.03,pinewood,B,Indoor,Roofing Components
2000,10.44,kubuk,A,Outdoor,Structural Framing
250,25.4,mango,C,Indoor,Structural Framing
678,19.52,teak,C,Semi,Door/window
1048,3.88,kempas,B,Semi,Roofing Components
1671,1.73,thulan,C,Indoor,Structural Framing
1651,17.75,microo,B,Indoor,Structural Framing
764,15.24,microo,B,Indoor,Door/window
200,10.83,mango,A,Indoor,Door/window
895,1.75,kempas,C,Semi,Door/window
376,19.62,lunumidella,B,Indoor,Roofing Components
985,15.03,kempas,B,Semi,Roofing Components
600,12.85,pinewood,A,Indoor,Roofing Components
1174,1.82,thulan,B,Indoor,Door/window
314,21.95,lunumidella,C,Semi,Roofing Components
1050,8.69,mahoganii,A,Semi,Structural Framing
391,15.76,ginisapu,B,Indoor,Roofing Components
1500,7.68,kempas,A,Semi,Door/window
250,19.71,ginisapu,A,Indoor,Door/window
1271,10.15,kempas,B,Semi,Door/window
679,10.06,mahoganii,C,Semi,Structural Framing
500,24.56,pinewood,B,Indoor,Roofing Components
157,10.6,ginisapu,C,Indoor,Door/window
450,21.43,ginisapu,A,Indoor,Roofing Components
369,1.07,ginisapu,B,Indoor,Roofing Components
500,10.02,lunumidella,A,Outdoor,Roofing Components
309,2.21,mango,B,Indoor,Structural Framing
1053,14.34,kempas,B,Semi,Roofing Components
320,8.46,mango,B,Indoor,Structural Framing
850,4.82,jak,A,Semi,Door/window
1000,2.2,jak,A,Semi,Structural Framing
663,14.69,jak,B,Semi,Door/window
710,25.48,kempas,C,Semi,Roofing Components
825,4.95,mahoganii,B,Semi,Structural Framing
387,24.76,lunumidella,B,Indoor,Roofing Components
942,21.74,mahoganii,B,Semi,Structural Framing
1050,8.91,mahoganii,A,Semi,Structural Framing
1184,5.94,microo,C,Indoor,Structural Framing
778,10.63,kempas,C,Semi,Roofing Components
416,12.81,pinewood,C,Indoor,Roofing Components
738,17.69,teak,C,Semi,Structural Framing
1567,28.82,microo,B,Indoor,Structural Framing
985,1.42,teak,B,Semi,Door/window
617,1.87,mahoganii,B,Semi,Door/window
1200,14.93,kempas,A,Semi,Roofing Components
250,2.82,ginisapu,C,Indoor,Roofing Components
250,27.05,ginisapu,A,Indoor,Door/window
1295,26.51,kubuk,C,Outdoor,Structural Framing
400,27.67,mango,A,Indoor,Structural Framing
1200,13.38,kempas,A,Semi,Roofing Components
1389,23.85,kubuk,C,Outdoor,Structural Framing
773,16.55,kempas,C,Semi,Roofing Components
975,7.9,teak,B,Semi,Structural Framing
1500,15.23,thulan,A,Indoor,Door/window
737,19.93,teak,C,Semi,Door/window
116,20.76,mango,C,Indoor,Door/window
2000,11.03,kubuk,A,Outdoor,Structural Framing
988,20.61,thulan,C,Indoor,Door/window
1255,22.13,kubuk,C,Outdoor,Structural Framing
390,3.23,burutha,B,Semi,Door/window
922,2.12,teak,B,Semi,Door/window
376,19.82,burutha,B,Semi,Door/window
206,13.21,ginisapu,B,Indoor,Door/window
450,13.41,ginisapu,A,Indoor,Roofing Components
2800,4.38,kempas,A,Semi,Structural Framing
450,17.25,ginisapu,A,Indoor,Roofing Components
281,8.15,ginisapu,C,Indoor,Roofing Components
600,18.06,burutha,A,Semi,Structural Framing
1753,24.9,microo,B,Indoor,Structural Framing
162,2.67,ginisapu,C,Indoor,Door/window
3000,28.34,thulan,A,Indoor,Structural Framing
613,20.33,mahoganii,B,Semi,Door/window
952,22.18,teak,B,Semi,Door/window
250,24.66,ginisapu,A,Indoor,Door/window
500,11.07,lunumidella,A,Semi,Roofing Components
179,11.21,mango,B,Indoor,Door/window
166,9.36,mango,B,Indoor,Door/window
705,16.47,teak,C,Semi,Door/window
2000,19.87,kubuk,A,Outdoor,Structural Framing
500,26.83,lunumidella,A,Semi,Roofing Components
400,20.66,mango,A,Indoor,Structural Framing
326,18.06,lunumidella,C,Indoor,Roofing Components
941,2.35,kempas,C,Semi,Door/window
1799,17.86,kempas,C,Semi,Structural Framing
850,7.33,jak,A,Semi,Door/window
431,20.62,lunumidella,B,Outdoor,Roofing Components
416,27.2,lunumidella,B,Outdoor,Roofing Components
2544,26.45,thulan,B,Indoor,Structural Framing
917,16.39,teak,B,Semi,Door/window
672,8.28,jak,B,Semi,Door/window
413,11.18,lunumidella,B,Outdoor,Roofing Components
600,29.26,burutha,A,Semi,Structural Framing
1908,1.0,kempas,C,Semi,Structural Framing
248,22.15,mango,C,Indoor,Structural Framing
2000,7.21,microo,A,Indoor,Structural Framing
719,16.75,kempas,C,Semi,Roofing Components
3000,2.47,thulan,A,Indoor,Structural Framing
336,29.68,burutha,C,Semi,Door/window
735,13.41,kempas,C,Semi,Roofing Components
2606,20.58,thulan,B,Indoor,Structural Framing
750,25.43,mahoganii,A,Semi,Door/window
746,3.03,teak,C,Semi,Door/window
450,29.48,ginisapu,A,Indoor,Roofing Components
503,9.96,jak,C,Semi,Door/window
175,9.45,mango,B,Indoor,Door/window
907,16.21,thulan,C,Indoor,Door/window
500,22.8,burutha,A,Semi,Door/window
1073,16.06,kempas,B,Semi,Roofing Components
2211,9.36,kempas,B,Semi,Structural Framing
353,15.82,ginisapu,B,Indoor,Roofing Components
400,22.95,mango,A,Indoor,Structural Framing
300,5.15,ginisapu,C,Indoor,Roofing Components
850,22.43,jak,A,Semi,Door/window
2000,21.37,microo,A,Indoor,Structural Framing
500,4.39,lunumidella,A,Indoor,Roofing Components
1033,20.78,teak,B,Semi,Structural Framing
200,19.95,mango,A,Indoor,Door/window
250,1.51,ginisapu,A,Indoor,Door/window
275,24.39,lunumidella,C,Semi,Roofing Components
785,29.35,microo,B,Indoor,Door/window
317,11.69,lunumidella,C,Outdoor,Roofing Components
748,29.82,kempas,C,Semi,Roofing Components
977,6.33,kempas,C,Semi,Door/window
850,7.54,jak,A,Semi,Door/window
1050,9.48,mahoganii,A,Semi,Structural Framing
204,17.04,ginisapu,B,Indoor,Door/window
400,7.63,mango,A,Indoor,Structural Framing
196,25.98,ginisapu,B,Indoor,Door/window
1072,8.18,teak,B,Semi,Door/window
1656,18.13,kempas,C,Semi,Structural Framing
1004,27.08,kempas,B,Semi,Roofing Components
424,18.46,lunumidella,B,Indoor,Roofing Components
3000,8.1,thulan,A,Indoor,Structural Framing
339,8.94,lunumidella,C,Indoor,Roofing Components
351,2.83,pinewood,C,Indoor,Roofing Components
2000,10.54,kubuk,A,Outdoor,Structural Framing
680,15.29,kempas,C,Semi,Roofing Components
276,5.53,mango,C,Indoor,Structural Framing
848,1.58,microo,B,Indoor,Door/window
470,10.92,burutha,B,Semi,Structural Framing
1500,5.9,thulan,A,Indoor,Door/window
686,4.56,jak,B,Semi,Door/window
350,4.0,burutha,C,Semi,Structural Framing
734,13.78,kempas,C,Semi,Roofing Components
500,24.24,lunumidella,A,Outdoor,Roofing Components
2000,13.0,microo,A,Indoor,Structural Framing
193,10.89,ginisapu,B,Indoor,Door/window
371,12.72,ginisapu,B,Indoor,Roofing Components
400,26.59,mango,A,Indoor,Structural Framing
676,21.52,microo,C,Indoor,Door/window
600,11.14,burutha,A,Semi,Structural Framing
425,29.96,lunumidella,B,Indoor,Roofing Components
481,24.93,pinewood,B,Indoor,Roofing Components
448,1.47,lunumidella,B,Semi,Roofing Components
259,6.72,ginisapu,C,Indoor,Roofing Components
850,17.44,jak,A,Semi,Door/window
681,14.63,kempas,C,Semi,Roofing Components
1050,10.44,mahoganii,A,Semi,Structural Framing
3000,9.55,thulan,A,Indoor,Structural Framing
649,25.88,mahoganii,C,Semi,Structural Framing
1025,10.01,kempas,B,Semi,Roofing Components
1576,8.8,microo,B,Indoor,Structural Framing
1000,6.83,jak,A,Semi,Structural Framing
750,25.83,mahoganii,A,Semi,Door/window
346,2.2,lunumidella,C,Outdoor,Roofing Components
363,2.16,pinewood,C,Indoor,Roofing Components
585,3.49,jak,C,Semi,Door/window
686,10.5,teak,C,Semi,Door/window
663,4.06,mahoganii,C,Semi,Structural Framing
1138,20.55,thulan,B,Indoor,Door/window
1024,12.18,teak,B,Semi,Door/window
979,11.26,kempas,B,Semi,Roofing Components
450,20.78,ginisapu,A,Indoor,Roofing Components
952,12.11,thulan,C,Indoor,Door/window
574,23.97,mahoganii,B,Semi,Door/window
345,21.67,pinewood,C,Indoor,Roofing Components
399,6.43,ginisapu,B,Indoor,Roofing Components
346,13.11,lunumidella,C,Outdoor,Roofing Components
552,28.2,microo,C,Indoor,Door/window
1104,26.28,microo,C,Indoor,Structural Framing
165,22.14,mango,B,Indoor,Door/window
850,9.67,jak,A,Semi,Door/window
507,21.71,pinewood,B,Indoor,Roofing Components
1298,6.3,microo,C,Indoor,Structural Framing
505,25.25,burutha,B,Semi,Structural Framing
660,5.51,jak,C,Semi,Structural Framing
400,4.82,mango,A,Indoor,Structural Framing
349,7.22,mango,B,Indoor,Structural Framing
529,8.38,burutha,B,Semi,Structural Framing
1607,6.93,kempas,C,Semi,Structural Framing
600,12.95,pinewood,A,Indoor,Roofing Components
750,19.72,mahoganii,A,Semi,Door/window
734,14.48,kempas,C,Semi,Roofing Components
850,16.69,jak,A,Semi,Door/window
415,7.41,lunumidella,B,Indoor,Roofing Components
1032,26.98,teak,B,Semi,Door/window
1681,2.84,kempas,C,Semi,Structural Framing
2419,22.75,thulan,B,Indoor,Structural Framing
1060,11.28,teak,B,Semi,Door/window
289,9.99,lunumidella,C,Outdoor,Roofing Components
600,24.75,pinewood,A,Indoor,Roofing Components
250,21.78,ginisapu,A,Indoor,Door/window
517,13.71,pinewood,B,Indoor,Roofing Components
315,5.97,lunumidella,C,Outdoor,Roofing Components
500,24.44,burutha,A,Semi,Door/window
400,9.27,mango,A,Indoor,Structural Framing
410,11.08,lunumidella,B,Semi,Roofing Components
1763,3.26,microo,B,Indoor,Structural Framing
1576,20.47,kempas,C,Semi,Structural Framing
500,15.03,lunumidella,A,Indoor,Roofing Components
652,27.45,microo,C,Indoor,Door/window
981,5.86,thulan,C,Indoor,Door/window
339,24.72,lunumidella,C,Semi,Roofing Components
450,4.0,ginisapu,A,Indoor,Roofing Components
974,15.6,kempas,B,Semi,Roofing Components
435,22.17,burutha,B,Semi,Door/window
1200,16.55,teak,A,Semi,Door/window
596,1.5,jak,C,Semi,Structural Framing
450,20.89,ginisapu,A,Indoor,Roofing Components
250,27.76,ginisapu,A,Indoor,Door/window
801,9.53,mahoganii,B,Semi,Structural Framing
500,9.96,lunumidella,A,Indoor,Roofing Components
420,16.09,burutha,B,Semi,Door/window
385,22.9,ginisapu,B,Indoor,Roofing Components
1200,6.92,kempas,A,Semi,Roofing Components
200,9.91,mango,A,Indoor,Door/window
1858,9.66,thulan,C,Indoor,Structural Framing
1155,17.9,kempas,B,Semi,Door/window
294,4.23,burutha,C,Semi,Door/window
500,4.69,burutha,A,Semi,Door/window
400,16.56,mango,A,Indoor,Structural Framing
640,9.4,microo,C,Indoor,Door/window
756,21.43,kempas,C,Semi,Roofing Components
265,25.82,ginisapu,C,Indoor,Roofing Components
645,18.9,jak,B,Semi,Door/window
1200,16.54,kempas,A,Semi,Roofing Components
750,21.04,mahoganii,A,Semi,Door/window
500,27.19,lunumidella,A,Outdoor,Roofing Components
1218,15.75,microo,C,Indoor,Structural Framing
200,20.73,mango,A,Indoor,Door/window
334,5.68,mango,B,Indoor,Structural Framing
499,12.12,pinewood,B,Indoor,Roofing Components
237,12.14,mango,C,Indoor,Structural Framing
482,9.65,pinewood,B,Indoor,Roofing Components
600,29.95,pinewood,A,Indoor,Roofing Components
2372,29.87,thulan,B,Indoor,Structural Framing
349,26.14,lunumidella,C,Indoor,Roofing Components
305,29.89,ginisapu,C,Indoor,Roofing Components
600,21.38,pinewood,A,Indoor,Roofing Components
251,12.98,ginisapu,C,Indoor,Roofing Components
1000,5.1,microo,A,Indoor,Door/window
1665,9.31,kempas,C,Semi,Structural Framing
600,26.91,burutha,A,Semi,Structural Framing
665,15.69,teak,C,Semi,Structural Framing
762,28.96,teak,C,Semi,Door/window
750,28.54,mahoganii,A,Semi,Door/window
551,28.59,jak,C,Semi,Structural Framing
521,24.74,pinewood,B,Indoor,Roofing Components
331,15.77,pinewood,C,Indoor,Roofing Components
1050,3.12,mahoganii,A,Semi,Structural Framing
1809,22.22,kempas,C,Semi,Structural Framing
405,3.75,pinewood,C,Indoor,Roofing Components
2493,1.27,kempas,B,Semi,Structural Framing
314,16.53,lunumidella,C,Outdoor,Roofing Components
432,1.22,lunumidella,B,Indoor,Roofing Components
1201,11.29,kempas,B,Semi,Door/window
2000,17.68,kubuk,A,Outdoor,Structural Framing
444,6.11,lunumidella,B,Outdoor,Roofing Components
301,17.75,mango,B,Indoor,Structural Framing
600,17.71,pinewood,A,Indoor,Roofing Components
664,4.73,microo,C,Indoor,Door/window
674,16.07,jak,C,Semi,Structural Framing
483,6.2,jak,C,Semi,Door/window
972,19.42,kempas,B,Semi,Roofing Components
482,21.15,jak,C,Semi,Door/window
450,26.32,ginisapu,A,Indoor,Roofing Components
600,9.86,pinewood,A,Indoor,Roofing Components
415,22.19,burutha,C,Semi,Structural Framing
503,27.35,jak,C,Semi,Door/window
2431,15.61,kempas,B,Semi,Structural Framing
389,6.72,lunumidella,B,Indoor,Roofing Components
512,18.88,pinewood,B,Indoor,Roofing Components
1677,15.96,thulan,C,Indoor,Structural Framing
115,5.43,mango,C,Indoor,Door/window
568,18.09,jak,C,Semi,Structural Framing
701,1.37,teak,C,Semi,Structural Framing
536,4.01,jak,C,Semi,Door/window
413,4.73,burutha,C,Semi,Structural Framing
450,2.83,ginisapu,A,Indoor,Roofing Components
503,7.63,pinewood,B,Indoor,Roofing Components
1000,17.17,jak,A,Semi,Structural Framing
450,6.42,ginisapu,A,Indoor,Roofing Components
121,25.71,mango,C,Indoor,Door/window
1227,28.87,kubuk,C,Outdoor,Structural Framing
708,3.17,kempas,C,Semi,Roofing Components
383,18.74,lunumidella,B,Outdoor,Roofing Components
357,13.54,ginisapu,B,Indoor,Roofing Components
450,20.12,ginisapu,A,Indoor,Roofing Components
1564,4.36,kempas,C,Semi,Structural Framing
167,21.4,mango,B,Indoor,Door/window
1200,11.06,teak,A,Semi,Structural Framing
988,2.79,teak,B,Semi,Structural Framing
500,7.09,lunumidella,A,Semi,Roofing Components
541,27.32,jak,C,Semi,Door/window
1333,1.21,thulan,B,Indoor,Door/window
775,3.61,jak,B,Semi,Structural Framing
678,5.1,jak,C,Semi,Structural Framing
170,21.47,mango,B,Indoor,Door/window
333,7.13,pinewood,C,Indoor,Roofing Components
600,8.81,burutha,A,Semi,Structural Framing
768,4.77,teak,C,Semi,Door/window
1058,13.02,kempas,B,Semi,Roofing Components
400,28.4,mango,A,Indoor,Structural Framing
383,26.86,pinewood,C,Indoor,Roofing Components
843,27.99,thulan,C,Indoor,Door/window
1063,8.28,kempas,B,Semi,Roofing Components
2287,18.6,kempas,B,Semi,Structural Framing
250,27.97,ginisapu,A,Indoor,Door/window
903,9.43,teak,B,Semi,Door/window
2000,6.21,kubuk,A,Outdoor,Structural Framing
928,18.89,thulan,C,Indoor,Door/window
411,7.14,pinewood,C,Indoor,Roofing Components
600,22.64,pinewood,A,Indoor,Roofing Components
1200,20.38,kempas,A,Semi,Roofing Components
1500,17.44,thulan,A,Indoor,Door/window
714,5.7,jak,B,Semi,Door/window
331,24.93,lunumidella,C,Outdoor,Roofing Components
420,24.6,mahoganii,C,Semi,Door/window
754,11.14,kempas,C,Semi,Roofing Components
1843,26.88,kempas,C,Semi,Structural Framing
812,22.5,teak,C,Semi,Structural Framing
1200,1.65,kempas,A,Semi,Roofing Components
1000,1.32,jak,A,Semi,Structural Framing
1050,18.63,mahoganii,A,Semi,Structural Framing
500,23.38,burutha,A,Semi,Door/window
850,3.23,jak,A,Semi,Door/window
151,5.01,ginisapu,C,Indoor,Door/window
1500,3.32,thulan,A,Indoor,Door/window
518,10.52,burutha,B,Semi,Structural Framing
199,23.07,ginisapu,B,Indoor,Door/window
160,8.28,mango,B,Indoor,Door/window
600,6.09,pinewood,A,Indoor,Roofing Components
334,3.17,lunumidella,C,Outdoor,Roofing Components
348,27.45,lunumidella,C,Outdoor,Roofing Components
750,16.11,mahoganii,A,Semi,Door/window
486,20.75,pinewood,B,Indoor,Roofing Components
500,22.68,burutha,A,Semi,Door/window
892,3.37,jak,B,Semi,Structural Framing
614,22.05,mahoganii,B,Semi,Door/window
727,26.21,jak,B,Semi,Door/window
755,25.07,jak,B,Semi,Door/window
1200,15.36,kempas,A,Semi,Roofing Components
801,5.54,teak,C,Semi,Structural Framing
752,29.75,microo,B,Indoor,Door/window
499,29.55,pinewood,B,Indoor,Roofing Components
368,10.85,ginisapu,B,Indoor,Roofing Components
2044,8.07,thulan,C,Indoor,Structural Framing
1200,18.91,teak,A,Semi,Structural Framing
681,10.71,kempas,C,Semi,Roofing Components
351,2.86,ginisapu,B,Indoor,Roofing Components
417,1.72,lunumidella,B,Indoor,Roofing Components
927,10.96,teak,B,Semi,Structural Framing
1200,25.62,kempas,A,Semi,Roofing Components
468,7.36,pinewood,B,Indoor,Roofing Components
1521,11.14,microo,B,Indoor,Structural Framing
1500,19.85,thulan,A,Indoor,Door/window
1128,6.37,thulan,B,Indoor,Door/window
1050,20.9,mahoganii,A,Semi,Structural Framing
510,22.53,pinewood,B,Indoor,Roofing Components
1200,19.56,kempas,A,Semi,Roofing Components
373,10.73,burutha,C,Semi,Structural Framing
250,24.06,ginisapu,A,Indoor,Door/window
537,11.65,pinewood,B,Indoor,Roofing Components
942,26.93,kempas,C,Semi,Door/window
480,27.46,jak,C,Semi,Door/window
375,1.12,ginisapu,B,Indoor,Roofing Components
1001,5.13,teak,B,Semi,Structural Framing
1000,22.19,microo,A,Indoor,Door/window
333,17.91,pinewood,C,Indoor,Roofing Components
190,29.87,ginisapu,B,Indoor,Door/window
408,5.28,lunumidella,B,Indoor,Roofing Components
158,23.24,mango,B,Indoor,Door/window
600,29.01,burutha,A,Semi,Structural Framing
499,7.15,pinewood,B,Indoor,Roofing Components
1200,1.86,kempas,A,Semi,Roofing Components
2000,27.56,kubuk,A,Outdoor,Structural Framing
1653,8.48,kubuk,B,Outdoor,Structural Framing
1955,27.06,kempas,C,Semi,Structural Framing
497,6.43,burutha,B,Semi,Structural Framing
450,4.03,ginisapu,A,Indoor,Roofing Components
835,21.08,mahoganii,B,Semi,Structural Framing
1500,15.01,thulan,A,Indoor,Door/window
600,29.14,pinewood,A,Indoor,Roofing Components
500,1.68,burutha,A,Semi,Door/window
1137,4.06,microo,C,Indoor,Structural Framing
380,28.3,burutha,C,Semi,Structural Framing
260,15.87,ginisapu,C,Indoor,Roofing Components
479,9.59,mahoganii,C,Semi,Door/window
333,29.97,pinewood,C,Indoor,Roofing Components
600,1.22,pinewood,A,Indoor,Roofing Components
300,2.09,lunumidella,C,Semi,Roofing Components
450,8.69,ginisapu,A,Indoor,Roofing Components
987,5.66,kempas,C,Semi,Door/window
413,4.39,pinewood,C,Indoor,Roofing Components
450,29.58,ginisapu,A,Indoor,Roofing Components
1000,9.45,jak,A,Semi,Structural Framing
308,12.0,mango,B,Indoor,Structural Framing
765,10.14,teak,C,Semi,Structural Framing
1345,9.11,microo,C,Indoor,Structural Framing
174,15.67,mango,B,Indoor,Door/window
2000,3.37,microo,A,Indoor,Structural Framing
390,6.15,burutha,B,Semi,Door/window
1580,4.41,kempas,C,Semi,Structural Framing
657,20.28,jak,C,Semi,Structural Framing
1202,2.75,thulan,B,Indoor,Door/window
959,7.53,kempas,B,Semi,Roofing Components
600,29.37,burutha,A,Semi,Structural Framing
450,19.83,ginisapu,A,Indoor,Roofing Components
1200,9.17,microo,C,Indoor,Structural Framing
483,17.85,pinewood,B,Indoor,Roofing Components
1946,19.37,thulan,C,Indoor,Structural Framing
814,19.93,teak,C,Semi,Structural Framing
502,2.39,burutha,B,Semi,Structural Framing
1117,8.02,kubuk,C,Outdoor,Structural Framing
656,2.87,microo,C,Indoor,Door/window
1500,29.09,kempas,A,Semi,Door/window
1133,27.48,microo,C,Indoor,Structural Framing
1500,21.42,thulan,A,Indoor,Door/window
2000,22.16,kubuk,A,Outdoor,Structural Framing
500,28.92,lunumidella,A,Indoor,Roofing Components
2000,21.91,kubuk,A,Outdoor,Structural Framing
943,27.43,kempas,C,Semi,Door/window
480,6.21,pinewood,B,Indoor,Roofing Components
500,12.64,lunumidella,A,Outdoor,Roofing Components
800,15.62,jak,B,Semi,Structural Framing
470,21.87,pinewood,B,Indoor,Roofing Components
605,29.74,mahoganii,B,Semi,Door/window
1200,4.89,kempas,A,Semi,Roofing Components
993,27.9,kempas,C,Semi,Door/window
160,23.42,ginisapu,C,Indoor,Door/window
1500,29.56,thulan,A,Indoor,Door/window
3000,14.12,thulan,A,Indoor,Structural Framing
1500,14.37,kempas,A,Semi,Door/window
1200,13.86,teak,A,Semi,Door/window
1200,4.57,kempas,A,Semi,Roofing Components
1000,15.85,microo,A,Indoor,Door/window
750,17.87,mahoganii,A,Semi,Door/window
1500,5.1,thulan,A,Indoor,Door/window
1200,21.57,teak,A,Semi,Structural Framing
1528,17.95,microo,B,Indoor,Structural Framing
2800,19.42,kempas,A,Semi,Structural Framing
1385,17.86,microo,C,Indoor,Structural Framing
600,23.08,pinewood,A,Indoor,Roofing Components
675,12.61,jak,B,Semi,Door/window
1500,18.34,kempas,A,Semi,Door/window
907,2.27,kempas,B,Semi,Roofing Components
1200,12.82,teak,A,Semi,Door/window
373,6.38,pinewood,C,Indoor,Roofing Components
456,1.22,pinewood,B,Indoor,Roofing Components
791,19.46,kempas,C,Semi,Roofing Components
378,9.62,ginisapu,B,Indoor,Roofing Components
317,7.94,lunumidella,C,Outdoor,Roofing Components
392,2.83,lunumidella,B,Outdoor,Roofing Components
634,11.29,mahoganii,B,Semi,Door/window
600,11.03,pinewood,A,Indoor,Roofing Components
2268,6.76,thulan,B,Indoor,Structural Framing
1721,21.02,kempas,C,Semi,Structural Framing
361,4.94,ginisapu,B,Indoor,Roofing Components
292,10.58,lunumidella,C,Outdoor,Roofing Components
383,14.56,ginisapu,B,Indoor,Roofing Components
218,9.92,ginisapu,B,Indoor,Door/window
293,18.6,lunumidella,C,Indoor,Roofing Components
450,2.68,ginisapu,A,Indoor,Roofing Components
316,24.29,burutha,C,Semi,Door/window
297,17.37,burutha,C,Semi,Door/window
154,14.85,mango,B,Indoor,Door/window
2800,26.47,kempas,A,Semi,Structural Framing
196,21.7,ginisapu,B,Indoor,Door/window
600,17.44,pinewood,A,Indoor,Roofing Components
1310,9.89,thulan,B,Indoor,Door/window
496,21.98,burutha,B,Semi,Structural Framing
715,12.3,kempas,C,Semi,Roofing Components
631,13.59,mahoganii,C,Semi,Structural Framing
937,18.05,kempas,C,Semi,Door/window
768,20.81,teak,C,Semi,Structural Framing
951,1.16,teak,B,Semi,Door/window
985,4.3,kempas,B,Semi,Roofing Components
922,29.64,teak,B,Semi,Door/window
2800,26.64,kempas,A,Semi,Structural Framing
822,3.63,microo,B,Indoor,Door/window
1050,20.8,mahoganii,A,Semi,Structural Framing
2800,8.65,kempas,A,Semi,Structural Framing
1535,14.01,kubuk,B,Outdoor,Structural Framing
1050,14.95,mahoganii,A,Semi,Structural Framing
2000,1.02,microo,A,Indoor,Structural Framing
2209,22.32,kempas,B,Semi,Structural Framing
252,20.28,mango,C,Indoor,Structural Framing
2501,26.31,thulan,B,Indoor,Structural Framing
1200,4.57,teak,A,Semi,Structural Framing
1695,7.96,thulan,C,Indoor,Structural Framing
284,23.08,ginisapu,C,Indoor,Roofing Components
2000,29.76,kubuk,A,Outdoor,Structural Framing
1200,20.51,teak,A,Semi,Structural Framing
750,10.48,mahoganii,A,Semi,Door/window
467,19.37,jak,C,Semi,Door/window
944,9.67,thulan,C,Indoor,Door/window
500,29.28,burutha,A,Semi,Door/window
401,26.24,pinewood,C,Indoor,Roofing Components
460,15.64,pinewood,B,Indoor,Roofing Components
400,24.67,mango,A,Indoor,Structural Framing
791,24.8,jak,B,Semi,Structural Framing
630,7.58,jak,C,Semi,Structural Framing
3000,24.47,thulan,A,Indoor,Structural Framing
738,16.86,teak,C,Semi,Structural Framing
167,16.15,ginisapu,C,Indoor,Door/window
1778,4.64,microo,B,Indoor,Structural Framing
2000,5.39,kubuk,A,Outdoor,Structural Framing
2000,15.35,microo,A,Indoor,Structural Framing
1200,2.74,teak,A,Semi,Structural Framing
762,5.77,kempas,C,Semi,Roofing Components
405,22.44,burutha,B,Semi,Door/window
200,29.24,mango,A,Indoor,Door/window
311,16.31,lunumidella,C,Semi,Roofing Components
384,18.84,lunumidella,B,Semi,Roofing Components
127,26.1,mango,C,Indoor,Door/window
3000,15.47,thulan,A,Indoor,Structural Framing
450,29.03,ginisapu,A,Indoor,Roofing Components
1151,23.98,kubuk,C,Outdoor,Structural Framing
1200,14.21,kempas,A,Semi,Roofing Components
600,16.34,burutha,A,Semi,Structural Framing
431,18.93,lunumidella,B,Outdoor,Roofing Components
2800,14.7,kempas,A,Semi,Structural Framing
1200,7.21,kempas,A,Semi,Roofing Components
935,5.15,teak,B,Semi,Door/window
2400,16.44,thulan,B,Indoor,Structural Framing
293,23.42,ginisapu,C,Indoor,Roofing Components
338,26.38,burutha,C,Semi,Door/window
1200,19.81,kempas,A,Semi,Roofing Components
500,22.76,burutha,A,Semi,Door/window
708,2.78,mahoganii,C,Semi,Structural Framing
450,10.57,ginisapu,A,Indoor,Roofing Components
829,16.41,teak,C,Semi,Door/window
1000,3.79,microo,A,Indoor,Door/window
600,21.09,burutha,A,Semi,Structural Framing
731,23.22,kempas,C,Semi,Roofing Components
989,22.56,thulan,C,Indoor,Door/window
276,7.96,ginisapu,C,Indoor,Roofing Components
1500,7.99,thulan,A,Indoor,Door/window
2173,8.7,kempas,B,Semi,Structural Framing
428,18.7,burutha,B,Semi,Door/window
1703,5.53,kubuk,B,Outdoor,Structural Framing
677,3.38,kempas,C,Semi,Roofing Components
345,1.58,ginisapu,B,Indoor,Roofing Components
163,9.18,ginisapu,C,Indoor,Door/window
1200,7.19,teak,A,Semi,Door/window
801,21.37,teak,C,Semi,Door/window
2800,18.92,kempas,A,Semi,Structural Framing
1020,4.51,thulan,C,Indoor,Door/window
2535,14.08,thulan,B,Indoor,Structural Framing
1035,8.61,kempas,C,Semi,Door/window
1781,1.89,thulan,C,Indoor,Structural Framing
1012,22.72,teak,B,Semi,Structural Framing
3000,4.4,thulan,A,Indoor,Structural Framing
410,14.48,lunumidella,B,Indoor,Roofing Components
2800,14.98,kempas,A,Semi,Structural Framing
850,25.25,jak,A,Semi,Door/window
1671,25.32,kubuk,B,Outdoor,Structural Framing
309,12.89,ginisapu,C,Indoor,Roofing Components
1200,25.72,kempas,A,Semi,Roofing Components
400,16.63,mango,A,Indoor,Structural Framing
247,9.6,mango,C,Indoor,Structural Framing
1200,4.48,kempas,A,Semi,Roofing Components
332,28.82,pinewood,C,Indoor,Roofing Components
479,27.23,jak,C,Semi,Door/window
500,20.43,burutha,A,Semi,Door/window
248,27.12,ginisapu,C,Indoor,Roofing Components
850,2.43,jak,A,Semi,Door/window
1151,17.56,kubuk,C,Outdoor,Structural Framing
489,29.57,mahoganii,C,Semi,Door/window
1000,1.92,jak,A,Semi,Structural Framing
1200,13.56,teak,A,Semi,Structural Framing
115,20.82,mango,C,Indoor,Door/window
898,25.51,jak,B,Semi,Structural Framing
1305,8.64,kubuk,C,Outdoor,Structural Framing
413,23.14,lunumidella,B,Semi,Roofing Components
1559,24.33,kempas,C,Semi,Structural Framing
250,16.08,ginisapu,A,Indoor,Door/window
200,13.69,mango,A,Indoor,Door/window
336,1.22,pinewood,C,Indoor,Roofing Components
1202,13.06,microo,C,Indoor,Structural Framing
600,10.79,pinewood,A,Indoor,Roofing Components
600,21.65,burutha,A,Semi,Structural Framing
301,2.22,lunumidella,C,Outdoor,Roofing Components
1200,13.56,teak,A,Semi,Structural Framing
732,19.41,kempas,C,Semi,Roofing Components
827,7.92,jak,B,Semi,Structural Framing
750,7.37,mahoganii,A,Semi,Door/window
1000,27.46,microo,A,Indoor,Door/window
1000,26.57,microo,A,Indoor,Door/window
426,26.98,lunumidella,B,Semi,Roofing Components
743,7.47,teak,C,Semi,Structural Framing
594,20.57,microo,C,Indoor,Door/window
207,22.82,ginisapu,B,Indoor,Door/window
600,19.15,microo,C,Indoor,Door/window
248,12.47,ginisapu,C,Indoor,Roofing Components
2000,27.36,kubuk,A,Outdoor,Structural Framing
389,3.29,burutha,C,Semi,Structural Framing
127,5.9,mango,C,Indoor,Door/window
2000,7.63,kubuk,A,Outdoor,Structural Framing
247,12.3,ginisapu,C,Indoor,Roofing Components
804,3.8,kempas,C,Semi,Roofing Components
1582,1.1,microo,B,Indoor,Structural Framing
346,22.62,burutha,C,Semi,Structural Framing
275,13.07,lunumidella,C,Indoor,Roofing Components
213,15.12,ginisapu,B,Indoor,Door/window
600,5.98,pinewood,A,Indoor,Roofing Components
750,6.4,mahoganii,A,Semi,Door/window
782,4.7,jak,B,Semi,Structural Framing
1221,21.05,kempas,B,Semi,Door/window
400,29.64,mango,A,Indoor,Structural Framing
286,5.24,burutha,C,Semi,Door/window
886,11.15,kempas,C,Semi,Door/window
1200,24.58,teak,A,Semi,Door/window
1500,3.1,kempas,A,Semi,Door/window
1200,17.89,kempas,A,Semi,Roofing Components
500,10.31,lunumidella,A,Outdoor,Roofing Components
619,4.23,mahoganii,C,Semi,Structural Framing
1744,25.44,kubuk,B,Outdoor,Structural Framing
563,25.5,jak,C,Semi,Door/window
1696,3.88,thulan,C,Indoor,Structural Framing
1500,29.49,kempas,A,Semi,Door/window
1005,16.87,kempas,B,Semi,Roofing Components
610,14.37,microo,C,Indoor,Door/window
353,25.62,mango,B,Indoor,Structural Framing
786,26.36,kempas,C,Semi,Roofing Components
506,17.39,pinewood,B,Indoor,Roofing Components
500,6.48,lunumidella,A,Outdoor,Roofing Components
1240,21.46,thulan,B,Indoor,Door/window
356,19.23,ginisapu,B,Indoor,Roofing Components
1951,19.82,kempas,C,Semi,Structural Framing
263,3.46,mango,C,Indoor,Structural Framing
917,15.71,kempas,B,Semi,Roofing Components
352,13.55,ginisapu,B,Indoor,Roofing Components
354,5.24,pinewood,C,Indoor,Roofing Components
1580,24.81,kubuk,B,Outdoor,Structural Framing
630,5.78,microo,C,Indoor,Door/window
514,12.56,mahoganii,C,Semi,Door/window
732,17.8,kempas,C,Semi,Roofing Components
253,23.71,ginisapu,C,Indoor,Roofing Components
600,2.48,pinewood,A,Indoor,Roofing Components
500,29.86,lunumidella,A,Indoor,Roofing Components
394,1.78,lunumidella,B,Indoor,Roofing Components
426,27.32,mahoganii,C,Semi,Door/window
360,3.8,pinewood,C,Indoor,Roofing Components
1191,23.31,thulan,B,Indoor,Door/window
1968,3.46,thulan,C,Indoor,Structural Framing
401,25.55,pinewood,C,Indoor,Roofing Components
468,27.13,pinewood,B,Indoor,Roofing Components
293,25.23,ginisapu,C,Indoor,Roofing Components
1314,24.63,kubuk,C,Outdoor,Structural Framing
1346,6.07,thulan,B,Indoor,Door/window
400,4.58,mango,A,Indoor,Structural Framing
844,9.74,kempas,C,Semi,Door/window
2000,19.13,microo,A,Indoor,Structural Framing
1200,24.69,teak,A,Semi,Door/window
905,6.97,kempas,B,Semi,Roofing Components
1041,6.35,kempas,B,Semi,Roofing Components
2000,6.11,kubuk,A,Outdoor,Structural Framing
500,19.75,lunumidella,A,Outdoor,Roofing Components
2117,3.89,kempas,B,Semi,Structural Framing
2800,27.77,kempas,A,Semi,Structural Framing
376,21.43,pinewood,C,Indoor,Roofing Components
402,3.96,lunumidella,B,Semi,Roofing Components
393,15.69,burutha,C,Semi,Structural Framing
1240,5.76,thulan,B,Indoor,Door/window
432,27.23,burutha,B,Semi,Door/window
429,11.18,burutha,B,Semi,Door/window
250,25.16,ginisapu,A,Indoor,Door/window
2002,10.64,thulan,C,Indoor,Structural Framing
199,12.39,ginisapu,B,Indoor,Door/window
1200,10.14,teak,A,Semi,Door/window
732,6.05,kempas,C,Semi,Roofing Components
196,12.23,ginisapu,B,Indoor,Door/window
1362,11.39,microo,C,Indoor,Structural Framing
839,13.31,kempas,C,Semi,Roofing Components
1000,2.85,jak,A,Semi,Structural Framing
845,23.07,microo,B,Indoor,Door/window
535,2.5,pinewood,B,Indoor,Roofing Components
259,24.62,ginisapu,C,Indoor,Roofing Components
417,22.11,mahoganii,C,Semi,Door/window
414,10.27,lunumidella,B,Semi,Roofing Components
795,20.76,mahoganii,B,Semi,Structural Framing
1200,28.1,teak,A,Semi,Structural Framing
514,22.62,burutha,B,Semi,Structural Framing
252,20.79,ginisapu,C,Indoor,Roofing Components
411,12.78,lunumidella,B,Semi,Roofing Components
394,24.47,burutha,C,Semi,Structural Framing
2263,26.94,kempas,B,Semi,Structural Framing
763,5.95,kempas,C,Semi,Roofing Components
450,25.8,ginisapu,A,Indoor,Roofing Components
1777,28.1,kempas,C,Semi,Structural Framing
1810,21.47,kempas,C,Semi,Structural Framing
338,10.82,ginisapu,B,Indoor,Roofing Components
2209,25.81,kempas,B,Semi,Structural Framing
528,3.37,pinewood,B,Indoor,Roofing Components
1500,5.13,thulan,A,Indoor,Door/window
1500,7.38,thulan,A,Indoor,Door/window
151,14.45,ginisapu,C,Indoor,Door/window
678,5.0,teak,C,Semi,Door/window
962,12.04,thulan,C,Indoor,Door/window
863,27.67,thulan,C,Indoor,Door/window
1500,19.49,thulan,A,Indoor,Door/window
454,23.31,burutha,B,Semi,Structural Framing
1613,18.23,kubuk,B,Outdoor,Structural Framing
250,4.49,ginisapu,A,Indoor,Door/window
472,2.09,pinewood,B,Indoor,Roofing Components
1043,13.47,kempas,B,Semi,Roofing Components
1000,4.92,kempas,B,Semi,Roofing Components
200,19.39,mango,A,Indoor,Door/window
604,26.15,mahoganii,C,Semi,Structural Framing
1336,14.99,kempas,B,Semi,Door/window
1552,13.48,kubuk,B,Outdoor,Structural Framing
1009,24.56,thulan,C,Indoor,Door/window
1260,8.09,kubuk,C,Outdoor,Structural Framing
428,22.97,lunumidella,B,Indoor,Roofing Components
378,16.34,ginisapu,B,Indoor,Roofing Components
521,10.77,burutha,B,Semi,Structural Framing
288,20.99,ginisapu,C,Indoor,Roofing Components
3000,19.8,thulan,A,Indoor,Structural Framing
1363,22.52,kubuk,C,Outdoor,Structural Framing
2800,7.16,kempas,A,Semi,Structural Framing
140,20.77,ginisapu,C,Indoor,Door/window
1050,14.18,mahoganii,A,Semi,Structural Framing
526,2.47,pinewood,B,Indoor,Roofing Components
401,4.48,lunumidella,B,Semi,Roofing Components
636,16.85,mahoganii,B,Semi,Door/window
2000,27.13,microo,A,Indoor,Structural Framing
334,23.75,lunumidella,C,Outdoor,Roofing Components
2134,19.37,kempas,B,Semi,Structural Framing
600,3.36,pinewood,A,Indoor,Roofing Components
666,24.25,microo,C,Indoor,Door/window
989,14.62,kempas,C,Semi,Door/window
348,1.85,ginisapu,B,Indoor,Roofing Components
1382,6.47,kubuk,C,Outdoor,Structural Framing
1200,3.32,teak,A,Semi,Door/window
1695,24.64,kempas,C,Semi,Structural Framing
200,13.3,mango,A,Indoor,Door/window
631,19.29,jak,C,Semi,Structural Framing
1142,1.37,kempas,B,Semi,Door/window
1200,22.29,kempas,A,Semi,Roofing Components
319,4.5,lunumidella,C,Indoor,Roofing Components
600,20.51,pinewood,A,Indoor,Roofing Components
538,25.23,pinewood,B,Indoor,Roofing Components
347,6.05,burutha,C,Semi,Structural Framing
2000,12.85,microo,A,Indoor,Structural Framing
844,7.49,mahoganii,B,Semi,Structural Framing
768,25.76,teak,C,Semi,Structural Framing
506,25.04,jak,C,Semi,Door/window
163,5.81,mango,B,Indoor,Door/window
1500,7.4,thulan,A,Indoor,Door/window
200,9.4,mango,A,Indoor,Door/window
794,26.86,mahoganii,B,Semi,Structural Framing
464,22.18,pinewood,B,Indoor,Roofing Components
345,20.81,ginisapu,B,Indoor,Roofing Components
506,3.87,burutha,B,Semi,Structural Framing
1500,28.67,kempas,A,Semi,Door/window
250,2.27,ginisapu,A,Indoor,Door/window
492,27.34,burutha,B,Semi,Structural Framing
254,5.7,ginisapu,C,Indoor,Roofing Components
600,17.23,burutha,A,Semi,Structural Framing
1206,16.27,thulan,B,Indoor,Door/window
450,23.02,ginisapu,A,Indoor,Roofing Components
1200,14.54,kempas,A,Semi,Roofing Components
666,3.76,microo,C,Indoor,Door/window
3000,20.98,thulan,A,Indoor,Structural Framing
1200,15.35,kempas,A,Semi,Roofing Components
827,24.65,teak,C,Semi,Structural Framing
1155,4.89,thulan,B,Indoor,Door/window
517,26.54,burutha,B,Semi,Structural Framing
536,19.37,jak,C,Semi,Door/window
1050,9.82,mahoganii,A,Semi,Structural Framing
537,23.53,pinewood,B,Indoor,Roofing Components
3000,10.37,thulan,A,Indoor,Structural Framing
1200,10.86,teak,A,Semi,Structural Framing
437,18.11,lunumidella,B,Semi,Roofing Components
329,12.47,burutha,C,Semi,Door/window
1392,19.27,microo,C,Indoor,Structural Framing
1200,10.61,teak,A,Semi,Door/window
351,21.79,ginisapu,B,Indoor,Roofing Components
684,8.1,mahoganii,C,Semi,Structural Framing
450,17.67,ginisapu,A,Indoor,Roofing Components
633,1.33,microo,C,Indoor,Door/window
688,23.13,microo,C,Indoor,Door/window
1200,8.05,teak,A,Semi,Door/window
165,4.55,ginisapu,C,Indoor,Door/window
723,3.31,kempas,C,Semi,Roofing Components
2000,21.77,microo,A,Indoor,Structural Framing
850,27.8,jak,A,Semi,Door/window
2800,28.83,kempas,A,Semi,Structural Framing
458,25.09,burutha,B,Semi,Structural Framing
1016,9.15,thulan,C,Indoor,Door/window
1614,29.61,microo,B,Indoor,Structural Framing
703,5.17,teak,C,Semi,Structural Framing
413,21.3,mahoganii,C,Semi,Door/window
1935,7.92,thulan,C,Indoor,Structural Framing
630,24.37,mahoganii,C,Semi,Structural Framing
436,29.95,burutha,B,Semi,Door/window
1789,22.67,microo,B,Indoor,Structural Framing
480,15.95,pinewood,B,Indoor,Roofing Components
3000,1.95,thulan,A,Indoor,Structural Framing
450,5.46,ginisapu,A,Indoor,Roofing Components
500,11.98,burutha,A,Semi,Door/window
256,27.94,ginisapu,C,Indoor,Roofing Components
696,6.3,teak,C,Semi,Door/window
927,15.87,kempas,B,Semi,Roofing Components
2000,7.03,microo,A,Indoor,Structural Framing
529,14.85,burutha,B,Semi,Structural Framing
519,10.4,pinewood,B,Indoor,Roofing Components
1682,10.11,kubuk,B,Outdoor,Structural Framing
820,11.87,mahoganii,B,Semi,Structural Framing
162,2.4,ginisapu,C,Indoor,Door/window
872,6.19,thulan,C,Indoor,Door/window
1276,29.79,kempas,B,Semi,Door/window
250,9.76,ginisapu,A,Indoor,Door/window
1257,22.56,thulan,B,Indoor,Door/window
161,21.56,mango,B,Indoor,Door/window
290,16.99,ginisapu,C,Indoor,Roofing Components
1200,28.98,teak,A,Semi,Door/window
2000,13.21,microo,A,Indoor,Structural Framing
1200,18.99,teak,A,Semi,Door/window
2000,2.89,microo,A,Indoor,Structural Framing
2149,4.2,kempas,B,Semi,Structural Framing
600,7.03,pinewood,A,Indoor,Roofing Components
849,4.56,mahoganii,B,Semi,Structural Framing
392,25.44,burutha,B,Semi,Door/window
1500,29.64,thulan,A,Indoor,Door/window
823,8.25,microo,B,Indoor,Door/window
812,28.4,jak,B,Semi,Structural Framing
2316,20.71,kempas,B,Semi,Structural Framing
464,18.27,pinewood,B,Indoor,Roofing Components
1500,4.09,kempas,A,Semi,Door/window
2397,18.88,kempas,B,Semi,Structural Framing
827,10.63,mahoganii,B,Semi,Structural Framing
1200,2.41,kempas,A,Semi,Roofing Components
1200,18.97,kempas,A,Semi,Roofing Components
1605,27.05,microo,B,Indoor,Structural Framing
986,23.79,kempas,B,Semi,Roofing Components
850,26.96,jak,A,Semi,Door/window
500,19.61,lunumidella,A,Indoor,Roofing Components
1500,24.12,kempas,A,Semi,Door/window
1200,21.71,kempas,A,Semi,Roofing Components
727,19.52,kempas,C,Semi,Roofing Components
931,12.57,teak,B,Semi,Door/window
2000,8.67,kubuk,A,Outdoor,Structural Framing
1000,15.56,microo,A,Indoor,Door/window
348,19.08,ginisapu,B,Indoor,Roofing Components
486,19.41,burutha,B,Semi,Structural Framing
500,18.01,lunumidella,A,Outdoor,Roofing Components
385,22.32,pinewood,C,Indoor,Roofing Components
450,15.67,ginisapu,A,Indoor,Roofing Components
1899,5.32,kempas,C,Semi,Structural Framing
1202,7.81,microo,C,Indoor,Structural Framing
605,14.26,mahoganii,B,Semi,Door/window
1184,20.17,kempas,B,Semi,Door/window
793,27.24,teak,C,Semi,Structural Framing
377,3.42,pinewood,C,Indoor,Roofing Components
391,21.65,ginisapu,B,Indoor,Roofing Components
1841,28.06,kempas,C,Semi,Structural Framing
1595,27.66,kempas,C,Semi,Structural Framing
348,7.84,burutha,C,Semi,Structural Framing
473,15.92,pinewood,B,Indoor,Roofing Components
1163,8.9,kubuk,C,Outdoor,Structural Framing
350,21.66,ginisapu,B,Indoor,Roofing Components
1006,6.76,kempas,C,Semi,Door/window
200,4.4,mango,A,Indoor,Door/window
1365,13.91,microo,C,Indoor,Structural Framing
220,26.69,mango,C,Indoor,Structural Framing
662,17.6,mahoganii,B,Semi,Door/window
600,25.44,pinewood,A,Indoor,Roofing Components
691,6.33,kempas,C,Semi,Roofing Components
512,18.53,burutha,B,Semi,Structural Framing
1791,19.64,thulan,C,Indoor,Structural Framing
600,9.17,pinewood,A,Indoor,Roofing Components
1200,21.81,kempas,A,Semi,Roofing Components
743,16.52,kempas,C,Semi,Roofing Components
500,29.47,lunumidella,A,Indoor,Roofing Components
1200,14.73,teak,A,Semi,Door/window
346,11.21,burutha,C,Semi,Structural Framing
279,27.19,ginisapu,C,Indoor,Roofing Components
387,2.86,ginisapu,B,Indoor,Roofing Components
352,18.3,ginisapu,B,Indoor,Roofing Components
151,1.74,ginisapu,C,Indoor,Door/window
2800,8.08,kempas,A,Semi,Structural Framing
1200,28.89,kempas,A,Semi,Roofing Components
450,2.84,ginisapu,A,Indoor,Roofing Components
1000,10.4,microo,A,Indoor,Door/window
358,18.13,ginisapu,B,Indoor,Roofing Components
355,14.74,mango,B,Indoor,Structural Framing
3000,27.6,thulan,A,Indoor,Structural Framing
1273,7.88,kempas,B,Semi,Door/window
343,17.13,burutha,C,Semi,Door/window
649,23.27,jak,B,Semi,Door/window
500,14.1,lunumidella,A,Semi,Roofing Components
1238,29.09,microo,C,Indoor,Structural Framing
314,14.31,burutha,C,Semi,Door/window
500,13.46,lunumidella,A,Semi,Roofing Components
988,20.03,teak,B,Semi,Structural Framing
276,15.91,burutha,C,Semi,Door/window
1705,13.77,thulan,C,Indoor,Structural Framing
836,18.66,jak,B,Semi,Structural Framing
962,21.42,teak,B,Semi,Door/window
1500,28.09,thulan,A,Indoor,Door/window
600,28.89,pinewood,A,Indoor,Roofing Components
234,11.47,mango,C,Indoor,Structural Framing
410,22.51,burutha,B,Semi,Door/window
600,13.06,pinewood,A,Indoor,Roofing Components
1758,7.37,kubuk,B,Outdoor,Structural Framing
600,4.57,pinewood,A,Indoor,Roofing Components
701,13.92,teak,C,Semi,Door/window
348,4.79,lunumidella,C,Outdoor,Roofing Components
247,12.14,ginisapu,C,Indoor,Roofing Components
652,24.53,jak,B,Semi,Door/window
1062,11.2,kempas,B,Semi,Roofing Components
813,14.68,kempas,C,Semi,Roofing Components
382,8.88,ginisapu,B,Indoor,Roofing Components
850,7.58,jak,A,Semi,Door/window
750,18.21,mahoganii,A,Semi,Door/window
587,14.17,jak,C,Semi,Door/window
611,16.51,mahoganii,B,Semi,Door/window
1751,23.91,kubuk,B,Outdoor,Structural Framing
380,25.57,burutha,B,Semi,Door/window
784,8.3,teak,C,Semi,Structural Framing
2800,5.09,kempas,A,Semi,Structural Framing
757,27.76,kempas,C,Semi,Roofing Components
411,14.03,burutha,B,Semi,Door/window
600,29.97,pinewood,A,Indoor,Roofing Components
200,11.19,mango,A,Indoor,Door/window
2313,17.67,kempas,B,Semi,Structural Framing
551,29.08,microo,C,Indoor,Door/window
673,25.31,teak,C,Semi,Structural Framing
756,9.8,jak,B,Semi,Door/window
815,9.2,kempas,C,Semi,Roofing Components
947,27.64,kempas,B,Semi,Roofing Components
783,12.4,kempas,C,Semi,Roofing Components
587,2.18,mahoganii,C,Semi,Structural Framing
300,9.9,lunumidella,C,Outdoor,Roofing Components
250,11.29,ginisapu,A,Indoor,Door/window
450,25.37,ginisapu,A,Indoor,Roofing Components
1255,18.16,kempas,B,Semi,Door/window
1295,17.43,kubuk,C,Outdoor,Structural Framing
450,14.17,ginisapu,A,Indoor,Roofing Components
668,18.27,teak,C,Semi,Structural Framing
822,28.43,teak,C,Semi,Structural Framing
3000,20.95,thulan,A,Indoor,Structural Framing
600,24.87,pinewood,A,Indoor,Roofing Components
369,1.46,pinewood,C,Indoor,Roofing Components
170,2.48,ginisapu,C,Indoor,Door/window
500,4.26,lunumidella,A,Semi,Roofing Components
147,9.33,ginisapu,C,Indoor,Door/window
758,29.19,kempas,C,Semi,Roofing Components
1000,9.95,microo,A,Indoor,Door/window
1500,9.44,kempas,A,Semi,Door/window
988,23.21,teak,B,Semi,Door/window
1843,5.59,kempas,C,Semi,Structural Framing
757,9.99,teak,C,Semi,Door/window
350,17.3,ginisapu,B,Indoor,Roofing Components
378,12.69,ginisapu,B,Indoor,Roofing Components
750,2.07,mahoganii,A,Semi,Door/window
250,4.46,ginisapu,A,Indoor,Door/window
2633,14.57,thulan,B,Indoor,Structural Framing
798,7.32,kempas,C,Semi,Roofing Components
340,18.39,pinewood,C,Indoor,Roofing Components
2000,24.03,microo,A,Indoor,Structural Framing
311,14.63,lunumidella,C,Semi,Roofing Components
546,17.07,jak,C,Semi,Door/window
456,24.59,pinewood,B,Indoor,Roofing Components
346,15.97,pinewood,C,Indoor,Roofing Components
299,3.66,ginisapu,C,Indoor,Roofing Components
317,17.51,burutha,C,Semi,Door/window
450,7.56,ginisapu,A,Indoor,Roofing Components
2393,12.08,thulan,B,Indoor,Structural Framing
1050,3.1,mahoganii,A,Semi,Structural Framing
500,10.18,burutha,A,Semi,Door/window
286,17.77,lunumidella,C,Outdoor,Roofing Components
979,22.99,kempas,B,Semi,Roofing Components
1200,19.12,teak,A,Semi,Door/window
3000,7.39,thulan,A,Indoor,Structural Framing
3000,19.43,thulan,A,Indoor,Structural Framing
114,5.27,mango,C,Indoor,Door/window
247,18.87,ginisapu,C,Indoor,Roofing Components
2105,22.71,kempas,B,Semi,Structural Framing
576,4.84,mahoganii,B,Semi,Door/window
753,27.53,teak,C,Semi,Structural Framing
1200,25.05,kempas,A,Semi,Roofing Components
1001,2.78,teak,B,Semi,Door/window
834,25.09,teak,C,Semi,Door/window
1143,18.45,microo,C,Indoor,Structural Framing
347,15.01,ginisapu,B,Indoor,Roofing Components
479,28.61,pinewood,B,Indoor,Roofing Components
275,7.35,ginisapu,C,Indoor,Roofing Components
1200,27.66,kempas,A,Semi,Roofing Components
2404,17.8,thulan,B,Indoor,Structural Framing
450,1.33,ginisapu,A,Indoor,Roofing Components
600,22.12,burutha,A,Semi,Structural Framing
500,2.74,mahoganii,C,Semi,Door/window
1200,17.1,teak,A,Semi,Structural Framing
795,9.61,mahoganii,B,Semi,Structural Framing
676,13.51,kempas,C,Semi,Roofing Components
267,24.41,ginisapu,C,Indoor,Roofing Components
632,2.49,mahoganii,B,Semi,Door/window
1529,28.03,kubuk,B,Outdoor,Structural Framing
1317,3.95,thulan,B,Indoor,Door/window
687,2.72,teak,C,Semi,Structural Framing
2468,10.42,thulan,B,Indoor,Structural Framing
500,17.56,lunumidella,A,Outdoor,Roofing Components
1500,9.07,thulan,A,Indoor,Door/window
426,26.94,burutha,B,Semi,Door/window
311,1.21,ginisapu,C,Indoor,Roofing Components
1167,18.09,kempas,B,Semi,Door/window
288,1.95,ginisapu,C,Indoor,Roofing Components
350,29.68,mango,B,Indoor,Structural Framing
460,23.28,pinewood,B,Indoor,Roofing Components
112,26.96,mango,C,Indoor,Door/window
500,24.16,lunumidella,A,Outdoor,Roofing Components
323,26.36,lunumidella,C,Semi,Roofing Components
1067,11.0,teak,B,Semi,Structural Framing
1371,22.75,kubuk,C,Outdoor,Structural Framing
923,26.84,teak,B,Semi,Structural Framing
349,24.1,lunumidella,C,Indoor,Roofing Components
400,3.25,mango,A,Indoor,Structural Framing
832,27.45,teak,C,Semi,Structural Framing
850,26.58,jak,A,Semi,Door/window
761,4.91,jak,B,Semi,Door/window
400,3.56,mango,A,Indoor,Structural Framing
2800,28.8,kempas,A,Semi,Structural Framing
1200,5.61,teak,A,Semi,Structural Framing
229,26.12,mango,C,Indoor,Structural Framing
601,26.26,mahoganii,B,Semi,Door/window
2076,6.69,thulan,C,Indoor,Structural Framing
707,24.64,jak,B,Semi,Door/window
1023,11.12,teak,B,Semi,Structural Framing
963,22.44,kempas,B,Semi,Roofing Components
500,13.88,burutha,A,Semi,Door/window
927,24.97,kempas,B,Semi,Roofing Components
1050,27.36,mahoganii,A,Semi,Structural Framing
879,24.15,microo,B,Indoor,Door/window
824,8.51,teak,C,Semi,Door/window
2800,23.08,kempas,A,Semi,Structural Framing
655,12.31,jak,B,Semi,Door/window
600,6.19,burutha,A,Semi,Structural Framing
137,17.45,mango,C,Indoor,Door/window
362,14.07,pinewood,C,Indoor,Roofing Components
623,23.6,jak,C,Semi,Structural Framing
666,7.79,jak,B,Semi,Door/window
949,19.3,teak,B,Semi,Door/window
755,3.9,jak,B,Semi,Door/window
248,25.04,ginisapu,C,Indoor,Roofing Components
654,7.93,jak,C,Semi,Structural Framing
500,3.15,burutha,A,Semi,Door/window
1500,2.83,kempas,A,Semi,Door/window
200,12.36,mango,A,Indoor,Door/window
1200,1.65,teak,A,Semi,Door/window
2000,7.1,microo,A,Indoor,Structural Framing
437,5.87,lunumidella,B,Outdoor,Roofing Components
1200,4.95,teak,A,Semi,Structural Framing
1500,22.19,thulan,A,Indoor,Door/window
344,4.24,lunumidella,C,Indoor,Roofing Components
3000,27.7,thulan,A,Indoor,Structural Framing
307,4.74,ginisapu,C,Indoor,Roofing Components
695,14.95,microo,C,Indoor,Door/window
447,29.16,lunumidella,B,Outdoor,Roofing Components
600,29.22,pinewood,A,Indoor,Roofing Components
500,19.06,burutha,A,Semi,Door/window
250,19.93,ginisapu,A,Indoor,Door/window
1200,10.36,teak,A,Semi,Structural Framing
604,3.49,mahoganii,B,Semi,Door/window
2800,2.36,kempas,A,Semi,Structural Framing
1214,20.94,kempas,B,Semi,Door/window
600,29.51,burutha,A,Semi,Structural Framing
270,10.37,mango,C,Indoor,Structural Framing
250,28.93,ginisapu,A,Indoor,Door/window
2263,2.47,thulan,B,Indoor,Structural Framing
1200,20.39,teak,A,Semi,Door/window
830,11.01,teak,C,Semi,Structural Framing
2000,28.72,kubuk,A,Outdoor,Structural Framing
816,26.51,teak,C,Semi,Door/window
1000,28.82,jak,A,Semi,Structural Framing
156,26.41,mango,B,Indoor,Door/window
277,15.88,lunumidella,C,Outdoor,Roofing Components
2394,16.97,thulan,B,Indoor,Structural Framing
1631,28.64,microo,B,Indoor,Structural Framing
935,9.95,teak,B,Semi,Structural Framing
1100,14.15,kubuk,C,Outdoor,Structural Framing
1200,12.87,teak,A,Semi,Door/window
1200,13.06,kempas,A,Semi,Roofing Components
609,6.32,microo,C,Indoor,Door/window
241,11.34,mango,C,Indoor,Structural Framing
1026,27.33,kempas,B,Semi,Roofing Components
586,15.71,mahoganii,B,Semi,Door/window
1676,7.71,microo,B,Indoor,Structural Framing
790,19.41,jak,B,Semi,Structural Framing
2800,3.39,kempas,A,Semi,Structural Framing
727,1.7,kempas,C,Semi,Roofing Components
674,24.39,microo,C,Indoor,Door/window
1171,10.93,kempas,B,Semi,Door/window
500,26.54,burutha,A,Semi,Door/window
344,14.55,mango,B,Indoor,Structural Framing
376,24.12,burutha,B,Semi,Door/window
1347,11.76,microo,C,Indoor,Structural Framing
1200,25.38,kempas,A,Semi,Roofing Components
385,26.92,pinewood,C,Indoor,Roofing Components
272,25.24,mango,C,Indoor,Structural Framing
276,18.51,lunumidella,C,Indoor,Roofing Components
826,1.98,mahoganii,B,Semi,Structural Framing
1216,7.62,kempas,B,Semi,Door/window
2000,28.97,kubuk,A,Outdoor,Structural Framing
1200,4.6,kempas,A,Semi,Roofing Components
1200,28.44,kempas,A,Semi,Roofing Components
1277,16.78,thulan,B,Indoor,Door/window
389,29.35,pinewood,C,Indoor,Roofing Components
665,20.13,kempas,C,Semi,Roofing Components
250,1.43,ginisapu,A,Indoor,Door/window
475,26.23,pinewood,B,Indoor,Roofing Components
1397,20.66,microo,C,Indoor,Structural Framing
450,25.83,ginisapu,A,Indoor,Roofing Components
188,14.44,ginisapu,B,Indoor,Door/window
1023,23.35,teak,B,Semi,Structural Framing
1747,12.31,kubuk,B,Outdoor,Structural Framing
850,26.51,jak,A,Semi,Door/window
500,22.54,lunumidella,A,Semi,Roofing Components
702,10.57,kempas,C,Semi,Roofing Components
989,25.4,teak,B,Semi,Door/window
819,6.88,mahoganii,B,Semi,Structural Framing
345,28.65,mango,B,Indoor,Structural Framing
1048,27.43,teak,B,Semi,Structural Framing
352,10.28,pinewood,C,Indoor,Roofing Components
413,12.47,lunumidella,B,Semi,Roofing Components
570,19.5,microo,C,Indoor,Door/window
191,6.3,ginisapu,B,Indoor,Door/window
850,15.8,jak,A,Semi,Door/window
521,1.27,mahoganii,C,Semi,Door/window
500,18.27,burutha,A,Semi,Door/window
447,8.37,lunumidella,B,Indoor,Roofing Components
429,10.81,lunumidella,B,Indoor,Roofing Components
1047,28.07,teak,B,Semi,Door/window
750,24.25,mahoganii,A,Semi,Door/window
467,28.85,burutha,B,Semi,Structural Framing
299,24.36,ginisapu,C,Indoor,Roofing Components
1542,25.22,kempas,C,Semi,Structural Framing
1200,9.43,teak,A,Semi,Structural Framing
382,5.41,ginisapu,B,Indoor,Roofing Components
2800,14.16,kempas,A,Semi,Structural Framing
736,14.61,teak,C,Semi,Structural Framing
1608,5.82,microo,B,Indoor,Structural Framing
500,9.21,lunumidella,A,Indoor,Roofing Components
1009,24.12,kempas,B,Semi,Roofing Components
748,29.71,teak,C,Semi,Door/window
1252,8.87,microo,C,Indoor,Structural Framing
2000,9.66,microo,A,Indoor,Structural Framing
773,9.08,teak,C,Semi,Structural Framing
1681,25.98,kempas,C,Semi,Structural Framing
3000,21.97,thulan,A,Indoor,Structural Framing
2800,26.04,kempas,A,Semi,Structural Framing
2000,6.47,microo,A,Indoor,Structural Framing
500,22.54,pinewood,B,Indoor,Roofing Components
824,23.47,kempas,C,Semi,Roofing Components
600,20.95,pinewood,A,Indoor,Roofing Components
680,18.74,mahoganii,C,Semi,Structural Framing
194,17.08,ginisapu,B,Indoor,Door/window
286,13.27,lunumidella,C,Semi,Roofing Components
664,23.66,microo,C,Indoor,Door/window
389,17.49,pinewood,C,Indoor,Roofing Components
831,2.57,kempas,C,Semi,Roofing Components
111,21.94,mango,C,Indoor,Door/window
278,26.89,lunumidella,C,Indoor,Roofing Components
566,21.63,microo,C,Indoor,Door/window
2000,20.71,kubuk,A,Outdoor,Structural Framing
357,25.31,pinewood,C,Indoor,Roofing Components
1000,16.58,microo,A,Indoor,Door/window
324,19.43,mango,B,Indoor,Structural Framing
1000,8.69,jak,A,Semi,Structural Framing
575,28.31,microo,C,Indoor,Door/window
640,25.95,jak,B,Semi,Door/window
2800,11.72,kempas,A,Semi,Structural Framing
450,23.61,ginisapu,A,Indoor,Roofing Components
536,7.25,burutha,B,Semi,Structural Framing
1180,2.31,microo,C,Indoor,Structural Framing
250,9.34,ginisapu,A,Indoor,Door/window
689,22.47,teak,C,Semi,Door/window
172,12.44,ginisapu,C,Indoor,Door/window
850,12.96,jak,A,Semi,Door/window
741,11.87,teak,C,Semi,Structural Framing
433,23.34,burutha,B,Semi,Door/window
272,29.4,ginisapu,C,Indoor,Roofing Components
250,4.02,ginisapu,A,Indoor,Door/window
908,10.52,teak,B,Semi,Door/window
1296,26.7,thulan,B,Indoor,Door/window
450,17.98,ginisapu,A,Indoor,Roofing Components
600,28.01,pinewood,A,Indoor,Roofing Components
1000,4.38,jak,A,Semi,Structural Framing
354,26.79,pinewood,C,Indoor,Roofing Components
986,1.4,kempas,B,Semi,Roofing Components
363,23.46,burutha,C,Semi,Structural Framing
1000,25.33,jak,A,Semi,Structural Framing
2800,5.18,kempas,A,Semi,Structural Framing
2800,21.5,kempas,A,Semi,Structural Framing
535,7.8,pinewood,B,Indoor,Roofing Components
774,12.11,microo,B,Indoor,Door/window
974,12.13,teak,B,Semi,Structural Framing
2095,9.44,thulan,C,Indoor,Structural Framing
2000,1.32,microo,A,Indoor,Structural Framing
428,21.33,lunumidella,B,Outdoor,Roofing Components
2000,6.07,kubuk,A,Outdoor,Structural Framing
748,16.77,kempas,C,Semi,Roofing Components
500,10.02,lunumidella,A,Semi,Roofing Components
304,26.49,lunumidella,C,Semi,Roofing Components
672,16.82,mahoganii,C,Semi,Structural Framing
750,14.08,mahoganii,A,Semi,Door/window
1057,10.42,teak,B,Semi,Structural Framing
1200,4.36,teak,A,Semi,Door/window
1587,11.89,kubuk,B,Outdoor,Structural Framing
615,24.15,jak,C,Semi,Structural Framing
850,3.5,jak,A,Semi,Door/window
594,26.85,jak,C,Semi,Structural Framing
417,3.84,lunumidella,B,Indoor,Roofing Components
880,4.15,thulan,C,Indoor,Door/window
600,8.98,pinewood,A,Indoor,Roofing Components
297,13.16,ginisapu,C,Indoor,Roofing Components
1706,9.81,thulan,C,Indoor,Structural Framing
651,5.8,jak,C,Semi,Structural Framing
459,22.56,pinewood,B,Indoor,Roofing Components
1000,12.3,microo,A,Indoor,Door/window
600,19.16,pinewood,A,Indoor,Roofing Components
450,23.73,ginisapu,A,Indoor,Roofing Components
371,12.87,pinewood,C,Indoor,Roofing Components
1374,2.89,kubuk,C,Outdoor,Structural Framing
488,16.28,pinewood,B,Indoor,Roofing Components
1000,12.26,microo,A,Indoor,Door/window
415,19.22,burutha,B,Semi,Door/window
666,4.91,teak,C,Semi,Structural Framing
388,6.45,pinewood,C,Indoor,Roofing Components
1500,27.19,kempas,A,Semi,Door/window
1030,27.33,kempas,B,Semi,Roofing Components
2000,24.69,microo,A,Indoor,Structural Framing
671,28.16,jak,B,Semi,Door/window
820,12.41,kempas,C,Semi,Roofing Components
816,14.61,microo,B,Indoor,Door/window
800,12.34,teak,C,Semi,Structural Framing
1200,15.7,teak,A,Semi,Structural Framing
821,7.24,microo,B,Indoor,Door/window
200,22.81,mango,A,Indoor,Door/window
2481,15.59,thulan,B,Indoor,Structural Framing
1231,26.07,thulan,B,Indoor,Door/window
1000,5.3,jak,A,Semi,Structural Framing
1200,20.98,teak,A,Semi,Door/window
450,14.92,burutha,B,Semi,Structural Framing
925,27.59,teak,B,Semi,Structural Framing
850,23.72,jak,A,Semi,Door/window
605,18.93,mahoganii,B,Semi,Door/window
535,28.58,jak,C,Semi,Door/window
298,10.51,ginisapu,C,Indoor,Roofing Components
1157,19.37,kubuk,C,Outdoor,Structural Framing
1500,25.34,thulan,A,Indoor,Door/window
721,27.8,kempas,C,Semi,Roofing Components
956,29.3,teak,B,Semi,Door/window
784,25.92,jak,B,Semi,Structural Framing
472,25.2,pinewood,B,Indoor,Roofing Components
469,11.72,mahoganii,C,Semi,Door/window
819,8.39,microo,B,Indoor,Door/window
2800,26.96,kempas,A,Semi,Structural Framing
600,9.03,burutha,A,Semi,Structural Framing
600,24.92,pinewood,A,Indoor,Roofing Components
850,18.95,jak,A,Semi,Door/window
511,11.88,pinewood,B,Indoor,Roofing Components
2800,8.71,kempas,A,Semi,Structural Framing
1014,12.73,thulan,C,Indoor,Door/window
500,4.62,burutha,A,Semi,Door/window
921,10.29,kempas,C,Semi,Door/window
1125,29.24,thulan,B,Indoor,Door/window
1622,26.28,microo,B,Indoor,Structural Framing
1168,23.09,kubuk,C,Outdoor,Structural Framing
302,10.8,ginisapu,C,Indoor,Roofing Components
600,24.46,pinewood,A,Indoor,Roofing Components
188,3.22,ginisapu,B,Indoor,Door/window
2610,23.72,thulan,B,Indoor,Structural Framing
2332,9.86,thulan,B,Indoor,Structural Framing
465,9.22,pinewood,B,Indoor,Roofing Components
796,23.47,mahoganii,B,Semi,Structural Framing
312,13.77,ginisapu,C,Indoor,Roofing Components
450,18.65,ginisapu,A,Indoor,Roofing Components
203,21.71,ginisapu,B,Indoor,Door/window
1000,1.28,jak,A,Semi,Structural Framing
600,11.29,pinewood,A,Indoor,Roofing Components
1751,15.61,microo,B,Indoor,Structural Framing
1275,4.53,microo,C,Indoor,Structural Framing
216,4.27,ginisapu,B,Indoor,Door/window
294,29.62,lunumidella,C,Outdoor,Roofing Components
125,25.93,mango,C,Indoor,Door/window
973,18.69,teak,B,Semi,Structural Framing
2000,23.82,kubuk,A,Outdoor,Structural Framing
1811,14.12,kempas,C,Semi,Structural Framing
394,5.96,burutha,B,Semi,Door/window
331,4.95,lunumidella,C,Semi,Roofing Components
1500,15.19,thulan,A,Indoor,Door/window
886,14.01,thulan,C,Indoor,Door/window
250,7.82,ginisapu,A,Indoor,Door/window
299,17.2,ginisapu,C,Indoor,Roofing Components
902,5.44,teak,B,Semi,Structural Framing
1000,7.56,microo,A,Indoor,Door/window
537,2.14,pinewood,B,Indoor,Roofing Components
1500,8.25,kempas,A,Semi,Door/window
473,18.87,burutha,B,Semi,Structural Framing
151,27.59,ginisapu,C,Indoor,Door/window
406,6.69,pinewood,C,Indoor,Roofing Components
464,7.88,burutha,B,Semi,Structural Framing
399,21.72,pinewood,C,Indoor,Roofing Components
1500,17.72,thulan,A,Indoor,Door/window
500,4.09,lunumidella,A,Indoor,Roofing Components
854,26.42,thulan,C,Indoor,Door/window
825,26.75,mahoganii,B,Semi,Structural Framing
2800,21.94,kempas,A,Semi,Structural Framing
495,19.38,pinewood,B,Indoor,Roofing Components
600,25.26,pinewood,A,Indoor,Roofing Components
906,8.38,kempas,B,Semi,Roofing Components
850,20.46,jak,A,Semi,Door/window
1223,6.98,thulan,B,Indoor,Door/window
391,28.12,pinewood,C,Indoor,Roofing Components
600,9.82,burutha,A,Semi,Structural Framing
2000,27.61,microo,A,Indoor,Structural Framing
1200,10.83,kempas,A,Semi,Roofing Components
250,11.97,ginisapu,A,Indoor,Door/window
688,22.03,jak,C,Semi,Structural Framing
377,25.4,pinewood,C,Indoor,Roofing Components
1500,14.73,kempas,A,Semi,Door/window
2000,6.38,kubuk,A,Outdoor,Structural Framing
916,5.61,teak,B,Semi,Structural Framing
364,21.8,ginisapu,B,Indoor,Roofing Components
1200,6.21,kempas,A,Semi,Roofing Components
669,2.69,mahoganii,B,Semi,Door/window
750,10.37,mahoganii,A,Semi,Door/window
450,20.99,ginisapu,A,Indoor,Roofing Components
500,21.17,burutha,A,Semi,Door/window
581,24.02,mahoganii,B,Semi,Door/window
984,11.42,kempas,B,Semi,Roofing Components
1200,2.83,kempas,A,Semi,Roofing Components
858,13.76,microo,B,Indoor,Door/window
850,22.52,jak,A,Semi,Door/window
751,10.95,kempas,C,Semi,Roofing Components
252,16.26,mango,C,Indoor,Structural Framing
398,5.92,lunumidella,B,Outdoor,Roofing Components
616,3.65,mahoganii,C,Semi,Structural Framing
751,23.67,kempas,C,Semi,Roofing Components
1050,29.58,mahoganii,A,Semi,Structural Framing
1143,5.72,thulan,B,Indoor,Door/window
386,2.45,ginisapu,B,Indoor,Roofing Components
450,14.76,ginisapu,A,Indoor,Roofing Components
414,22.66,pinewood,C,Indoor,Roofing Components
154,12.41,ginisapu,C,Indoor,Door/window
362,14.05,ginisapu,B,Indoor,Roofing Components
1037,20.44,kempas,B,Semi,Roofing Components
764,27.66,jak,B,Semi,Door/window
110,28.66,mango,C,Indoor,Door/window
500,20.49,lunumidella,A,Semi,Roofing Components
1234,23.13,kempas,B,Semi,Door/window
716,2.3,kempas,C,Semi,Roofing Components
655,28.05,microo,C,Indoor,Door/window
1651,11.2,kempas,C,Semi,Structural Framing
3000,13.05,thulan,A,Indoor,Structural Framing
511,21.62,jak,C,Semi,Door/window
625,17.23,jak,C,Semi,Structural Framing
160,9.6,mango,B,Indoor,Door/window
335,13.74,burutha,C,Semi,Structural Framing
383,8.63,ginisapu,B,Indoor,Roofing Components
574,10.47,jak,C,Semi,Door/window
600,9.39,pinewood,A,Indoor,Roofing Components
515,4.87,jak,C,Semi,Door/window
172,4.71,ginisapu,C,Indoor,Door/window
2000,18.07,kubuk,A,Outdoor,Structural Framing
454,25.86,pinewood,B,Indoor,Roofing Components
2464,22.42,kempas,B,Semi,Structural Framing
112,18.88,mango,C,Indoor,Door/window
284,21.56,burutha,C,Semi,Door/window
300,23.79,burutha,C,Semi,Door/window
750,3.5,mahoganii,A,Semi,Door/window
450,3.25,ginisapu,A,Indoor,Roofing Components
450,11.46,pinewood,B,Indoor,Roofing Components
600,26.78,pinewood,A,Indoor,Roofing Components
2800,2.8,kempas,A,Semi,Structural Framing
2000,6.4,microo,A,Indoor,Structural Framing
1007,15.66,kempas,B,Semi,Roofing Components
1963,5.78,thulan,C,Indoor,Structural Framing
938,23.2,teak,B,Semi,Structural Framing
500,22.96,lunumidella,A,Indoor,Roofing Components
812,26.99,jak,B,Semi,Structural Framing
2800,9.59,kempas,A,Semi,Structural Framing
396,14.06,lunumidella,B,Indoor,Roofing Components
2466,1.46,kempas,B,Semi,Structural Framing
386,1.18,lunumidella,B,Semi,Roofing Components
557,12.93,microo,C,Indoor,Door/window
798,16.53,kempas,C,Semi,Roofing Components
972,26.49,thulan,C,Indoor,Door/window
988,16.45,teak,B,Semi,Structural Framing
985,18.64,teak,B,Semi,Door/window
1200,26.73,kempas,A,Semi,Roofing Components
174,26.29,mango,B,Indoor,Door/window
3000,11.19,thulan,A,Indoor,Structural Framing
277,29.63,lunumidella,C,Outdoor,Roofing Components
1500,29.36,thulan,A,Indoor,Door/window
483,6.84,jak,C,Semi,Door/window
452,25.12,pinewood,B,Indoor,Roofing Components
298,12.82,lunumidella,C,Indoor,Roofing Components
2000,19.95,kubuk,A,Outdoor,Structural Framing
1200,17.26,kempas,A,Semi,Roofing Components
536,11.85,burutha,B,Semi,Structural Framing
1076,27.43,teak,B,Semi,Structural Framing
316,4.75,burutha,C,Semi,Door/window
450,18.96,ginisapu,A,Indoor,Roofing Components
878,13.59,thulan,C,Indoor,Door/window
1311,2.27,thulan,B,Indoor,Door/window
533,8.38,jak,C,Semi,Door/window
500,27.55,burutha,A,Semi,Door/window
600,2.3,burutha,A,Semi,Structural Framing
1200,20.95,teak,A,Semi,Structural Framing
450,25.7,ginisapu,A,Indoor,Roofing Components
917,10.16,kempas,B,Semi,Roofing Components
500,11.63,lunumidella,A,Outdoor,Roofing Components
267,9.41,ginisapu,C,Indoor,Roofing Components
278,16.97,lunumidella,C,Outdoor,Roofing Components
600,19.64,burutha,A,Semi,Structural Framing
411,10.29,lunumidella,B,Semi,Roofing Components
380,26.12,ginisapu,B,Indoor,Roofing Components
386,26.19,lunumidella,B,Outdoor,Roofing Components
2000,26.5,microo,A,Indoor,Structural Framing
600,4.25,pinewood,A,Indoor,Roofing Components
501,20.59,burutha,B,Semi,Structural Framing
473,8.49,jak,C,Semi,Door/window
2000,5.36,kubuk,A,Outdoor,Structural Framing
2000,29.12,kubuk,A,Outdoor,Structural Framing
519,17.23,pinewood,B,Indoor,Roofing Components
2000,14.52,microo,A,Indoor,Structural Framing
250,24.93,ginisapu,A,Indoor,Door/window
797,1.06,microo,B,Indoor,Door/window
723,6.79,mahoganii,C,Semi,Structural Framing
2000,27.34,kubuk,A,Outdoor,Structural Framing
197,9.6,ginisapu,B,Indoor,Door/window
370,2.34,pinewood,C,Indoor,Roofing Components
850,10.07,jak,A,Semi,Door/window
2575,2.13,thulan,B,Indoor,Structural Framing
1000,8.05,microo,A,Indoor,Door/window
413,10.33,lunumidella,B,Semi,Roofing Components
542,9.16,jak,C,Semi,Door/window
2000,12.27,kubuk,A,Outdoor,Structural Framing
507,18.78,pinewood,B,Indoor,Roofing Components
1049,11.77,kempas,C,Semi,Door/window
1200,6.17,kempas,A,Semi,Roofing Components
167,22.65,ginisapu,C,Indoor,Door/window
1050,12.57,mahoganii,A,Semi,Structural Framing
2483,3.72,kempas,B,Semi,Structural Framing
1200,7.17,kempas,A,Semi,Roofing Components
752,18.11,kempas,C,Semi,Roofing Components
1032,9.5,teak,B,Semi,Door/window
1200,4.66,kempas,A,Semi,Roofing Components
1265,15.31,thulan,B,Indoor,Door/window
250,5.98,ginisapu,A,Indoor,Door/window
1233,16.62,microo,C,Indoor,Structural Framing
1500,6.79,kempas,A,Semi,Door/window
967,15.8,kempas,B,Semi,Roofing Components
400,26.3,mango,A,Indoor,Structural Framing
500,1.39,lunumidella,A,Indoor,Roofing Components
706,7.94,mahoganii,C,Semi,Structural Framing
278,14.07,mango,C,Indoor,Structural Framing
500,11.33,lunumidella,A,Semi,Roofing Components
795,6.31,jak,B,Semi,Structural Framing
775,3.48,teak,C,Semi,Door/window
148,27.69,ginisapu,C,Indoor,Door/window
2000,11.81,microo,A,Indoor,Structural Framing
1000,1.79,jak,A,Semi,Structural Framing
1890,14.9,kempas,C,Semi,Structural Framing
1263,9.41,kempas,B,Semi,Door/window
731,13.33,mahoganii,C,Semi,Structural Framing
1200,21.23,kempas,A,Semi,Roofing Components
535,29.38,jak,C,Semi,Door/window
2000,29.04,microo,A,Indoor,Structural Framing
1000,16.48,microo,A,Indoor,Door/window
341,4.7,pinewood,C,Indoor,Roofing Components
417,21.08,lunumidella,B,Outdoor,Roofing Components
119,2.36,mango,C,Indoor,Door/window
2409,20.49,thulan,B,Indoor,Structural Framing
3000,14.68,thulan,A,Indoor,Structural Framing
701,12.58,teak,C,Semi,Structural Framing
601,1.84,mahoganii,B,Semi,Door/window
344,26.63,pinewood,C,Indoor,Roofing Components
610,12.54,mahoganii,C,Semi,Structural Framing
1000,25.44,jak,A,Semi,Structural Framing
2522,9.79,thulan,B,Indoor,Structural Framing
200,5.3,mango,A,Indoor,Door/window
740,9.23,teak,C,Semi,Door/window
441,12.86,burutha,B,Semi,Door/window
550,11.97,jak,C,Semi,Door/window
1000,5.77,jak,A,Semi,Structural Framing
966,12.6,thulan,C,Indoor,Door/window
341,28.46,lunumidella,C,Outdoor,Roofing Components
3000,11.22,thulan,A,Indoor,Structural Framing
344,23.71,ginisapu,B,Indoor,Roofing Components
450,25.78,ginisapu,A,Indoor,Roofing Components
200,5.97,mango,A,Indoor,Door/window
699,19.87,teak,C,Semi,Door/window
171,3.82,mango,B,Indoor,Door/window
1200,11.26,teak,A,Semi,Door/window
471,10.4,pinewood,B,Indoor,Roofing Components
1291,7.9,microo,C,Indoor,Structural Framing
345,10.44,lunumidella,C,Outdoor,Roofing Components
511,4.89,jak,C,Semi,Door/window
902,10.52,kempas,C,Semi,Door/window
837,15.21,microo,B,Indoor,Door/window
600,17.84,burutha,A,Semi,Structural Framing
1193,22.76,thulan,B,Indoor,Door/window
344,13.37,pinewood,C,Indoor,Roofing Components
593,1.15,jak,C,Semi,Structural Framing
1000,29.01,kempas,B,Semi,Roofing Components
434,20.59,lunumidella,B,Semi,Roofing Components
342,26.64,ginisapu,B,Indoor,Roofing Components
508,22.11,mahoganii,C,Semi,Door/window
486,7.32,jak,C,Semi,Door/window
576,7.36,microo,C,Indoor,Door/window
222,21.05,ginisapu,B,Indoor,Door/window
500,12.53,lunumidella,A,Semi,Roofing Components
1200,22.69,kempas,A,Semi,Roofing Components
405,2.98,lunumidella,B,Indoor,Roofing Components
2800,5.82,kempas,A,Semi,Structural Framing
338,1.37,lunumidella,C,Semi,Roofing Components
416,2.62,lunumidella,B,Outdoor,Roofing Components
347,12.73,pinewood,C,Indoor,Roofing Components
600,13.27,burutha,A,Semi,Structural Framing
584,23.63,mahoganii,B,Semi,Door/window
247,28.16,mango,C,Indoor,Structural Framing
455,9.19,pinewood,B,Indoor,Roofing Components
290,25.11,lunumidella,C,Outdoor,Roofing Components
2000,19.83,microo,A,Indoor,Structural Framing
1500,16.51,kempas,A,Semi,Door/window
296,8.44,ginisapu,C,Indoor,Roofing Components
2000,23.07,kubuk,A,Outdoor,Structural Framing
577,7.92,mahoganii,B,Semi,Door/window
1115,18.24,kubuk,C,Outdoor,Structural Framing
1079,20.12,kempas,B,Semi,Roofing Components
896,13.39,thulan,C,Indoor,Door/window
1200,1.74,teak,A,Semi,Structural Framing
488,25.54,mahoganii,C,Semi,Door/window
1061,27.86,kempas,B,Semi,Roofing Components
1723,27.21,microo,B,Indoor,Structural Framing
1500,10.62,kempas,A,Semi,Door/window
584,20.35,mahoganii,C,Semi,Structural Framing
489,11.42,pinewood,B,Indoor,Roofing Components
200,18.36,mango,A,Indoor,Door/window
525,11.73,pinewood,B,Indoor,Roofing Components
392,13.3,burutha,C,Semi,Structural Framing
600,8.64,pinewood,A,Indoor,Roofing Components
879,3.0,mahoganii,B,Semi,Structural Framing
836,14.48,kempas,C,Semi,Roofing Components
450,17.79,ginisapu,A,Indoor,Roofing Components
302,24.72,ginisapu,C,Indoor,Roofing Components
320,3.17,lunumidella,C,Indoor,Roofing Components
685,11.05,kempas,C,Semi,Roofing Components
330,11.88,lunumidella,C,Indoor,Roofing Components
343,10.89,lunumidella,C,Indoor,Roofing Components
1200,20.88,kempas,A,Semi,Roofing Components
1741,7.52,kubuk,B,Outdoor,Structural Framing
687,14.92,kempas,C,Semi,Roofing Components
947,16.26,kempas,B,Semi,Roofing Components
1731,28.31,thulan,C,Indoor,Structural Framing
1500,12.01,thulan,A,Indoor,Door/window
792,15.02,mahoganii,B,Semi,Structural Framing
450,27.11,ginisapu,A,Indoor,Roofing Components
2032,1.56,thulan,C,Indoor,Structural Framing
1029,18.93,kempas,B,Semi,Roofing Components
1200,5.15,kempas,A,Semi,Roofing Components
118,18.85,mango,C,Indoor,Door/window
1200,23.09,kempas,A,Semi,Roofing Components
450,12.3,ginisapu,A,Indoor,Roofing Components
450,22.5,ginisapu,A,Indoor,Roofing Components
1726,19.02,thulan,C,Indoor,Structural Framing
707,26.88,kempas,C,Semi,Roofing Components
385,27.82,lunumidella,B,Outdoor,Roofing Components
250,19.37,ginisapu,A,Indoor,Door/window
1179,10.47,kempas,B,Semi,Door/window
654,7.14,jak,B,Semi,Door/window
880,12.14,jak,B,Semi,Structural Framing
395,6.67,ginisapu,B,Indoor,Roofing Components
1180,2.04,kubuk,C,Outdoor,Structural Framing
3000,20.51,thulan,A,Indoor,Structural Framing
600,5.71,pinewood,A,Indoor,Roofing Components
284,1.58,ginisapu,C,Indoor,Roofing Components
930,26.41,kempas,B,Semi,Roofing Components
671,4.58,kempas,C,Semi,Roofing Components
935,13.35,kempas,B,Semi,Roofing Components
2359,16.94,thulan,B,Indoor,Structural Framing
256,9.26,ginisapu,C,Indoor,Roofing Components
750,3.49,mahoganii,A,Semi,Door/window
200,17.62,mango,A,Indoor,Door/window
400,17.02,mango,A,Indoor,Structural Framing
903,9.46,kempas,B,Semi,Roofing Components
1000,22.6,microo,A,Indoor,Door/window
162,4.86,mango,B,Indoor,Door/window
850,6.79,jak,A,Semi,Door/window
1181,8.08,kempas,B,Semi,Door/window
726,7.3,kempas,C,Semi,Roofing Components
357,17.23,pinewood,C,Indoor,Roofing Components
3000,29.88,thulan,A,Indoor,Structural Framing
381,10.83,ginisapu,B,Indoor,Roofing Components
492,4.82,pinewood,B,Indoor,Roofing Components
443,6.41,lunumidella,B,Indoor,Roofing Components
450,25.95,ginisapu,A,Indoor,Roofing Components
519,8.94,burutha,B,Semi,Structural Framing
850,3.29,jak,A,Semi,Door/window
832,3.91,teak,C,Semi,Door/window
1227,26.65,microo,C,Indoor,Structural Framing
3000,12.14,thulan,A,Indoor,Structural Framing
500,2.87,lunumidella,A,Indoor,Roofing Components
450,25.02,ginisapu,A,Indoor,Roofing Components
161,15.49,ginisapu,C,Indoor,Door/window
1582,14.25,kempas,C,Semi,Structural Framing
412,5.16,pinewood,C,Indoor,Roofing Components
500,29.32,lunumidella,A,Semi,Roofing Components
1200,2.6,kempas,A,Semi,Roofing Components
536,25.92,pinewood,B,Indoor,Roofing Components
723,23.87,jak,B,Semi,Door/window
500,6.71,lunumidella,A,Semi,Roofing Components
1532,1.75,microo,B,Indoor,Structural Framing
1200,4.35,kempas,A,Semi,Roofing Components
1000,7.16,jak,A,Semi,Structural Framing
223,28.3,ginisapu,B,Indoor,Door/window
333,14.3,burutha,C,Semi,Structural Framing
306,28.79,burutha,C,Semi,Door/window
421,11.62,burutha,B,Semi,Door/window
515,9.44,pinewood,B,Indoor,Roofing Components
450,23.82,ginisapu,A,Indoor,Roofing Components
2222,6.86,kempas,B,Semi,Structural Framing
594,10.93,jak,C,Semi,Door/window
963,26.82,teak,B,Semi,Structural Framing
1200,7.59,kempas,A,Semi,Roofing Components
868,6.5,microo,B,Indoor,Door/window
147,12.73,ginisapu,C,Indoor,Door/window
337,23.81,mango,B,Indoor,Structural Framing
328,21.87,burutha,C,Semi,Door/window
330,19.77,burutha,C,Semi,Door/window
1281,9.06,thulan,B,Indoor,Door/window
412,1.38,burutha,B,Semi,Door/window
438,6.96,burutha,B,Semi,Door/window
500,29.83,lunumidella,A,Indoor,Roofing Components
1341,7.09,kubuk,C,Outdoor,Structural Framing
151,23.74,ginisapu,C,Indoor,Door/window
1500,4.48,thulan,A,Indoor,Door/window
466,3.33,pinewood,B,Indoor,Roofing Components
278,15.04,lunumidella,C,Outdoor,Roofing Components
524,19.26,pinewood,B,Indoor,Roofing Components
600,20.85,pinewood,A,Indoor,Roofing Components
122,2.52,mango,C,Indoor,Door/window
934,20.48,thulan,C,Indoor,Door/window
173,8.47,ginisapu,C,Indoor,Door/window
400,27.58,mango,A,Indoor,Structural Framing
450,26.26,ginisapu,A,Indoor,Roofing Components
1536,28.59,kubuk,B,Outdoor,Structural Framing
250,19.81,ginisapu,A,Indoor,Door/window
529,1.66,pinewood,B,Indoor,Roofing Components
500,22.36,burutha,A,Semi,Door/window
168,12.98,ginisapu,C,Indoor,Door/window
693,21.56,kempas,C,Semi,Roofing Components
752,28.26,teak,C,Semi,Structural Framing
2000,28.62,kubuk,A,Outdoor,Structural Framing
1391,28.05,microo,C,Indoor,Structural Framing
527,3.79,jak,C,Semi,Door/window
1181,13.95,microo,C,Indoor,Structural Framing
2000,9.44,microo,A,Indoor,Structural Framing
250,26.36,ginisapu,A,Indoor,Door/window
2000,29.48,microo,A,Indoor,Structural Framing
1720,2.88,kubuk,B,Outdoor,Structural Framing
889,13.58,thulan,C,Indoor,Door/window
450,18.96,ginisapu,A,Indoor,Roofing Components
418,16.55,lunumidella,B,Semi,Roofing Components
400,8.9,mango,A,Indoor,Structural Framing
256,9.51,ginisapu,C,Indoor,Roofing Components
2000,23.77,kubuk,A,Outdoor,Structural Framing
1050,24.06,mahoganii,A,Semi,Structural Framing
2653,11.87,thulan,B,Indoor,Structural Framing
1682,4.7,microo,B,Indoor,Structural Framing
1200,25.81,kempas,A,Semi,Roofing Components
354,29.33,ginisapu,B,Indoor,Roofing Components
532,14.2,burutha,B,Semi,Structural Framing
1260,1.73,kubuk,C,Outdoor,Structural Framing
1200,28.64,kempas,A,Semi,Roofing Components
1259,19.54,kempas,B,Semi,Door/window
280,21.36,ginisapu,C,Indoor,Roofing Components
396,25.83,burutha,B,Semi,Door/window
668,26.59,microo,C,Indoor,Door/window
1500,2.7,thulan,A,Indoor,Door/window
800,19.44,kempas,C,Semi,Roofing Components
645,29.96,mahoganii,C,Semi,Structural Framing
1215,26.92,thulan,B,Indoor,Door/window
3000,12.01,thulan,A,Indoor,Structural Framing
2000,8.24,microo,A,Indoor,Structural Framing
1500,22.48,thulan,A,Indoor,Door/window
826,10.56,jak,B,Semi,Structural Framing
170,17.27,ginisapu,C,Indoor,Door/window
756,3.34,jak,B,Semi,Structural Framing
1043,16.24,teak,B,Semi,Structural Framing
600,19.65,pinewood,A,Indoor,Roofing Components
2305,5.52,kempas,B,Semi,Structural Framing
407,7.35,lunumidella,B,Indoor,Roofing Components
2000,17.56,microo,A,Indoor,Structural Framing
2000,25.87,microo,A,Indoor,Structural Framing
396,15.04,pinewood,C,Indoor,Roofing Components
600,22.02,pinewood,A,Indoor,Roofing Components
958,13.06,kempas,C,Semi,Door/window
750,15.98,mahoganii,A,Semi,Door/window
355,7.85,burutha,C,Semi,Structural Framing
1379,29.64,microo,C,Indoor,Structural Framing
927,8.83,thulan,C,Indoor,Door/window
1500,21.34,thulan,A,Indoor,Door/window
3000,9.56,thulan,A,Indoor,Structural Framing
1137,13.69,thulan,B,Indoor,Door/window
750,11.58,mahoganii,A,Semi,Door/window
1352,24.23,microo,C,Indoor,Structural Framing
347,5.24,burutha,C,Semi,Structural Framing
500,11.48,pinewood,B,Indoor,Roofing Components
522,12.17,pinewood,B,Indoor,Roofing Components
500,11.83,lunumidella,A,Semi,Roofing Components
250,2.37,ginisapu,A,Indoor,Door/window
809,14.43,mahoganii,B,Semi,Structural Framing
856,23.93,microo,B,Indoor,Door/window
1076,5.63,teak,B,Semi,Door/window
1367,15.81,kubuk,C,Outdoor,Structural Framing
970,14.1,teak,B,Semi,Door/window
400,18.76,mango,A,Indoor,Structural Framing
600,25.39,pinewood,A,Indoor,Roofing Components
1204,8.25,kempas,B,Semi,Door/window
363,9.07,pinewood,C,Indoor,Roofing Components
2000,26.53,microo,A,Indoor,Structural Framing
1069,7.42,kempas,B,Semi,Roofing Components
450,19.1,ginisapu,A,Indoor,Roofing Components
200,17.39,ginisapu,B,Indoor,Door/window
1290,8.67,kubuk,C,Outdoor,Structural Framing
400,26.48,mango,A,Indoor,Structural Framing
500,12.18,lunumidella,A,Indoor,Roofing Components
512,6.14,pinewood,B,Indoor,Roofing Components
215,12.7,ginisapu,B,Indoor,Door/window
600,26.52,pinewood,A,Indoor,Roofing Components
1120,2.93,microo,C,Indoor,Structural Framing
997,27.13,teak,B,Semi,Door/window
411,8.43,lunumidella,B,Semi,Roofing Components
850,5.39,jak,A,Semi,Door/window
1200,28.72,kempas,A,Semi,Roofing Components
1038,20.03,kempas,B,Semi,Roofing Components
836,25.71,microo,B,Indoor,Door/window
600,12.31,pinewood,A,Indoor,Roofing Components
159,14.99,mango,B,Indoor,Door/window
371,3.51,ginisapu,B,Indoor,Roofing Components
637,22.26,microo,C,Indoor,Door/window
1200,1.91,teak,A,Semi,Door/window
450,9.7,ginisapu,A,Indoor,Roofing Components
2435,2.52,kempas,B,Semi,Structural Framing
871,13.25,thulan,C,Indoor,Door/window
1157,6.75,kubuk,C,Outdoor,Structural Framing
664,25.38,kempas,C,Semi,Roofing Components
2800,17.01,kempas,A,Semi,Structural Framing
383,20.79,ginisapu,B,Indoor,Roofing Components
450,21.15,ginisapu,A,Indoor,Roofing Components
2000,4.03,kubuk,A,Outdoor,Structural Framing
227,6.64,mango,C,Indoor,Structural Framing
1018,11.28,teak,B,Semi,Structural Framing
403,19.48,burutha,B,Semi,Door/window
605,28.41,jak,C,Semi,Structural Framing
1000,11.82,jak,A,Semi,Structural Framing
1766,24.25,thulan,C,Indoor,Structural Framing
164,5.22,mango,B,Indoor,Door/window
1953,10.86,kempas,C,Semi,Structural Framing
1199,2.08,microo,C,Indoor,Structural Framing
861,27.91,mahoganii,B,Semi,Structural Framing
378,29.02,ginisapu,B,Indoor,Roofing Components
750,11.14,jak,B,Semi,Door/window
440,14.46,lunumidella,B,Indoor,Roofing Components
882,18.21,kempas,C,Semi,Door/window
500,26.18,burutha,A,Semi,Door/window
1048,12.37,kempas,C,Semi,Door/window
1200,9.42,kempas,A,Semi,Roofing Components
972,16.16,kempas,C,Semi,Door/window
1000,24.4,jak,A,Semi,Structural Framing
1200,20.61,teak,A,Semi,Structural Framing
600,29.36,pinewood,A,Indoor,Roofing Components
486,29.11,jak,C,Semi,Door/window
850,1.24,jak,A,Semi,Door/window
300,22.48,lunumidella,C,Semi,Roofing Components
819,25.88,kempas,C,Semi,Roofing Components
850,17.08,jak,A,Semi,Door/window
287,2.28,ginisapu,C,Indoor,Roofing Components
1000,11.36,jak,A,Semi,Structural Framing
600,2.48,pinewood,A,Indoor,Roofing Components
875,17.73,jak,B,Semi,Structural Framing
1500,21.38,thulan,A,Indoor,Door/window
500,14.56,lunumidella,A,Semi,Roofing Components
1295,22.21,thulan,B,Indoor,Door/window
1635,25.71,microo,B,Indoor,Structural Framing
500,4.06,lunumidella,A,Indoor,Roofing Components
606,21.23,microo,C,Indoor,Door/window
224,16.69,ginisapu,B,Indoor,Door/window
368,23.66,pinewood,C,Indoor,Roofing Components
1200,11.04,kempas,A,Semi,Roofing Components
333,14.43,burutha,C,Semi,Door/window
1200,28.46,teak,A,Semi,Door/window
351,18.17,pinewood,C,Indoor,Roofing Components
951,17.4,teak,B,Semi,Door/window
1628,23.61,kubuk,B,Outdoor,Structural Framing
2000,25.01,kubuk,A,Outdoor,Structural Framing
680,15.25,microo,C,Indoor,Door/window
1052,21.3,teak,B,Semi,Structural Framing
388,13.97,ginisapu,B,Indoor,Roofing Components
906,21.61,mahoganii,B,Semi,Structural Framing
359,19.93,mango,B,Indoor,Structural Framing
1200,20.64,teak,A,Semi,Door/window
406,15.33,burutha,C,Semi,Structural Framing
450,12.56,ginisapu,A,Indoor,Roofing Components
588,25.71,jak,C,Semi,Structural Framing
3000,22.65,thulan,A,Indoor,Structural Framing
359,7.7,ginisapu,B,Indoor,Roofing Components
356,7.57,mango,B,Indoor,Structural Framing
2000,8.22,kubuk,A,Outdoor,Structural Framing
1200,20.76,teak,A,Semi,Structural Framing
661,2.34,mahoganii,C,Semi,Structural Framing
854,17.9,jak,B,Semi,Structural Framing
850,10.27,jak,A,Semi,Door/window
188,4.8,ginisapu,B,Indoor,Door/window
1500,28.14,thulan,A,Indoor,Door/window
600,2.16,pinewood,A,Indoor,Roofing Components
651,2.86,jak,B,Semi,Door/window
272,18.07,ginisapu,C,Indoor,Roofing Components
450,19.88,ginisapu,A,Indoor,Roofing Components
1982,20.17,thulan,C,Indoor,Structural Framing
343,10.42,lunumidella,C,Outdoor,Roofing Components
285,14.66,ginisapu,C,Indoor,Roofing Components
281,10.1,lunumidella,C,Outdoor,Roofing Components
