{
  "vehicles_needed": {
    "mae": 0.2167530357331477,
    "mse": 0.0637578815051108,
    "r2": -0.0979132014177777
  },
  "fuel_liters": {
    "mae": 134.37059894796332,
    "mse": 26444.76803535998,
    "r2": 0.03262113054052329
  },
  "estimated_hours": {
    "mae": 74.6518701802809,
    "mse": 7998.081449548243,
    "r2": -0.011673371609451033
  },
  "estimated_cost": {
    "mae": 47733.23903359504,
    "mse": 3029956440.1062117,
    "r2": -0.07597579624828232
  }
}