{
  "vehicles_needed": {
    "mae": 0.20468480023508387,
    "mse": 0.05549191290914847,
    "r2": -0.07854924113674322
  },
  "fuel_liters": {
    "mae": 162.07922865102648,
    "mse": 35697.174523068024,
    "r2": -0.14335671765823488
  },
  "estimated_hours": {
    "mae": 71.86763715937829,
    "mse": 7240.7914176521535,
    "r2": 0.08605144271006437
  },
  "estimated_cost": {
    "mae": 47064.6846334944,
    "mse": 2844074112.5851493,
    "r2": 0.07103769110776281
  }
}