{
  "fuel_liters": {
    "mae": 2.36731,
    "mse": 8.798082683600002,
    "r2": 0.9906672500815286
  },
  "labor_hours": {
    "mae": 18.127581999999997,
    "mse": 620.8106188811997,
    "r2": 0.9848465225033417
  },
  "total_cost": {
    "mae": 5968.8344,
    "mse": 71594481.95740002,
    "r2": 0.9941448461491303
  },
  "vehicle_count": {
    "mae": 0.0323,
    "mse": 0.014546000000000002,
    "r2": 0.9408157867968671
  }
}